ISO-10303-21;
HEADER;
FILE_DESCRIPTION(('KiCad electronic assembly'),'2;1');
FILE_NAME('pcb_board_body.step','2026-09-30T06:55:55',('Pcbnew'),(
    'Kicad'),'Open CASCADE STEP processor 7.9','KiCad to STEP converter'
  ,'Unknown');
FILE_SCHEMA(('AUTOMOTIVE_DESIGN { 1 0 10303 214 1 1 1 1 }'));
ENDSEC;
DATA;
#1 = APPLICATION_PROTOCOL_DEFINITION('international standard',
  'automotive_design',2000,#2);
#2 = APPLICATION_CONTEXT(
  'core data for automotive mechanical design processes');
#3 = SHAPE_DEFINITION_REPRESENTATION(#4,#10);
#4 = PRODUCT_DEFINITION_SHAPE('','',#5);
#5 = PRODUCT_DEFINITION('design','',#6,#9);
#6 = PRODUCT_DEFINITION_FORMATION('','',#7);
#7 = PRODUCT('pcb_board_body 1','pcb_board_body 1','',(#8));
#8 = PRODUCT_CONTEXT('',#2,'mechanical');
#9 = PRODUCT_DEFINITION_CONTEXT('part definition',#2,'design');
#10 = SHAPE_REPRESENTATION('',(#11,#15),#19);
#11 = AXIS2_PLACEMENT_3D('',#12,#13,#14);
#12 = CARTESIAN_POINT('',(0.,0.,0.));
#13 = DIRECTION('',(0.,0.,1.));
#14 = DIRECTION('',(1.,0.,-0.));
#15 = AXIS2_PLACEMENT_3D('',#16,#17,#18);
#16 = CARTESIAN_POINT('',(0.,0.,0.));
#17 = DIRECTION('',(0.,0.,1.));
#18 = DIRECTION('',(1.,0.,-0.));
#19 = ( GEOMETRIC_REPRESENTATION_CONTEXT(3) 
GLOBAL_UNCERTAINTY_ASSIGNED_CONTEXT((#23)) GLOBAL_UNIT_ASSIGNED_CONTEXT(
(#20,#21,#22)) REPRESENTATION_CONTEXT('Context #1',
  '3D Context with UNIT and UNCERTAINTY') );
#20 = ( LENGTH_UNIT() NAMED_UNIT(*) SI_UNIT(.MILLI.,.METRE.) );
#21 = ( NAMED_UNIT(*) PLANE_ANGLE_UNIT() SI_UNIT($,.RADIAN.) );
#22 = ( NAMED_UNIT(*) SI_UNIT($,.STERADIAN.) SOLID_ANGLE_UNIT() );
#23 = UNCERTAINTY_MEASURE_WITH_UNIT(LENGTH_MEASURE(1.E-07),#20,
  'distance_accuracy_value','confusion accuracy');
#24 = PRODUCT_RELATED_PRODUCT_CATEGORY('part',$,(#7));
#25 = SHAPE_DEFINITION_REPRESENTATION(#26,#32);
#26 = PRODUCT_DEFINITION_SHAPE('','',#27);
#27 = PRODUCT_DEFINITION('design','',#28,#31);
#28 = PRODUCT_DEFINITION_FORMATION('','',#29);
#29 = PRODUCT('badge_PCB','badge_PCB','',(#30));
#30 = PRODUCT_CONTEXT('',#2,'mechanical');
#31 = PRODUCT_DEFINITION_CONTEXT('part definition',#2,'design');
#32 = ADVANCED_BREP_SHAPE_REPRESENTATION('',(#11,#33),#5718);
#33 = MANIFOLD_SOLID_BREP('',#34);
#34 = CLOSED_SHELL('',(#35,#77,#108,#139,#1690,#3241,#3258,#3275,#3292,
    #3309,#3326,#3343,#3360,#3377,#3389,#3406,#3423,#3440,#3457,#3474,
    #3491,#3508,#3525,#3542,#3559,#3581,#3598,#3615,#3627,#3644,#3661,
    #3678,#3695,#3712,#3729,#3746,#3763,#3780,#3797,#3814,#3831,#3848,
    #3865,#3882,#3899,#3916,#3933,#3950,#3967,#3984,#4001,#4018,#4035,
    #4052,#4069,#4086,#4103,#4120,#4137,#4154,#4171,#4188,#4205,#4222,
    #4239,#4256,#4273,#4290,#4307,#4324,#4341,#4358,#4375,#4392,#4409,
    #4426,#4448,#4465,#4482,#4494,#4516,#4533,#4550,#4562,#4579,#4596,
    #4613,#4635,#4652,#4669,#4681,#4698,#4715,#4732,#4754,#4771,#4788,
    #4800,#4817,#4834,#4851,#4868,#4885,#4902,#4919,#4936,#4953,#4970,
    #4987,#5004,#5021,#5038,#5055,#5072,#5089,#5106,#5123,#5140,#5157,
    #5174,#5191,#5208,#5225,#5242,#5259,#5276,#5293,#5310,#5327,#5344,
    #5361,#5378,#5395,#5412,#5429,#5446,#5463,#5480,#5497,#5514,#5531,
    #5548,#5565,#5582,#5599,#5616,#5633,#5650,#5667,#5684,#5701));
#35 = ADVANCED_FACE('',(#36),#72,.T.);
#36 = FACE_BOUND('',#37,.T.);
#37 = EDGE_LOOP('',(#38,#48,#57,#65));
#38 = ORIENTED_EDGE('',*,*,#39,.T.);
#39 = EDGE_CURVE('',#40,#42,#44,.T.);
#40 = VERTEX_POINT('',#41);
#41 = CARTESIAN_POINT('',(56.,8.881784197001E-16,0.));
#42 = VERTEX_POINT('',#43);
#43 = CARTESIAN_POINT('',(56.,8.881784197001E-16,0.71));
#44 = LINE('',#45,#46);
#45 = CARTESIAN_POINT('',(56.,8.881784197001E-16,0.));
#46 = VECTOR('',#47,1.);
#47 = DIRECTION('',(0.,0.,1.));
#48 = ORIENTED_EDGE('',*,*,#49,.T.);
#49 = EDGE_CURVE('',#42,#50,#52,.T.);
#50 = VERTEX_POINT('',#51);
#51 = CARTESIAN_POINT('',(58.,-2.,0.71));
#52 = CIRCLE('',#53,2.000000212955);
#53 = AXIS2_PLACEMENT_3D('',#54,#55,#56);
#54 = CARTESIAN_POINT('',(55.999999787045,-2.000000212955,0.71));
#55 = DIRECTION('',(0.,0.,-1.));
#56 = DIRECTION('',(1.064773897809E-07,1.,0.));
#57 = ORIENTED_EDGE('',*,*,#58,.F.);
#58 = EDGE_CURVE('',#59,#50,#61,.T.);
#59 = VERTEX_POINT('',#60);
#60 = CARTESIAN_POINT('',(58.,-2.,0.));
#61 = LINE('',#62,#63);
#62 = CARTESIAN_POINT('',(58.,-2.,0.));
#63 = VECTOR('',#64,1.);
#64 = DIRECTION('',(0.,0.,1.));
#65 = ORIENTED_EDGE('',*,*,#66,.F.);
#66 = EDGE_CURVE('',#40,#59,#67,.T.);
#67 = CIRCLE('',#68,2.000000212955);
#68 = AXIS2_PLACEMENT_3D('',#69,#70,#71);
#69 = CARTESIAN_POINT('',(55.999999787045,-2.000000212955,0.));
#70 = DIRECTION('',(0.,0.,-1.));
#71 = DIRECTION('',(1.064773897809E-07,1.,0.));
#72 = CYLINDRICAL_SURFACE('',#73,2.000000212955);
#73 = AXIS2_PLACEMENT_3D('',#74,#75,#76);
#74 = CARTESIAN_POINT('',(55.999999787045,-2.000000212955,0.));
#75 = DIRECTION('',(0.,0.,-1.));
#76 = DIRECTION('',(1.064773897809E-07,1.,0.));
#77 = ADVANCED_FACE('',(#78),#103,.T.);
#78 = FACE_BOUND('',#79,.T.);
#79 = EDGE_LOOP('',(#80,#90,#96,#97));
#80 = ORIENTED_EDGE('',*,*,#81,.T.);
#81 = EDGE_CURVE('',#82,#84,#86,.T.);
#82 = VERTEX_POINT('',#83);
#83 = CARTESIAN_POINT('',(2.,0.,0.));
#84 = VERTEX_POINT('',#85);
#85 = CARTESIAN_POINT('',(2.,0.,0.71));
#86 = LINE('',#87,#88);
#87 = CARTESIAN_POINT('',(2.,0.,0.));
#88 = VECTOR('',#89,1.);
#89 = DIRECTION('',(0.,0.,1.));
#90 = ORIENTED_EDGE('',*,*,#91,.T.);
#91 = EDGE_CURVE('',#84,#42,#92,.T.);
#92 = LINE('',#93,#94);
#93 = CARTESIAN_POINT('',(2.,0.,0.71));
#94 = VECTOR('',#95,1.);
#95 = DIRECTION('',(1.,0.,0.));
#96 = ORIENTED_EDGE('',*,*,#39,.F.);
#97 = ORIENTED_EDGE('',*,*,#98,.F.);
#98 = EDGE_CURVE('',#82,#40,#99,.T.);
#99 = LINE('',#100,#101);
#100 = CARTESIAN_POINT('',(2.,-0.,0.));
#101 = VECTOR('',#102,1.);
#102 = DIRECTION('',(1.,0.,0.));
#103 = PLANE('',#104);
#104 = AXIS2_PLACEMENT_3D('',#105,#106,#107);
#105 = CARTESIAN_POINT('',(2.,0.,0.));
#106 = DIRECTION('',(0.,1.,0.));
#107 = DIRECTION('',(1.,0.,0.));
#108 = ADVANCED_FACE('',(#109),#134,.T.);
#109 = FACE_BOUND('',#110,.T.);
#110 = EDGE_LOOP('',(#111,#112,#120,#128));
#111 = ORIENTED_EDGE('',*,*,#58,.T.);
#112 = ORIENTED_EDGE('',*,*,#113,.T.);
#113 = EDGE_CURVE('',#50,#114,#116,.T.);
#114 = VERTEX_POINT('',#115);
#115 = CARTESIAN_POINT('',(58.,-90.64,0.71));
#116 = LINE('',#117,#118);
#117 = CARTESIAN_POINT('',(58.,-2.,0.71));
#118 = VECTOR('',#119,1.);
#119 = DIRECTION('',(0.,-1.,0.));
#120 = ORIENTED_EDGE('',*,*,#121,.F.);
#121 = EDGE_CURVE('',#122,#114,#124,.T.);
#122 = VERTEX_POINT('',#123);
#123 = CARTESIAN_POINT('',(58.,-90.64,0.));
#124 = LINE('',#125,#126);
#125 = CARTESIAN_POINT('',(58.,-90.64,0.));
#126 = VECTOR('',#127,1.);
#127 = DIRECTION('',(0.,0.,1.));
#128 = ORIENTED_EDGE('',*,*,#129,.F.);
#129 = EDGE_CURVE('',#59,#122,#130,.T.);
#130 = LINE('',#131,#132);
#131 = CARTESIAN_POINT('',(58.,-2.,0.));
#132 = VECTOR('',#133,1.);
#133 = DIRECTION('',(0.,-1.,0.));
#134 = PLANE('',#135);
#135 = AXIS2_PLACEMENT_3D('',#136,#137,#138);
#136 = CARTESIAN_POINT('',(58.,-2.,0.));
#137 = DIRECTION('',(1.,0.,-0.));
#138 = DIRECTION('',(0.,-1.,0.));
#139 = ADVANCED_FACE('',(#140,#218,#229,#240,#251,#262,#273,#284,#295,
    #306,#317,#328,#364,#375,#386,#397,#408,#419,#430,#441,#452,#463,
    #474,#485,#496,#507,#518,#529,#540,#551,#562,#573,#584,#595,#606,
    #617,#628,#639,#650,#661,#672,#683,#694,#705,#716,#727,#738,#749,
    #760,#771,#782,#793,#804,#815,#826,#837,#848,#859,#870,#881,#917,
    #953,#964,#975,#986,#1022,#1033,#1044,#1055,#1091,#1102,#1113,#1124,
    #1135,#1146,#1157,#1168,#1179,#1190,#1201,#1212,#1223,#1234,#1245,
    #1256,#1267,#1278,#1289,#1300,#1311,#1322,#1333,#1344,#1355,#1366,
    #1377,#1388,#1399,#1410,#1421,#1432,#1443,#1454,#1465,#1476,#1487,
    #1498,#1509,#1520,#1531,#1542,#1553,#1564,#1575,#1586,#1597,#1608,
    #1619,#1630,#1641,#1652,#1663,#1674),#1685,.F.);
#140 = FACE_BOUND('',#141,.F.);
#141 = EDGE_LOOP('',(#142,#143,#144,#153,#161,#170,#178,#186,#194,#202,
    #210,#217));
#142 = ORIENTED_EDGE('',*,*,#66,.F.);
#143 = ORIENTED_EDGE('',*,*,#98,.F.);
#144 = ORIENTED_EDGE('',*,*,#145,.F.);
#145 = EDGE_CURVE('',#146,#82,#148,.T.);
#146 = VERTEX_POINT('',#147);
#147 = CARTESIAN_POINT('',(0.,-2.,0.));
#148 = CIRCLE('',#149,1.99999850585);
#149 = AXIS2_PLACEMENT_3D('',#150,#151,#152);
#150 = CARTESIAN_POINT('',(1.99999850585,-1.99999850585,0.));
#151 = DIRECTION('',(0.,0.,-1.));
#152 = DIRECTION('',(-1.,-7.470757411712E-07,-0.));
#153 = ORIENTED_EDGE('',*,*,#154,.F.);
#154 = EDGE_CURVE('',#155,#146,#157,.T.);
#155 = VERTEX_POINT('',#156);
#156 = CARTESIAN_POINT('',(-2.22044604925E-16,-90.64,0.));
#157 = LINE('',#158,#159);
#158 = CARTESIAN_POINT('',(0.,-90.64,0.));
#159 = VECTOR('',#160,1.);
#160 = DIRECTION('',(0.,1.,0.));
#161 = ORIENTED_EDGE('',*,*,#162,.F.);
#162 = EDGE_CURVE('',#163,#155,#165,.T.);
#163 = VERTEX_POINT('',#164);
#164 = CARTESIAN_POINT('',(2.,-92.64,0.));
#165 = CIRCLE('',#166,2.000000212955);
#166 = AXIS2_PLACEMENT_3D('',#167,#168,#169);
#167 = CARTESIAN_POINT('',(2.000000212955,-90.63999978704,0.));
#168 = DIRECTION('',(0.,0.,-1.));
#169 = DIRECTION('',(-1.064773820094E-07,-1.,-0.));
#170 = ORIENTED_EDGE('',*,*,#171,.F.);
#171 = EDGE_CURVE('',#172,#163,#174,.T.);
#172 = VERTEX_POINT('',#173);
#173 = CARTESIAN_POINT('',(45.325,-92.64,0.));
#174 = LINE('',#175,#176);
#175 = CARTESIAN_POINT('',(45.325,-92.64,0.));
#176 = VECTOR('',#177,1.);
#177 = DIRECTION('',(-1.,0.,0.));
#178 = ORIENTED_EDGE('',*,*,#179,.F.);
#179 = EDGE_CURVE('',#180,#172,#182,.T.);
#180 = VERTEX_POINT('',#181);
#181 = CARTESIAN_POINT('',(45.325,-86.59,0.));
#182 = LINE('',#183,#184);
#183 = CARTESIAN_POINT('',(45.325,-86.59,0.));
#184 = VECTOR('',#185,1.);
#185 = DIRECTION('',(0.,-1.,0.));
#186 = ORIENTED_EDGE('',*,*,#187,.F.);
#187 = EDGE_CURVE('',#188,#180,#190,.T.);
#188 = VERTEX_POINT('',#189);
#189 = CARTESIAN_POINT('',(54.675,-86.59,0.));
#190 = LINE('',#191,#192);
#191 = CARTESIAN_POINT('',(54.675,-86.59,0.));
#192 = VECTOR('',#193,1.);
#193 = DIRECTION('',(-1.,0.,0.));
#194 = ORIENTED_EDGE('',*,*,#195,.F.);
#195 = EDGE_CURVE('',#196,#188,#198,.T.);
#196 = VERTEX_POINT('',#197);
#197 = CARTESIAN_POINT('',(54.675,-92.64,0.));
#198 = LINE('',#199,#200);
#199 = CARTESIAN_POINT('',(54.675,-92.64,0.));
#200 = VECTOR('',#201,1.);
#201 = DIRECTION('',(0.,1.,0.));
#202 = ORIENTED_EDGE('',*,*,#203,.F.);
#203 = EDGE_CURVE('',#204,#196,#206,.T.);
#204 = VERTEX_POINT('',#205);
#205 = CARTESIAN_POINT('',(56.,-92.64,0.));
#206 = LINE('',#207,#208);
#207 = CARTESIAN_POINT('',(56.,-92.64,0.));
#208 = VECTOR('',#209,1.);
#209 = DIRECTION('',(-1.,0.,0.));
#210 = ORIENTED_EDGE('',*,*,#211,.F.);
#211 = EDGE_CURVE('',#122,#204,#212,.T.);
#212 = CIRCLE('',#213,2.000001920065);
#213 = AXIS2_PLACEMENT_3D('',#214,#215,#216);
#214 = CARTESIAN_POINT('',(55.999998079936,-90.63999807993,0.));
#215 = DIRECTION('',(0.,0.,-1.));
#216 = DIRECTION('',(1.,-9.600311179819E-07,0.));
#217 = ORIENTED_EDGE('',*,*,#129,.F.);
#218 = FACE_BOUND('',#219,.F.);
#219 = EDGE_LOOP('',(#220));
#220 = ORIENTED_EDGE('',*,*,#221,.T.);
#221 = EDGE_CURVE('',#222,#222,#224,.T.);
#222 = VERTEX_POINT('',#223);
#223 = CARTESIAN_POINT('',(9.0584,-86.9894,0.));
#224 = CIRCLE('',#225,0.15);
#225 = AXIS2_PLACEMENT_3D('',#226,#227,#228);
#226 = CARTESIAN_POINT('',(9.0584,-86.8394,0.));
#227 = DIRECTION('',(-0.,0.,-1.));
#228 = DIRECTION('',(1.184237892933E-14,-1.,-0.));
#229 = FACE_BOUND('',#230,.F.);
#230 = EDGE_LOOP('',(#231));
#231 = ORIENTED_EDGE('',*,*,#232,.T.);
#232 = EDGE_CURVE('',#233,#233,#235,.T.);
#233 = VERTEX_POINT('',#234);
#234 = CARTESIAN_POINT('',(16.3406,-84.0587,0.));
#235 = CIRCLE('',#236,0.15);
#236 = AXIS2_PLACEMENT_3D('',#237,#238,#239);
#237 = CARTESIAN_POINT('',(16.3406,-83.9087,0.));
#238 = DIRECTION('',(-0.,0.,-1.));
#239 = DIRECTION('',(-2.368475785867E-14,-1.,0.));
#240 = FACE_BOUND('',#241,.F.);
#241 = EDGE_LOOP('',(#242));
#242 = ORIENTED_EDGE('',*,*,#243,.T.);
#243 = EDGE_CURVE('',#244,#244,#246,.T.);
#244 = VERTEX_POINT('',#245);
#245 = CARTESIAN_POINT('',(5.8735,-79.0735,0.));
#246 = CIRCLE('',#247,0.15);
#247 = AXIS2_PLACEMENT_3D('',#248,#249,#250);
#248 = CARTESIAN_POINT('',(5.8735,-78.9235,0.));
#249 = DIRECTION('',(-0.,0.,-1.));
#250 = DIRECTION('',(-0.,-1.,0.));
#251 = FACE_BOUND('',#252,.F.);
#252 = EDGE_LOOP('',(#253));
#253 = ORIENTED_EDGE('',*,*,#254,.T.);
#254 = EDGE_CURVE('',#255,#255,#257,.T.);
#255 = VERTEX_POINT('',#256);
#256 = CARTESIAN_POINT('',(10.5587,-82.368,0.));
#257 = CIRCLE('',#258,0.15);
#258 = AXIS2_PLACEMENT_3D('',#259,#260,#261);
#259 = CARTESIAN_POINT('',(10.5587,-82.218,0.));
#260 = DIRECTION('',(-0.,0.,-1.));
#261 = DIRECTION('',(-0.,-1.,0.));
#262 = FACE_BOUND('',#263,.F.);
#263 = EDGE_LOOP('',(#264));
#264 = ORIENTED_EDGE('',*,*,#265,.T.);
#265 = EDGE_CURVE('',#266,#266,#268,.T.);
#266 = VERTEX_POINT('',#267);
#267 = CARTESIAN_POINT('',(9.8781,-79.0781,0.));
#268 = CIRCLE('',#269,0.15);
#269 = AXIS2_PLACEMENT_3D('',#270,#271,#272);
#270 = CARTESIAN_POINT('',(9.8781,-78.9281,0.));
#271 = DIRECTION('',(-0.,0.,-1.));
#272 = DIRECTION('',(-0.,-1.,0.));
#273 = FACE_BOUND('',#274,.F.);
#274 = EDGE_LOOP('',(#275));
#275 = ORIENTED_EDGE('',*,*,#276,.T.);
#276 = EDGE_CURVE('',#277,#277,#279,.T.);
#277 = VERTEX_POINT('',#278);
#278 = CARTESIAN_POINT('',(12.2072,-81.6215,0.));
#279 = CIRCLE('',#280,0.15);
#280 = AXIS2_PLACEMENT_3D('',#281,#282,#283);
#281 = CARTESIAN_POINT('',(12.2072,-81.4715,0.));
#282 = DIRECTION('',(-0.,0.,-1.));
#283 = DIRECTION('',(-0.,-1.,0.));
#284 = FACE_BOUND('',#285,.F.);
#285 = EDGE_LOOP('',(#286));
#286 = ORIENTED_EDGE('',*,*,#287,.T.);
#287 = EDGE_CURVE('',#288,#288,#290,.T.);
#288 = VERTEX_POINT('',#289);
#289 = CARTESIAN_POINT('',(12.2072,-79.1379,0.));
#290 = CIRCLE('',#291,0.15);
#291 = AXIS2_PLACEMENT_3D('',#292,#293,#294);
#292 = CARTESIAN_POINT('',(12.2072,-78.9879,0.));
#293 = DIRECTION('',(-0.,0.,-1.));
#294 = DIRECTION('',(-0.,-1.,0.));
#295 = FACE_BOUND('',#296,.F.);
#296 = EDGE_LOOP('',(#297));
#297 = ORIENTED_EDGE('',*,*,#298,.T.);
#298 = EDGE_CURVE('',#299,#299,#301,.T.);
#299 = VERTEX_POINT('',#300);
#300 = CARTESIAN_POINT('',(16.84,-82.2892,0.));
#301 = CIRCLE('',#302,0.15);
#302 = AXIS2_PLACEMENT_3D('',#303,#304,#305);
#303 = CARTESIAN_POINT('',(16.84,-82.1392,0.));
#304 = DIRECTION('',(-0.,0.,-1.));
#305 = DIRECTION('',(-0.,-1.,0.));
#306 = FACE_BOUND('',#307,.F.);
#307 = EDGE_LOOP('',(#308));
#308 = ORIENTED_EDGE('',*,*,#309,.T.);
#309 = EDGE_CURVE('',#310,#310,#312,.T.);
#310 = VERTEX_POINT('',#311);
#311 = CARTESIAN_POINT('',(14.1265,-73.7468,0.));
#312 = CIRCLE('',#313,0.15);
#313 = AXIS2_PLACEMENT_3D('',#314,#315,#316);
#314 = CARTESIAN_POINT('',(14.1265,-73.5968,0.));
#315 = DIRECTION('',(-0.,0.,-1.));
#316 = DIRECTION('',(-0.,-1.,0.));
#317 = FACE_BOUND('',#318,.F.);
#318 = EDGE_LOOP('',(#319));
#319 = ORIENTED_EDGE('',*,*,#320,.T.);
#320 = EDGE_CURVE('',#321,#321,#323,.T.);
#321 = VERTEX_POINT('',#322);
#322 = CARTESIAN_POINT('',(21.9848,-84.0479,0.));
#323 = CIRCLE('',#324,0.15);
#324 = AXIS2_PLACEMENT_3D('',#325,#326,#327);
#325 = CARTESIAN_POINT('',(21.9848,-83.8979,0.));
#326 = DIRECTION('',(-0.,0.,-1.));
#327 = DIRECTION('',(-0.,-1.,0.));
#328 = FACE_BOUND('',#329,.F.);
#329 = EDGE_LOOP('',(#330,#341,#349,#358));
#330 = ORIENTED_EDGE('',*,*,#331,.F.);
#331 = EDGE_CURVE('',#332,#334,#336,.T.);
#332 = VERTEX_POINT('',#333);
#333 = CARTESIAN_POINT('',(13.7,-88.,0.));
#334 = VERTEX_POINT('',#335);
#335 = CARTESIAN_POINT('',(13.7,-89.4,0.));
#336 = CIRCLE('',#337,0.7);
#337 = AXIS2_PLACEMENT_3D('',#338,#339,#340);
#338 = CARTESIAN_POINT('',(13.7,-88.7,0.));
#339 = DIRECTION('',(0.,0.,1.));
#340 = DIRECTION('',(-1.522591576629E-14,1.,0.));
#341 = ORIENTED_EDGE('',*,*,#342,.F.);
#342 = EDGE_CURVE('',#343,#332,#345,.T.);
#343 = VERTEX_POINT('',#344);
#344 = CARTESIAN_POINT('',(40.5,-88.,0.));
#345 = LINE('',#346,#347);
#346 = CARTESIAN_POINT('',(40.5,-88.,0.));
#347 = VECTOR('',#348,1.);
#348 = DIRECTION('',(-1.,0.,0.));
#349 = ORIENTED_EDGE('',*,*,#350,.F.);
#350 = EDGE_CURVE('',#351,#343,#353,.T.);
#351 = VERTEX_POINT('',#352);
#352 = CARTESIAN_POINT('',(40.5,-89.4,0.));
#353 = CIRCLE('',#354,0.7);
#354 = AXIS2_PLACEMENT_3D('',#355,#356,#357);
#355 = CARTESIAN_POINT('',(40.5,-88.7,0.));
#356 = DIRECTION('',(0.,-0.,1.));
#357 = DIRECTION('',(1.015061051086E-14,-1.,-0.));
#358 = ORIENTED_EDGE('',*,*,#359,.F.);
#359 = EDGE_CURVE('',#334,#351,#360,.T.);
#360 = LINE('',#361,#362);
#361 = CARTESIAN_POINT('',(13.7,-89.4,0.));
#362 = VECTOR('',#363,1.);
#363 = DIRECTION('',(1.,0.,0.));
#364 = FACE_BOUND('',#365,.F.);
#365 = EDGE_LOOP('',(#366));
#366 = ORIENTED_EDGE('',*,*,#367,.T.);
#367 = EDGE_CURVE('',#368,#368,#370,.T.);
#368 = VERTEX_POINT('',#369);
#369 = CARTESIAN_POINT('',(25.34,-84.0085,0.));
#370 = CIRCLE('',#371,0.15);
#371 = AXIS2_PLACEMENT_3D('',#372,#373,#374);
#372 = CARTESIAN_POINT('',(25.34,-83.8585,0.));
#373 = DIRECTION('',(-0.,0.,-1.));
#374 = DIRECTION('',(-0.,-1.,0.));
#375 = FACE_BOUND('',#376,.F.);
#376 = EDGE_LOOP('',(#377));
#377 = ORIENTED_EDGE('',*,*,#378,.T.);
#378 = EDGE_CURVE('',#379,#379,#381,.T.);
#379 = VERTEX_POINT('',#380);
#380 = CARTESIAN_POINT('',(26.0937,-84.0504,0.));
#381 = CIRCLE('',#382,0.15);
#382 = AXIS2_PLACEMENT_3D('',#383,#384,#385);
#383 = CARTESIAN_POINT('',(26.0937,-83.9004,0.));
#384 = DIRECTION('',(-0.,0.,-1.));
#385 = DIRECTION('',(-0.,-1.,0.));
#386 = FACE_BOUND('',#387,.F.);
#387 = EDGE_LOOP('',(#388));
#388 = ORIENTED_EDGE('',*,*,#389,.T.);
#389 = EDGE_CURVE('',#390,#390,#392,.T.);
#390 = VERTEX_POINT('',#391);
#391 = CARTESIAN_POINT('',(18.8411,-82.2968,0.));
#392 = CIRCLE('',#393,0.15);
#393 = AXIS2_PLACEMENT_3D('',#394,#395,#396);
#394 = CARTESIAN_POINT('',(18.8411,-82.1468,0.));
#395 = DIRECTION('',(-0.,0.,-1.));
#396 = DIRECTION('',(2.368475785867E-14,-1.,-0.));
#397 = FACE_BOUND('',#398,.F.);
#398 = EDGE_LOOP('',(#399));
#399 = ORIENTED_EDGE('',*,*,#400,.T.);
#400 = EDGE_CURVE('',#401,#401,#403,.T.);
#401 = VERTEX_POINT('',#402);
#402 = CARTESIAN_POINT('',(18.7038,-81.5173,0.));
#403 = CIRCLE('',#404,0.15);
#404 = AXIS2_PLACEMENT_3D('',#405,#406,#407);
#405 = CARTESIAN_POINT('',(18.7038,-81.3673,0.));
#406 = DIRECTION('',(-0.,0.,-1.));
#407 = DIRECTION('',(-0.,-1.,0.));
#408 = FACE_BOUND('',#409,.F.);
#409 = EDGE_LOOP('',(#410));
#410 = ORIENTED_EDGE('',*,*,#411,.T.);
#411 = EDGE_CURVE('',#412,#412,#414,.T.);
#412 = VERTEX_POINT('',#413);
#413 = CARTESIAN_POINT('',(19.65,-81.55,0.));
#414 = CIRCLE('',#415,0.15);
#415 = AXIS2_PLACEMENT_3D('',#416,#417,#418);
#416 = CARTESIAN_POINT('',(19.65,-81.4,0.));
#417 = DIRECTION('',(-0.,0.,-1.));
#418 = DIRECTION('',(-0.,-1.,0.));
#419 = FACE_BOUND('',#420,.F.);
#420 = EDGE_LOOP('',(#421));
#421 = ORIENTED_EDGE('',*,*,#422,.T.);
#422 = EDGE_CURVE('',#423,#423,#425,.T.);
#423 = VERTEX_POINT('',#424);
#424 = CARTESIAN_POINT('',(20.2791,-82.2903,0.));
#425 = CIRCLE('',#426,0.15);
#426 = AXIS2_PLACEMENT_3D('',#427,#428,#429);
#427 = CARTESIAN_POINT('',(20.2791,-82.1403,0.));
#428 = DIRECTION('',(-0.,0.,-1.));
#429 = DIRECTION('',(-0.,-1.,0.));
#430 = FACE_BOUND('',#431,.F.);
#431 = EDGE_LOOP('',(#432));
#432 = ORIENTED_EDGE('',*,*,#433,.T.);
#433 = EDGE_CURVE('',#434,#434,#436,.T.);
#434 = VERTEX_POINT('',#435);
#435 = CARTESIAN_POINT('',(21.1717,-81.7073,0.));
#436 = CIRCLE('',#437,0.15);
#437 = AXIS2_PLACEMENT_3D('',#438,#439,#440);
#438 = CARTESIAN_POINT('',(21.1717,-81.5573,0.));
#439 = DIRECTION('',(-0.,0.,-1.));
#440 = DIRECTION('',(-0.,-1.,0.));
#441 = FACE_BOUND('',#442,.F.);
#442 = EDGE_LOOP('',(#443));
#443 = ORIENTED_EDGE('',*,*,#444,.T.);
#444 = EDGE_CURVE('',#445,#445,#447,.T.);
#445 = VERTEX_POINT('',#446);
#446 = CARTESIAN_POINT('',(20.9518,-80.9553,0.));
#447 = CIRCLE('',#448,0.15);
#448 = AXIS2_PLACEMENT_3D('',#449,#450,#451);
#449 = CARTESIAN_POINT('',(20.9518,-80.8053,0.));
#450 = DIRECTION('',(-0.,0.,-1.));
#451 = DIRECTION('',(-0.,-1.,0.));
#452 = FACE_BOUND('',#453,.F.);
#453 = EDGE_LOOP('',(#454));
#454 = ORIENTED_EDGE('',*,*,#455,.T.);
#455 = EDGE_CURVE('',#456,#456,#458,.T.);
#456 = VERTEX_POINT('',#457);
#457 = CARTESIAN_POINT('',(18.9638,-79.8671,0.));
#458 = CIRCLE('',#459,0.15);
#459 = AXIS2_PLACEMENT_3D('',#460,#461,#462);
#460 = CARTESIAN_POINT('',(18.9638,-79.7171,0.));
#461 = DIRECTION('',(-0.,0.,-1.));
#462 = DIRECTION('',(-0.,-1.,0.));
#463 = FACE_BOUND('',#464,.F.);
#464 = EDGE_LOOP('',(#465));
#465 = ORIENTED_EDGE('',*,*,#466,.T.);
#466 = EDGE_CURVE('',#467,#467,#469,.T.);
#467 = VERTEX_POINT('',#468);
#468 = CARTESIAN_POINT('',(23.2736,-81.276,0.));
#469 = CIRCLE('',#470,0.15);
#470 = AXIS2_PLACEMENT_3D('',#471,#472,#473);
#471 = CARTESIAN_POINT('',(23.2736,-81.126,0.));
#472 = DIRECTION('',(-0.,0.,-1.));
#473 = DIRECTION('',(-2.368475785867E-14,-1.,0.));
#474 = FACE_BOUND('',#475,.F.);
#475 = EDGE_LOOP('',(#476));
#476 = ORIENTED_EDGE('',*,*,#477,.T.);
#477 = EDGE_CURVE('',#478,#478,#480,.T.);
#478 = VERTEX_POINT('',#479);
#479 = CARTESIAN_POINT('',(18.9638,-77.15,0.));
#480 = CIRCLE('',#481,0.15);
#481 = AXIS2_PLACEMENT_3D('',#482,#483,#484);
#482 = CARTESIAN_POINT('',(18.9638,-77.,0.));
#483 = DIRECTION('',(-0.,0.,-1.));
#484 = DIRECTION('',(-0.,-1.,0.));
#485 = FACE_BOUND('',#486,.F.);
#486 = EDGE_LOOP('',(#487));
#487 = ORIENTED_EDGE('',*,*,#488,.T.);
#488 = EDGE_CURVE('',#489,#489,#491,.T.);
#489 = VERTEX_POINT('',#490);
#490 = CARTESIAN_POINT('',(23.0537,-75.9219,0.));
#491 = CIRCLE('',#492,0.15);
#492 = AXIS2_PLACEMENT_3D('',#493,#494,#495);
#493 = CARTESIAN_POINT('',(23.0537,-75.7719,0.));
#494 = DIRECTION('',(-0.,0.,-1.));
#495 = DIRECTION('',(-0.,-1.,0.));
#496 = FACE_BOUND('',#497,.F.);
#497 = EDGE_LOOP('',(#498));
#498 = ORIENTED_EDGE('',*,*,#499,.T.);
#499 = EDGE_CURVE('',#500,#500,#502,.T.);
#500 = VERTEX_POINT('',#501);
#501 = CARTESIAN_POINT('',(21.7408,-75.6206,0.));
#502 = CIRCLE('',#503,0.15);
#503 = AXIS2_PLACEMENT_3D('',#504,#505,#506);
#504 = CARTESIAN_POINT('',(21.7408,-75.4706,0.));
#505 = DIRECTION('',(-0.,0.,-1.));
#506 = DIRECTION('',(-0.,-1.,0.));
#507 = FACE_BOUND('',#508,.F.);
#508 = EDGE_LOOP('',(#509));
#509 = ORIENTED_EDGE('',*,*,#510,.T.);
#510 = EDGE_CURVE('',#511,#511,#513,.T.);
#511 = VERTEX_POINT('',#512);
#512 = CARTESIAN_POINT('',(30.1706,-79.8507,0.));
#513 = CIRCLE('',#514,0.15);
#514 = AXIS2_PLACEMENT_3D('',#515,#516,#517);
#515 = CARTESIAN_POINT('',(30.1706,-79.7007,0.));
#516 = DIRECTION('',(-0.,0.,-1.));
#517 = DIRECTION('',(-0.,-1.,0.));
#518 = FACE_BOUND('',#519,.F.);
#519 = EDGE_LOOP('',(#520));
#520 = ORIENTED_EDGE('',*,*,#521,.T.);
#521 = EDGE_CURVE('',#522,#522,#524,.T.);
#522 = VERTEX_POINT('',#523);
#523 = CARTESIAN_POINT('',(27.35,-75.45,0.));
#524 = CIRCLE('',#525,0.15);
#525 = AXIS2_PLACEMENT_3D('',#526,#527,#528);
#526 = CARTESIAN_POINT('',(27.35,-75.3,0.));
#527 = DIRECTION('',(-0.,0.,-1.));
#528 = DIRECTION('',(-0.,-1.,0.));
#529 = FACE_BOUND('',#530,.F.);
#530 = EDGE_LOOP('',(#531));
#531 = ORIENTED_EDGE('',*,*,#532,.T.);
#532 = EDGE_CURVE('',#533,#533,#535,.T.);
#533 = VERTEX_POINT('',#534);
#534 = CARTESIAN_POINT('',(11.5889,-69.15,0.));
#535 = CIRCLE('',#536,0.15);
#536 = AXIS2_PLACEMENT_3D('',#537,#538,#539);
#537 = CARTESIAN_POINT('',(11.5889,-69.,0.));
#538 = DIRECTION('',(-0.,0.,-1.));
#539 = DIRECTION('',(1.184237892933E-14,-1.,-0.));
#540 = FACE_BOUND('',#541,.F.);
#541 = EDGE_LOOP('',(#542));
#542 = ORIENTED_EDGE('',*,*,#543,.T.);
#543 = EDGE_CURVE('',#544,#544,#546,.T.);
#544 = VERTEX_POINT('',#545);
#545 = CARTESIAN_POINT('',(6.5528,-67.0748,0.));
#546 = CIRCLE('',#547,0.15);
#547 = AXIS2_PLACEMENT_3D('',#548,#549,#550);
#548 = CARTESIAN_POINT('',(6.5528,-66.9248,0.));
#549 = DIRECTION('',(-0.,0.,-1.));
#550 = DIRECTION('',(5.921189464667E-15,-1.,-0.));
#551 = FACE_BOUND('',#552,.F.);
#552 = EDGE_LOOP('',(#553));
#553 = ORIENTED_EDGE('',*,*,#554,.T.);
#554 = EDGE_CURVE('',#555,#555,#557,.T.);
#555 = VERTEX_POINT('',#556);
#556 = CARTESIAN_POINT('',(14.1783,-66.4408,0.));
#557 = CIRCLE('',#558,0.15);
#558 = AXIS2_PLACEMENT_3D('',#559,#560,#561);
#559 = CARTESIAN_POINT('',(14.1783,-66.2908,0.));
#560 = DIRECTION('',(-0.,0.,-1.));
#561 = DIRECTION('',(-0.,-1.,0.));
#562 = FACE_BOUND('',#563,.F.);
#563 = EDGE_LOOP('',(#564));
#564 = ORIENTED_EDGE('',*,*,#565,.T.);
#565 = EDGE_CURVE('',#566,#566,#568,.T.);
#566 = VERTEX_POINT('',#567);
#567 = CARTESIAN_POINT('',(5.7146,-61.4354,0.));
#568 = CIRCLE('',#569,0.15);
#569 = AXIS2_PLACEMENT_3D('',#570,#571,#572);
#570 = CARTESIAN_POINT('',(5.7146,-61.2854,0.));
#571 = DIRECTION('',(-0.,0.,-1.));
#572 = DIRECTION('',(-5.921189464667E-15,-1.,0.));
#573 = FACE_BOUND('',#574,.F.);
#574 = EDGE_LOOP('',(#575));
#575 = ORIENTED_EDGE('',*,*,#576,.T.);
#576 = EDGE_CURVE('',#577,#577,#579,.T.);
#577 = VERTEX_POINT('',#578);
#578 = CARTESIAN_POINT('',(10.9876,-63.15,0.));
#579 = CIRCLE('',#580,0.15);
#580 = AXIS2_PLACEMENT_3D('',#581,#582,#583);
#581 = CARTESIAN_POINT('',(10.9876,-63.,0.));
#582 = DIRECTION('',(-0.,0.,-1.));
#583 = DIRECTION('',(-0.,-1.,0.));
#584 = FACE_BOUND('',#585,.F.);
#585 = EDGE_LOOP('',(#586));
#586 = ORIENTED_EDGE('',*,*,#587,.T.);
#587 = EDGE_CURVE('',#588,#588,#590,.T.);
#588 = VERTEX_POINT('',#589);
#589 = CARTESIAN_POINT('',(17.5489,-60.4369,0.));
#590 = CIRCLE('',#591,0.15);
#591 = AXIS2_PLACEMENT_3D('',#592,#593,#594);
#592 = CARTESIAN_POINT('',(17.5489,-60.2869,0.));
#593 = DIRECTION('',(-0.,0.,-1.));
#594 = DIRECTION('',(-0.,-1.,0.));
#595 = FACE_BOUND('',#596,.F.);
#596 = EDGE_LOOP('',(#597));
#597 = ORIENTED_EDGE('',*,*,#598,.T.);
#598 = EDGE_CURVE('',#599,#599,#601,.T.);
#599 = VERTEX_POINT('',#600);
#600 = CARTESIAN_POINT('',(20.25,-70.15,0.));
#601 = CIRCLE('',#602,0.15);
#602 = AXIS2_PLACEMENT_3D('',#603,#604,#605);
#603 = CARTESIAN_POINT('',(20.25,-70.,0.));
#604 = DIRECTION('',(-0.,0.,-1.));
#605 = DIRECTION('',(-0.,-1.,0.));
#606 = FACE_BOUND('',#607,.F.);
#607 = EDGE_LOOP('',(#608));
#608 = ORIENTED_EDGE('',*,*,#609,.T.);
#609 = EDGE_CURVE('',#610,#610,#612,.T.);
#610 = VERTEX_POINT('',#611);
#611 = CARTESIAN_POINT('',(22.35,-70.45,0.));
#612 = CIRCLE('',#613,0.15);
#613 = AXIS2_PLACEMENT_3D('',#614,#615,#616);
#614 = CARTESIAN_POINT('',(22.35,-70.3,0.));
#615 = DIRECTION('',(-0.,0.,-1.));
#616 = DIRECTION('',(-0.,-1.,0.));
#617 = FACE_BOUND('',#618,.F.);
#618 = EDGE_LOOP('',(#619));
#619 = ORIENTED_EDGE('',*,*,#620,.T.);
#620 = EDGE_CURVE('',#621,#621,#623,.T.);
#621 = VERTEX_POINT('',#622);
#622 = CARTESIAN_POINT('',(22.4248,-67.2875,0.));
#623 = CIRCLE('',#624,0.15);
#624 = AXIS2_PLACEMENT_3D('',#625,#626,#627);
#625 = CARTESIAN_POINT('',(22.4248,-67.1375,0.));
#626 = DIRECTION('',(-0.,0.,-1.));
#627 = DIRECTION('',(2.368475785867E-14,-1.,-0.));
#628 = FACE_BOUND('',#629,.F.);
#629 = EDGE_LOOP('',(#630));
#630 = ORIENTED_EDGE('',*,*,#631,.T.);
#631 = EDGE_CURVE('',#632,#632,#634,.T.);
#632 = VERTEX_POINT('',#633);
#633 = CARTESIAN_POINT('',(24.531,-71.444,0.));
#634 = CIRCLE('',#635,0.15);
#635 = AXIS2_PLACEMENT_3D('',#636,#637,#638);
#636 = CARTESIAN_POINT('',(24.531,-71.294,0.));
#637 = DIRECTION('',(-0.,0.,-1.));
#638 = DIRECTION('',(-0.,-1.,0.));
#639 = FACE_BOUND('',#640,.F.);
#640 = EDGE_LOOP('',(#641));
#641 = ORIENTED_EDGE('',*,*,#642,.T.);
#642 = EDGE_CURVE('',#643,#643,#645,.T.);
#643 = VERTEX_POINT('',#644);
#644 = CARTESIAN_POINT('',(24.531,-64.9171,0.));
#645 = CIRCLE('',#646,0.15);
#646 = AXIS2_PLACEMENT_3D('',#647,#648,#649);
#647 = CARTESIAN_POINT('',(24.531,-64.7671,0.));
#648 = DIRECTION('',(-0.,0.,-1.));
#649 = DIRECTION('',(-0.,-1.,0.));
#650 = FACE_BOUND('',#651,.F.);
#651 = EDGE_LOOP('',(#652));
#652 = ORIENTED_EDGE('',*,*,#653,.T.);
#653 = EDGE_CURVE('',#654,#654,#656,.T.);
#654 = VERTEX_POINT('',#655);
#655 = CARTESIAN_POINT('',(18.1476,-59.5234,0.));
#656 = CIRCLE('',#657,0.15);
#657 = AXIS2_PLACEMENT_3D('',#658,#659,#660);
#658 = CARTESIAN_POINT('',(18.1476,-59.3734,0.));
#659 = DIRECTION('',(-0.,0.,-1.));
#660 = DIRECTION('',(2.368475785867E-14,-1.,-0.));
#661 = FACE_BOUND('',#662,.F.);
#662 = EDGE_LOOP('',(#663));
#663 = ORIENTED_EDGE('',*,*,#664,.T.);
#664 = EDGE_CURVE('',#665,#665,#667,.T.);
#665 = VERTEX_POINT('',#666);
#666 = CARTESIAN_POINT('',(28.7384,-63.8883,0.));
#667 = CIRCLE('',#668,0.15);
#668 = AXIS2_PLACEMENT_3D('',#669,#670,#671);
#669 = CARTESIAN_POINT('',(28.7384,-63.7383,0.));
#670 = DIRECTION('',(-0.,0.,-1.));
#671 = DIRECTION('',(-0.,-1.,0.));
#672 = FACE_BOUND('',#673,.F.);
#673 = EDGE_LOOP('',(#674));
#674 = ORIENTED_EDGE('',*,*,#675,.T.);
#675 = EDGE_CURVE('',#676,#676,#678,.T.);
#676 = VERTEX_POINT('',#677);
#677 = CARTESIAN_POINT('',(32.2767,-85.1669,0.));
#678 = CIRCLE('',#679,0.15);
#679 = AXIS2_PLACEMENT_3D('',#680,#681,#682);
#680 = CARTESIAN_POINT('',(32.2767,-85.0169,0.));
#681 = DIRECTION('',(-0.,0.,-1.));
#682 = DIRECTION('',(-0.,-1.,0.));
#683 = FACE_BOUND('',#684,.F.);
#684 = EDGE_LOOP('',(#685));
#685 = ORIENTED_EDGE('',*,*,#686,.T.);
#686 = EDGE_CURVE('',#687,#687,#689,.T.);
#687 = VERTEX_POINT('',#688);
#688 = CARTESIAN_POINT('',(33.4566,-84.0518,0.));
#689 = CIRCLE('',#690,0.15);
#690 = AXIS2_PLACEMENT_3D('',#691,#692,#693);
#691 = CARTESIAN_POINT('',(33.4566,-83.9018,0.));
#692 = DIRECTION('',(-0.,0.,-1.));
#693 = DIRECTION('',(-0.,-1.,0.));
#694 = FACE_BOUND('',#695,.F.);
#695 = EDGE_LOOP('',(#696));
#696 = ORIENTED_EDGE('',*,*,#697,.T.);
#697 = EDGE_CURVE('',#698,#698,#700,.T.);
#698 = VERTEX_POINT('',#699);
#699 = CARTESIAN_POINT('',(35.6199,-84.0218,0.));
#700 = CIRCLE('',#701,0.15);
#701 = AXIS2_PLACEMENT_3D('',#702,#703,#704);
#702 = CARTESIAN_POINT('',(35.6199,-83.8718,0.));
#703 = DIRECTION('',(-0.,0.,-1.));
#704 = DIRECTION('',(-0.,-1.,0.));
#705 = FACE_BOUND('',#706,.F.);
#706 = EDGE_LOOP('',(#707));
#707 = ORIENTED_EDGE('',*,*,#708,.T.);
#708 = EDGE_CURVE('',#709,#709,#711,.T.);
#709 = VERTEX_POINT('',#710);
#710 = CARTESIAN_POINT('',(31.7292,-80.8174,0.));
#711 = CIRCLE('',#712,0.15);
#712 = AXIS2_PLACEMENT_3D('',#713,#714,#715);
#713 = CARTESIAN_POINT('',(31.7292,-80.6674,0.));
#714 = DIRECTION('',(-0.,0.,-1.));
#715 = DIRECTION('',(-0.,-1.,0.));
#716 = FACE_BOUND('',#717,.F.);
#717 = EDGE_LOOP('',(#718));
#718 = ORIENTED_EDGE('',*,*,#719,.T.);
#719 = EDGE_CURVE('',#720,#720,#722,.T.);
#720 = VERTEX_POINT('',#721);
#721 = CARTESIAN_POINT('',(32.6031,-80.7352,0.));
#722 = CIRCLE('',#723,0.15);
#723 = AXIS2_PLACEMENT_3D('',#724,#725,#726);
#724 = CARTESIAN_POINT('',(32.6031,-80.5852,0.));
#725 = DIRECTION('',(-0.,0.,-1.));
#726 = DIRECTION('',(-0.,-1.,0.));
#727 = FACE_BOUND('',#728,.F.);
#728 = EDGE_LOOP('',(#729));
#729 = ORIENTED_EDGE('',*,*,#730,.T.);
#730 = EDGE_CURVE('',#731,#731,#733,.T.);
#731 = VERTEX_POINT('',#732);
#732 = CARTESIAN_POINT('',(31.6686,-80.061,0.));
#733 = CIRCLE('',#734,0.15);
#734 = AXIS2_PLACEMENT_3D('',#735,#736,#737);
#735 = CARTESIAN_POINT('',(31.6686,-79.911,0.));
#736 = DIRECTION('',(-0.,0.,-1.));
#737 = DIRECTION('',(2.368475785867E-14,-1.,-0.));
#738 = FACE_BOUND('',#739,.F.);
#739 = EDGE_LOOP('',(#740));
#740 = ORIENTED_EDGE('',*,*,#741,.T.);
#741 = EDGE_CURVE('',#742,#742,#744,.T.);
#742 = VERTEX_POINT('',#743);
#743 = CARTESIAN_POINT('',(34.5363,-82.2433,0.));
#744 = CIRCLE('',#745,0.15);
#745 = AXIS2_PLACEMENT_3D('',#746,#747,#748);
#746 = CARTESIAN_POINT('',(34.5363,-82.0933,0.));
#747 = DIRECTION('',(-0.,0.,-1.));
#748 = DIRECTION('',(-0.,-1.,0.));
#749 = FACE_BOUND('',#750,.F.);
#750 = EDGE_LOOP('',(#751));
#751 = ORIENTED_EDGE('',*,*,#752,.T.);
#752 = EDGE_CURVE('',#753,#753,#755,.T.);
#753 = VERTEX_POINT('',#754);
#754 = CARTESIAN_POINT('',(35.3652,-82.2425,0.));
#755 = CIRCLE('',#756,0.15);
#756 = AXIS2_PLACEMENT_3D('',#757,#758,#759);
#757 = CARTESIAN_POINT('',(35.3652,-82.0925,0.));
#758 = DIRECTION('',(-0.,0.,-1.));
#759 = DIRECTION('',(-0.,-1.,0.));
#760 = FACE_BOUND('',#761,.F.);
#761 = EDGE_LOOP('',(#762));
#762 = ORIENTED_EDGE('',*,*,#763,.T.);
#763 = EDGE_CURVE('',#764,#764,#766,.T.);
#764 = VERTEX_POINT('',#765);
#765 = CARTESIAN_POINT('',(35.0566,-80.2817,0.));
#766 = CIRCLE('',#767,0.15);
#767 = AXIS2_PLACEMENT_3D('',#768,#769,#770);
#768 = CARTESIAN_POINT('',(35.0566,-80.1317,0.));
#769 = DIRECTION('',(-0.,0.,-1.));
#770 = DIRECTION('',(-0.,-1.,0.));
#771 = FACE_BOUND('',#772,.F.);
#772 = EDGE_LOOP('',(#773));
#773 = ORIENTED_EDGE('',*,*,#774,.T.);
#774 = EDGE_CURVE('',#775,#775,#777,.T.);
#775 = VERTEX_POINT('',#776);
#776 = CARTESIAN_POINT('',(34.55,-77.15,0.));
#777 = CIRCLE('',#778,0.15);
#778 = AXIS2_PLACEMENT_3D('',#779,#780,#781);
#779 = CARTESIAN_POINT('',(34.55,-77.,0.));
#780 = DIRECTION('',(-0.,0.,-1.));
#781 = DIRECTION('',(-0.,-1.,0.));
#782 = FACE_BOUND('',#783,.F.);
#783 = EDGE_LOOP('',(#784));
#784 = ORIENTED_EDGE('',*,*,#785,.T.);
#785 = EDGE_CURVE('',#786,#786,#788,.T.);
#786 = VERTEX_POINT('',#787);
#787 = CARTESIAN_POINT('',(34.85,-74.5,0.));
#788 = CIRCLE('',#789,0.15);
#789 = AXIS2_PLACEMENT_3D('',#790,#791,#792);
#790 = CARTESIAN_POINT('',(34.85,-74.35,0.));
#791 = DIRECTION('',(-0.,0.,-1.));
#792 = DIRECTION('',(-0.,-1.,0.));
#793 = FACE_BOUND('',#794,.F.);
#794 = EDGE_LOOP('',(#795));
#795 = ORIENTED_EDGE('',*,*,#796,.T.);
#796 = EDGE_CURVE('',#797,#797,#799,.T.);
#797 = VERTEX_POINT('',#798);
#798 = CARTESIAN_POINT('',(35.5095,-75.5256,0.));
#799 = CIRCLE('',#800,0.15);
#800 = AXIS2_PLACEMENT_3D('',#801,#802,#803);
#801 = CARTESIAN_POINT('',(35.5095,-75.3756,0.));
#802 = DIRECTION('',(-0.,0.,-1.));
#803 = DIRECTION('',(-0.,-1.,0.));
#804 = FACE_BOUND('',#805,.F.);
#805 = EDGE_LOOP('',(#806));
#806 = ORIENTED_EDGE('',*,*,#807,.T.);
#807 = EDGE_CURVE('',#808,#808,#810,.T.);
#808 = VERTEX_POINT('',#809);
#809 = CARTESIAN_POINT('',(37.708,-82.2827,0.));
#810 = CIRCLE('',#811,0.15);
#811 = AXIS2_PLACEMENT_3D('',#812,#813,#814);
#812 = CARTESIAN_POINT('',(37.708,-82.1327,0.));
#813 = DIRECTION('',(-0.,0.,-1.));
#814 = DIRECTION('',(-0.,-1.,0.));
#815 = FACE_BOUND('',#816,.F.);
#816 = EDGE_LOOP('',(#817));
#817 = ORIENTED_EDGE('',*,*,#818,.T.);
#818 = EDGE_CURVE('',#819,#819,#821,.T.);
#819 = VERTEX_POINT('',#820);
#820 = CARTESIAN_POINT('',(38.2545,-81.7659,0.));
#821 = CIRCLE('',#822,0.15);
#822 = AXIS2_PLACEMENT_3D('',#823,#824,#825);
#823 = CARTESIAN_POINT('',(38.2545,-81.6159,0.));
#824 = DIRECTION('',(-0.,0.,-1.));
#825 = DIRECTION('',(-0.,-1.,0.));
#826 = FACE_BOUND('',#827,.F.);
#827 = EDGE_LOOP('',(#828));
#828 = ORIENTED_EDGE('',*,*,#829,.T.);
#829 = EDGE_CURVE('',#830,#830,#832,.T.);
#830 = VERTEX_POINT('',#831);
#831 = CARTESIAN_POINT('',(38.1791,-80.6471,0.));
#832 = CIRCLE('',#833,0.15);
#833 = AXIS2_PLACEMENT_3D('',#834,#835,#836);
#834 = CARTESIAN_POINT('',(38.1791,-80.4971,0.));
#835 = DIRECTION('',(-0.,0.,-1.));
#836 = DIRECTION('',(-0.,-1.,0.));
#837 = FACE_BOUND('',#838,.F.);
#838 = EDGE_LOOP('',(#839));
#839 = ORIENTED_EDGE('',*,*,#840,.T.);
#840 = EDGE_CURVE('',#841,#841,#843,.T.);
#841 = VERTEX_POINT('',#842);
#842 = CARTESIAN_POINT('',(39.2138,-80.6077,0.));
#843 = CIRCLE('',#844,0.15);
#844 = AXIS2_PLACEMENT_3D('',#845,#846,#847);
#845 = CARTESIAN_POINT('',(39.2138,-80.4577,0.));
#846 = DIRECTION('',(-0.,0.,-1.));
#847 = DIRECTION('',(-0.,-1.,0.));
#848 = FACE_BOUND('',#849,.F.);
#849 = EDGE_LOOP('',(#850));
#850 = ORIENTED_EDGE('',*,*,#851,.T.);
#851 = EDGE_CURVE('',#852,#852,#854,.T.);
#852 = VERTEX_POINT('',#853);
#853 = CARTESIAN_POINT('',(41.5509,-81.0733,0.));
#854 = CIRCLE('',#855,0.15);
#855 = AXIS2_PLACEMENT_3D('',#856,#857,#858);
#856 = CARTESIAN_POINT('',(41.5509,-80.9233,0.));
#857 = DIRECTION('',(-0.,0.,-1.));
#858 = DIRECTION('',(-0.,-1.,0.));
#859 = FACE_BOUND('',#860,.F.);
#860 = EDGE_LOOP('',(#861));
#861 = ORIENTED_EDGE('',*,*,#862,.T.);
#862 = EDGE_CURVE('',#863,#863,#865,.T.);
#863 = VERTEX_POINT('',#864);
#864 = CARTESIAN_POINT('',(37.2684,-76.6714,0.));
#865 = CIRCLE('',#866,0.15);
#866 = AXIS2_PLACEMENT_3D('',#867,#868,#869);
#867 = CARTESIAN_POINT('',(37.2684,-76.5214,0.));
#868 = DIRECTION('',(-0.,0.,-1.));
#869 = DIRECTION('',(-0.,-1.,0.));
#870 = FACE_BOUND('',#871,.F.);
#871 = EDGE_LOOP('',(#872));
#872 = ORIENTED_EDGE('',*,*,#873,.T.);
#873 = EDGE_CURVE('',#874,#874,#876,.T.);
#874 = VERTEX_POINT('',#875);
#875 = CARTESIAN_POINT('',(42.5161,-76.418,0.));
#876 = CIRCLE('',#877,0.15);
#877 = AXIS2_PLACEMENT_3D('',#878,#879,#880);
#878 = CARTESIAN_POINT('',(42.5161,-76.268,0.));
#879 = DIRECTION('',(-0.,0.,-1.));
#880 = DIRECTION('',(-0.,-1.,0.));
#881 = FACE_BOUND('',#882,.F.);
#882 = EDGE_LOOP('',(#883,#894,#902,#911));
#883 = ORIENTED_EDGE('',*,*,#884,.T.);
#884 = EDGE_CURVE('',#885,#887,#889,.T.);
#885 = VERTEX_POINT('',#886);
#886 = CARTESIAN_POINT('',(44.17,-90.365,0.));
#887 = VERTEX_POINT('',#888);
#888 = CARTESIAN_POINT('',(44.67,-90.365,0.));
#889 = CIRCLE('',#890,0.25);
#890 = AXIS2_PLACEMENT_3D('',#891,#892,#893);
#891 = CARTESIAN_POINT('',(44.42,-90.365,0.));
#892 = DIRECTION('',(0.,-0.,-1.));
#893 = DIRECTION('',(1.,0.,-0.));
#894 = ORIENTED_EDGE('',*,*,#895,.T.);
#895 = EDGE_CURVE('',#887,#896,#898,.T.);
#896 = VERTEX_POINT('',#897);
#897 = CARTESIAN_POINT('',(44.67,-91.515,0.));
#898 = LINE('',#899,#900);
#899 = CARTESIAN_POINT('',(44.67,-45.7575,0.));
#900 = VECTOR('',#901,1.);
#901 = DIRECTION('',(0.,-1.,0.));
#902 = ORIENTED_EDGE('',*,*,#903,.T.);
#903 = EDGE_CURVE('',#896,#904,#906,.T.);
#904 = VERTEX_POINT('',#905);
#905 = CARTESIAN_POINT('',(44.17,-91.515,0.));
#906 = CIRCLE('',#907,0.25);
#907 = AXIS2_PLACEMENT_3D('',#908,#909,#910);
#908 = CARTESIAN_POINT('',(44.42,-91.515,0.));
#909 = DIRECTION('',(-0.,0.,-1.));
#910 = DIRECTION('',(-1.,0.,0.));
#911 = ORIENTED_EDGE('',*,*,#912,.T.);
#912 = EDGE_CURVE('',#904,#885,#913,.T.);
#913 = LINE('',#914,#915);
#914 = CARTESIAN_POINT('',(44.17,-45.1825,0.));
#915 = VECTOR('',#916,1.);
#916 = DIRECTION('',(-0.,1.,0.));
#917 = FACE_BOUND('',#918,.F.);
#918 = EDGE_LOOP('',(#919,#930,#938,#947));
#919 = ORIENTED_EDGE('',*,*,#920,.T.);
#920 = EDGE_CURVE('',#921,#923,#925,.T.);
#921 = VERTEX_POINT('',#922);
#922 = CARTESIAN_POINT('',(44.17,-85.725,0.));
#923 = VERTEX_POINT('',#924);
#924 = CARTESIAN_POINT('',(44.67,-85.725,0.));
#925 = CIRCLE('',#926,0.25);
#926 = AXIS2_PLACEMENT_3D('',#927,#928,#929);
#927 = CARTESIAN_POINT('',(44.42,-85.725,0.));
#928 = DIRECTION('',(0.,-0.,-1.));
#929 = DIRECTION('',(1.,0.,-0.));
#930 = ORIENTED_EDGE('',*,*,#931,.T.);
#931 = EDGE_CURVE('',#923,#932,#934,.T.);
#932 = VERTEX_POINT('',#933);
#933 = CARTESIAN_POINT('',(44.67,-86.875,0.));
#934 = LINE('',#935,#936);
#935 = CARTESIAN_POINT('',(44.67,-43.4375,0.));
#936 = VECTOR('',#937,1.);
#937 = DIRECTION('',(0.,-1.,0.));
#938 = ORIENTED_EDGE('',*,*,#939,.T.);
#939 = EDGE_CURVE('',#932,#940,#942,.T.);
#940 = VERTEX_POINT('',#941);
#941 = CARTESIAN_POINT('',(44.17,-86.875,0.));
#942 = CIRCLE('',#943,0.25);
#943 = AXIS2_PLACEMENT_3D('',#944,#945,#946);
#944 = CARTESIAN_POINT('',(44.42,-86.875,0.));
#945 = DIRECTION('',(-0.,0.,-1.));
#946 = DIRECTION('',(-1.,0.,0.));
#947 = ORIENTED_EDGE('',*,*,#948,.T.);
#948 = EDGE_CURVE('',#940,#921,#949,.T.);
#949 = LINE('',#950,#951);
#950 = CARTESIAN_POINT('',(44.17,-42.8625,0.));
#951 = VECTOR('',#952,1.);
#952 = DIRECTION('',(-0.,1.,0.));
#953 = FACE_BOUND('',#954,.F.);
#954 = EDGE_LOOP('',(#955));
#955 = ORIENTED_EDGE('',*,*,#956,.T.);
#956 = EDGE_CURVE('',#957,#957,#959,.T.);
#957 = VERTEX_POINT('',#958);
#958 = CARTESIAN_POINT('',(46.25,-86.54,0.));
#959 = CIRCLE('',#960,0.325);
#960 = AXIS2_PLACEMENT_3D('',#961,#962,#963);
#961 = CARTESIAN_POINT('',(46.25,-86.215,0.));
#962 = DIRECTION('',(-0.,0.,-1.));
#963 = DIRECTION('',(-0.,-1.,0.));
#964 = FACE_BOUND('',#965,.F.);
#965 = EDGE_LOOP('',(#966));
#966 = ORIENTED_EDGE('',*,*,#967,.T.);
#967 = EDGE_CURVE('',#968,#968,#970,.T.);
#968 = VERTEX_POINT('',#969);
#969 = CARTESIAN_POINT('',(43.3344,-84.1633,0.));
#970 = CIRCLE('',#971,0.15);
#971 = AXIS2_PLACEMENT_3D('',#972,#973,#974);
#972 = CARTESIAN_POINT('',(43.3344,-84.0133,0.));
#973 = DIRECTION('',(-0.,0.,-1.));
#974 = DIRECTION('',(-0.,-1.,0.));
#975 = FACE_BOUND('',#976,.F.);
#976 = EDGE_LOOP('',(#977));
#977 = ORIENTED_EDGE('',*,*,#978,.T.);
#978 = EDGE_CURVE('',#979,#979,#981,.T.);
#979 = VERTEX_POINT('',#980);
#980 = CARTESIAN_POINT('',(48.6702,-83.9181,0.));
#981 = CIRCLE('',#982,0.15);
#982 = AXIS2_PLACEMENT_3D('',#983,#984,#985);
#983 = CARTESIAN_POINT('',(48.6702,-83.7681,0.));
#984 = DIRECTION('',(-0.,0.,-1.));
#985 = DIRECTION('',(-0.,-1.,0.));
#986 = FACE_BOUND('',#987,.F.);
#987 = EDGE_LOOP('',(#988,#999,#1007,#1016));
#988 = ORIENTED_EDGE('',*,*,#989,.T.);
#989 = EDGE_CURVE('',#990,#992,#994,.T.);
#990 = VERTEX_POINT('',#991);
#991 = CARTESIAN_POINT('',(55.33,-90.365,0.));
#992 = VERTEX_POINT('',#993);
#993 = CARTESIAN_POINT('',(55.83,-90.365,0.));
#994 = CIRCLE('',#995,0.25);
#995 = AXIS2_PLACEMENT_3D('',#996,#997,#998);
#996 = CARTESIAN_POINT('',(55.58,-90.365,0.));
#997 = DIRECTION('',(0.,-0.,-1.));
#998 = DIRECTION('',(1.,0.,-0.));
#999 = ORIENTED_EDGE('',*,*,#1000,.T.);
#1000 = EDGE_CURVE('',#992,#1001,#1003,.T.);
#1001 = VERTEX_POINT('',#1002);
#1002 = CARTESIAN_POINT('',(55.83,-91.515,0.));
#1003 = LINE('',#1004,#1005);
#1004 = CARTESIAN_POINT('',(55.83,-45.7575,0.));
#1005 = VECTOR('',#1006,1.);
#1006 = DIRECTION('',(0.,-1.,0.));
#1007 = ORIENTED_EDGE('',*,*,#1008,.T.);
#1008 = EDGE_CURVE('',#1001,#1009,#1011,.T.);
#1009 = VERTEX_POINT('',#1010);
#1010 = CARTESIAN_POINT('',(55.33,-91.515,0.));
#1011 = CIRCLE('',#1012,0.25);
#1012 = AXIS2_PLACEMENT_3D('',#1013,#1014,#1015);
#1013 = CARTESIAN_POINT('',(55.58,-91.515,0.));
#1014 = DIRECTION('',(-0.,0.,-1.));
#1015 = DIRECTION('',(-1.,0.,0.));
#1016 = ORIENTED_EDGE('',*,*,#1017,.T.);
#1017 = EDGE_CURVE('',#1009,#990,#1018,.T.);
#1018 = LINE('',#1019,#1020);
#1019 = CARTESIAN_POINT('',(55.33,-45.1825,0.));
#1020 = VECTOR('',#1021,1.);
#1021 = DIRECTION('',(-0.,1.,0.));
#1022 = FACE_BOUND('',#1023,.F.);
#1023 = EDGE_LOOP('',(#1024));
#1024 = ORIENTED_EDGE('',*,*,#1025,.T.);
#1025 = EDGE_CURVE('',#1026,#1026,#1028,.T.);
#1026 = VERTEX_POINT('',#1027);
#1027 = CARTESIAN_POINT('',(51.0567,-84.1181,0.));
#1028 = CIRCLE('',#1029,0.15);
#1029 = AXIS2_PLACEMENT_3D('',#1030,#1031,#1032);
#1030 = CARTESIAN_POINT('',(51.0567,-83.9681,0.));
#1031 = DIRECTION('',(-0.,0.,-1.));
#1032 = DIRECTION('',(-0.,-1.,0.));
#1033 = FACE_BOUND('',#1034,.F.);
#1034 = EDGE_LOOP('',(#1035));
#1035 = ORIENTED_EDGE('',*,*,#1036,.T.);
#1036 = EDGE_CURVE('',#1037,#1037,#1039,.T.);
#1037 = VERTEX_POINT('',#1038);
#1038 = CARTESIAN_POINT('',(52.1125,-83.4338,0.));
#1039 = CIRCLE('',#1040,0.15);
#1040 = AXIS2_PLACEMENT_3D('',#1041,#1042,#1043);
#1041 = CARTESIAN_POINT('',(52.1125,-83.2838,0.));
#1042 = DIRECTION('',(-0.,0.,-1.));
#1043 = DIRECTION('',(-0.,-1.,0.));
#1044 = FACE_BOUND('',#1045,.F.);
#1045 = EDGE_LOOP('',(#1046));
#1046 = ORIENTED_EDGE('',*,*,#1047,.T.);
#1047 = EDGE_CURVE('',#1048,#1048,#1050,.T.);
#1048 = VERTEX_POINT('',#1049);
#1049 = CARTESIAN_POINT('',(53.75,-86.54,0.));
#1050 = CIRCLE('',#1051,0.325);
#1051 = AXIS2_PLACEMENT_3D('',#1052,#1053,#1054);
#1052 = CARTESIAN_POINT('',(53.75,-86.215,0.));
#1053 = DIRECTION('',(-0.,0.,-1.));
#1054 = DIRECTION('',(-0.,-1.,0.));
#1055 = FACE_BOUND('',#1056,.F.);
#1056 = EDGE_LOOP('',(#1057,#1068,#1076,#1085));
#1057 = ORIENTED_EDGE('',*,*,#1058,.T.);
#1058 = EDGE_CURVE('',#1059,#1061,#1063,.T.);
#1059 = VERTEX_POINT('',#1060);
#1060 = CARTESIAN_POINT('',(55.33,-85.725,0.));
#1061 = VERTEX_POINT('',#1062);
#1062 = CARTESIAN_POINT('',(55.83,-85.725,0.));
#1063 = CIRCLE('',#1064,0.25);
#1064 = AXIS2_PLACEMENT_3D('',#1065,#1066,#1067);
#1065 = CARTESIAN_POINT('',(55.58,-85.725,0.));
#1066 = DIRECTION('',(0.,-0.,-1.));
#1067 = DIRECTION('',(1.,0.,-0.));
#1068 = ORIENTED_EDGE('',*,*,#1069,.T.);
#1069 = EDGE_CURVE('',#1061,#1070,#1072,.T.);
#1070 = VERTEX_POINT('',#1071);
#1071 = CARTESIAN_POINT('',(55.83,-86.875,0.));
#1072 = LINE('',#1073,#1074);
#1073 = CARTESIAN_POINT('',(55.83,-43.4375,0.));
#1074 = VECTOR('',#1075,1.);
#1075 = DIRECTION('',(0.,-1.,0.));
#1076 = ORIENTED_EDGE('',*,*,#1077,.T.);
#1077 = EDGE_CURVE('',#1070,#1078,#1080,.T.);
#1078 = VERTEX_POINT('',#1079);
#1079 = CARTESIAN_POINT('',(55.33,-86.875,0.));
#1080 = CIRCLE('',#1081,0.25);
#1081 = AXIS2_PLACEMENT_3D('',#1082,#1083,#1084);
#1082 = CARTESIAN_POINT('',(55.58,-86.875,0.));
#1083 = DIRECTION('',(-0.,0.,-1.));
#1084 = DIRECTION('',(-1.,0.,0.));
#1085 = ORIENTED_EDGE('',*,*,#1086,.T.);
#1086 = EDGE_CURVE('',#1078,#1059,#1087,.T.);
#1087 = LINE('',#1088,#1089);
#1088 = CARTESIAN_POINT('',(55.33,-42.8625,0.));
#1089 = VECTOR('',#1090,1.);
#1090 = DIRECTION('',(-0.,1.,0.));
#1091 = FACE_BOUND('',#1092,.F.);
#1092 = EDGE_LOOP('',(#1093));
#1093 = ORIENTED_EDGE('',*,*,#1094,.T.);
#1094 = EDGE_CURVE('',#1095,#1095,#1097,.T.);
#1095 = VERTEX_POINT('',#1096);
#1096 = CARTESIAN_POINT('',(53.926,-83.7612,0.));
#1097 = CIRCLE('',#1098,0.15);
#1098 = AXIS2_PLACEMENT_3D('',#1099,#1100,#1101);
#1099 = CARTESIAN_POINT('',(53.926,-83.6112,0.));
#1100 = DIRECTION('',(-0.,0.,-1.));
#1101 = DIRECTION('',(-0.,-1.,0.));
#1102 = FACE_BOUND('',#1103,.F.);
#1103 = EDGE_LOOP('',(#1104));
#1104 = ORIENTED_EDGE('',*,*,#1105,.T.);
#1105 = EDGE_CURVE('',#1106,#1106,#1108,.T.);
#1106 = VERTEX_POINT('',#1107);
#1107 = CARTESIAN_POINT('',(44.4327,-81.8572,0.));
#1108 = CIRCLE('',#1109,0.15);
#1109 = AXIS2_PLACEMENT_3D('',#1110,#1111,#1112);
#1110 = CARTESIAN_POINT('',(44.4327,-81.7072,0.));
#1111 = DIRECTION('',(-0.,0.,-1.));
#1112 = DIRECTION('',(-0.,-1.,0.));
#1113 = FACE_BOUND('',#1114,.F.);
#1114 = EDGE_LOOP('',(#1115));
#1115 = ORIENTED_EDGE('',*,*,#1116,.T.);
#1116 = EDGE_CURVE('',#1117,#1117,#1119,.T.);
#1117 = VERTEX_POINT('',#1118);
#1118 = CARTESIAN_POINT('',(47.9278,-81.8524,0.));
#1119 = CIRCLE('',#1120,0.15);
#1120 = AXIS2_PLACEMENT_3D('',#1121,#1122,#1123);
#1121 = CARTESIAN_POINT('',(47.9278,-81.7024,0.));
#1122 = DIRECTION('',(-0.,0.,-1.));
#1123 = DIRECTION('',(-4.736951571734E-14,-1.,0.));
#1124 = FACE_BOUND('',#1125,.F.);
#1125 = EDGE_LOOP('',(#1126));
#1126 = ORIENTED_EDGE('',*,*,#1127,.T.);
#1127 = EDGE_CURVE('',#1128,#1128,#1130,.T.);
#1128 = VERTEX_POINT('',#1129);
#1129 = CARTESIAN_POINT('',(48.9853,-81.3092,0.));
#1130 = CIRCLE('',#1131,0.15);
#1131 = AXIS2_PLACEMENT_3D('',#1132,#1133,#1134);
#1132 = CARTESIAN_POINT('',(48.9853,-81.1592,0.));
#1133 = DIRECTION('',(-0.,0.,-1.));
#1134 = DIRECTION('',(4.736951571734E-14,-1.,-0.));
#1135 = FACE_BOUND('',#1136,.F.);
#1136 = EDGE_LOOP('',(#1137));
#1137 = ORIENTED_EDGE('',*,*,#1138,.T.);
#1138 = EDGE_CURVE('',#1139,#1139,#1141,.T.);
#1139 = VERTEX_POINT('',#1140);
#1140 = CARTESIAN_POINT('',(48.9853,-78.8093,0.));
#1141 = CIRCLE('',#1142,0.15);
#1142 = AXIS2_PLACEMENT_3D('',#1143,#1144,#1145);
#1143 = CARTESIAN_POINT('',(48.9853,-78.6593,0.));
#1144 = DIRECTION('',(-0.,0.,-1.));
#1145 = DIRECTION('',(4.736951571734E-14,-1.,-0.));
#1146 = FACE_BOUND('',#1147,.F.);
#1147 = EDGE_LOOP('',(#1148));
#1148 = ORIENTED_EDGE('',*,*,#1149,.T.);
#1149 = EDGE_CURVE('',#1150,#1150,#1152,.T.);
#1150 = VERTEX_POINT('',#1151);
#1151 = CARTESIAN_POINT('',(51.,-82.15,0.));
#1152 = CIRCLE('',#1153,0.15);
#1153 = AXIS2_PLACEMENT_3D('',#1154,#1155,#1156);
#1154 = CARTESIAN_POINT('',(51.,-82.,0.));
#1155 = DIRECTION('',(-0.,0.,-1.));
#1156 = DIRECTION('',(-0.,-1.,0.));
#1157 = FACE_BOUND('',#1158,.F.);
#1158 = EDGE_LOOP('',(#1159));
#1159 = ORIENTED_EDGE('',*,*,#1160,.T.);
#1160 = EDGE_CURVE('',#1161,#1161,#1163,.T.);
#1161 = VERTEX_POINT('',#1162);
#1162 = CARTESIAN_POINT('',(36.9395,-63.2231,0.));
#1163 = CIRCLE('',#1164,0.15);
#1164 = AXIS2_PLACEMENT_3D('',#1165,#1166,#1167);
#1165 = CARTESIAN_POINT('',(36.9395,-63.0731,0.));
#1166 = DIRECTION('',(-0.,0.,-1.));
#1167 = DIRECTION('',(4.736951571734E-14,-1.,-0.));
#1168 = FACE_BOUND('',#1169,.F.);
#1169 = EDGE_LOOP('',(#1170));
#1170 = ORIENTED_EDGE('',*,*,#1171,.T.);
#1171 = EDGE_CURVE('',#1172,#1172,#1174,.T.);
#1172 = VERTEX_POINT('',#1173);
#1173 = CARTESIAN_POINT('',(39.3455,-64.15,0.));
#1174 = CIRCLE('',#1175,0.15);
#1175 = AXIS2_PLACEMENT_3D('',#1176,#1177,#1178);
#1176 = CARTESIAN_POINT('',(39.3455,-64.,0.));
#1177 = DIRECTION('',(-0.,0.,-1.));
#1178 = DIRECTION('',(-0.,-1.,0.));
#1179 = FACE_BOUND('',#1180,.F.);
#1180 = EDGE_LOOP('',(#1181));
#1181 = ORIENTED_EDGE('',*,*,#1182,.T.);
#1182 = EDGE_CURVE('',#1183,#1183,#1185,.T.);
#1183 = VERTEX_POINT('',#1184);
#1184 = CARTESIAN_POINT('',(48.8377,-71.694,0.));
#1185 = CIRCLE('',#1186,0.15);
#1186 = AXIS2_PLACEMENT_3D('',#1187,#1188,#1189);
#1187 = CARTESIAN_POINT('',(48.8377,-71.544,0.));
#1188 = DIRECTION('',(-0.,0.,-1.));
#1189 = DIRECTION('',(-0.,-1.,0.));
#1190 = FACE_BOUND('',#1191,.F.);
#1191 = EDGE_LOOP('',(#1192));
#1192 = ORIENTED_EDGE('',*,*,#1193,.T.);
#1193 = EDGE_CURVE('',#1194,#1194,#1196,.T.);
#1194 = VERTEX_POINT('',#1195);
#1195 = CARTESIAN_POINT('',(48.1359,-67.9869,0.));
#1196 = CIRCLE('',#1197,0.15);
#1197 = AXIS2_PLACEMENT_3D('',#1198,#1199,#1200);
#1198 = CARTESIAN_POINT('',(48.1359,-67.8369,0.));
#1199 = DIRECTION('',(-0.,0.,-1.));
#1200 = DIRECTION('',(-0.,-1.,0.));
#1201 = FACE_BOUND('',#1202,.F.);
#1202 = EDGE_LOOP('',(#1203));
#1203 = ORIENTED_EDGE('',*,*,#1204,.T.);
#1204 = EDGE_CURVE('',#1205,#1205,#1207,.T.);
#1205 = VERTEX_POINT('',#1206);
#1206 = CARTESIAN_POINT('',(48.1359,-64.4474,0.));
#1207 = CIRCLE('',#1208,0.15);
#1208 = AXIS2_PLACEMENT_3D('',#1209,#1210,#1211);
#1209 = CARTESIAN_POINT('',(48.1359,-64.2974,0.));
#1210 = DIRECTION('',(-0.,0.,-1.));
#1211 = DIRECTION('',(-0.,-1.,0.));
#1212 = FACE_BOUND('',#1213,.F.);
#1213 = EDGE_LOOP('',(#1214));
#1214 = ORIENTED_EDGE('',*,*,#1215,.T.);
#1215 = EDGE_CURVE('',#1216,#1216,#1218,.T.);
#1216 = VERTEX_POINT('',#1217);
#1217 = CARTESIAN_POINT('',(48.3884,-61.51,0.));
#1218 = CIRCLE('',#1219,0.15);
#1219 = AXIS2_PLACEMENT_3D('',#1220,#1221,#1222);
#1220 = CARTESIAN_POINT('',(48.3884,-61.36,0.));
#1221 = DIRECTION('',(-0.,0.,-1.));
#1222 = DIRECTION('',(-4.736951571734E-14,-1.,0.));
#1223 = FACE_BOUND('',#1224,.F.);
#1224 = EDGE_LOOP('',(#1225));
#1225 = ORIENTED_EDGE('',*,*,#1226,.T.);
#1226 = EDGE_CURVE('',#1227,#1227,#1229,.T.);
#1227 = VERTEX_POINT('',#1228);
#1228 = CARTESIAN_POINT('',(14.0495,-53.8229,0.));
#1229 = CIRCLE('',#1230,0.15);
#1230 = AXIS2_PLACEMENT_3D('',#1231,#1232,#1233);
#1231 = CARTESIAN_POINT('',(14.0495,-53.6729,0.));
#1232 = DIRECTION('',(-0.,0.,-1.));
#1233 = DIRECTION('',(-0.,-1.,0.));
#1234 = FACE_BOUND('',#1235,.F.);
#1235 = EDGE_LOOP('',(#1236));
#1236 = ORIENTED_EDGE('',*,*,#1237,.T.);
#1237 = EDGE_CURVE('',#1238,#1238,#1240,.T.);
#1238 = VERTEX_POINT('',#1239);
#1239 = CARTESIAN_POINT('',(16.4318,-51.7874,0.));
#1240 = CIRCLE('',#1241,0.15);
#1241 = AXIS2_PLACEMENT_3D('',#1242,#1243,#1244);
#1242 = CARTESIAN_POINT('',(16.4318,-51.6374,0.));
#1243 = DIRECTION('',(-0.,0.,-1.));
#1244 = DIRECTION('',(-2.368475785867E-14,-1.,0.));
#1245 = FACE_BOUND('',#1246,.F.);
#1246 = EDGE_LOOP('',(#1247));
#1247 = ORIENTED_EDGE('',*,*,#1248,.T.);
#1248 = EDGE_CURVE('',#1249,#1249,#1251,.T.);
#1249 = VERTEX_POINT('',#1250);
#1250 = CARTESIAN_POINT('',(10.8348,-46.0223,0.));
#1251 = CIRCLE('',#1252,0.15);
#1252 = AXIS2_PLACEMENT_3D('',#1253,#1254,#1255);
#1253 = CARTESIAN_POINT('',(10.8348,-45.8723,0.));
#1254 = DIRECTION('',(-0.,0.,-1.));
#1255 = DIRECTION('',(-0.,-1.,0.));
#1256 = FACE_BOUND('',#1257,.F.);
#1257 = EDGE_LOOP('',(#1258));
#1258 = ORIENTED_EDGE('',*,*,#1259,.T.);
#1259 = EDGE_CURVE('',#1260,#1260,#1262,.T.);
#1260 = VERTEX_POINT('',#1261);
#1261 = CARTESIAN_POINT('',(38.1893,-54.4156,0.));
#1262 = CIRCLE('',#1263,0.15);
#1263 = AXIS2_PLACEMENT_3D('',#1264,#1265,#1266);
#1264 = CARTESIAN_POINT('',(38.1893,-54.2656,0.));
#1265 = DIRECTION('',(-0.,0.,-1.));
#1266 = DIRECTION('',(-0.,-1.,0.));
#1267 = FACE_BOUND('',#1268,.F.);
#1268 = EDGE_LOOP('',(#1269));
#1269 = ORIENTED_EDGE('',*,*,#1270,.T.);
#1270 = EDGE_CURVE('',#1271,#1271,#1273,.T.);
#1271 = VERTEX_POINT('',#1272);
#1272 = CARTESIAN_POINT('',(34.3262,-45.3138,0.));
#1273 = CIRCLE('',#1274,0.15);
#1274 = AXIS2_PLACEMENT_3D('',#1275,#1276,#1277);
#1275 = CARTESIAN_POINT('',(34.3262,-45.1638,0.));
#1276 = DIRECTION('',(-0.,0.,-1.));
#1277 = DIRECTION('',(-0.,-1.,0.));
#1278 = FACE_BOUND('',#1279,.F.);
#1279 = EDGE_LOOP('',(#1280));
#1280 = ORIENTED_EDGE('',*,*,#1281,.T.);
#1281 = EDGE_CURVE('',#1282,#1282,#1284,.T.);
#1282 = VERTEX_POINT('',#1283);
#1283 = CARTESIAN_POINT('',(33.4854,-39.7146,0.));
#1284 = CIRCLE('',#1285,0.15);
#1285 = AXIS2_PLACEMENT_3D('',#1286,#1287,#1288);
#1286 = CARTESIAN_POINT('',(33.4854,-39.5646,0.));
#1287 = DIRECTION('',(-0.,0.,-1.));
#1288 = DIRECTION('',(-0.,-1.,0.));
#1289 = FACE_BOUND('',#1290,.F.);
#1290 = EDGE_LOOP('',(#1291));
#1291 = ORIENTED_EDGE('',*,*,#1292,.T.);
#1292 = EDGE_CURVE('',#1293,#1293,#1295,.T.);
#1293 = VERTEX_POINT('',#1294);
#1294 = CARTESIAN_POINT('',(40.2125,-42.1377,0.));
#1295 = CIRCLE('',#1296,0.15);
#1296 = AXIS2_PLACEMENT_3D('',#1297,#1298,#1299);
#1297 = CARTESIAN_POINT('',(40.2125,-41.9877,0.));
#1298 = DIRECTION('',(-0.,0.,-1.));
#1299 = DIRECTION('',(-0.,-1.,0.));
#1300 = FACE_BOUND('',#1301,.F.);
#1301 = EDGE_LOOP('',(#1302));
#1302 = ORIENTED_EDGE('',*,*,#1303,.T.);
#1303 = EDGE_CURVE('',#1304,#1304,#1306,.T.);
#1304 = VERTEX_POINT('',#1305);
#1305 = CARTESIAN_POINT('',(48.7837,-51.85,0.));
#1306 = CIRCLE('',#1307,0.15);
#1307 = AXIS2_PLACEMENT_3D('',#1308,#1309,#1310);
#1308 = CARTESIAN_POINT('',(48.7837,-51.7,0.));
#1309 = DIRECTION('',(-0.,0.,-1.));
#1310 = DIRECTION('',(4.736951571734E-14,-1.,-0.));
#1311 = FACE_BOUND('',#1312,.F.);
#1312 = EDGE_LOOP('',(#1313));
#1313 = ORIENTED_EDGE('',*,*,#1314,.T.);
#1314 = EDGE_CURVE('',#1315,#1315,#1317,.T.);
#1315 = VERTEX_POINT('',#1316);
#1316 = CARTESIAN_POINT('',(50.0967,-49.9408,0.));
#1317 = CIRCLE('',#1318,0.15);
#1318 = AXIS2_PLACEMENT_3D('',#1319,#1320,#1321);
#1319 = CARTESIAN_POINT('',(50.0967,-49.7908,0.));
#1320 = DIRECTION('',(-0.,0.,-1.));
#1321 = DIRECTION('',(-0.,-1.,0.));
#1322 = FACE_BOUND('',#1323,.F.);
#1323 = EDGE_LOOP('',(#1324));
#1324 = ORIENTED_EDGE('',*,*,#1325,.T.);
#1325 = EDGE_CURVE('',#1326,#1326,#1328,.T.);
#1326 = VERTEX_POINT('',#1327);
#1327 = CARTESIAN_POINT('',(51.3008,-47.9608,0.));
#1328 = CIRCLE('',#1329,0.15);
#1329 = AXIS2_PLACEMENT_3D('',#1330,#1331,#1332);
#1330 = CARTESIAN_POINT('',(51.3008,-47.8108,0.));
#1331 = DIRECTION('',(-0.,0.,-1.));
#1332 = DIRECTION('',(4.736951571734E-14,-1.,-0.));
#1333 = FACE_BOUND('',#1334,.F.);
#1334 = EDGE_LOOP('',(#1335));
#1335 = ORIENTED_EDGE('',*,*,#1336,.T.);
#1336 = EDGE_CURVE('',#1337,#1337,#1339,.T.);
#1337 = VERTEX_POINT('',#1338);
#1338 = CARTESIAN_POINT('',(51.3328,-46.4406,0.));
#1339 = CIRCLE('',#1340,0.15);
#1340 = AXIS2_PLACEMENT_3D('',#1341,#1342,#1343);
#1341 = CARTESIAN_POINT('',(51.3328,-46.2906,0.));
#1342 = DIRECTION('',(-0.,0.,-1.));
#1343 = DIRECTION('',(-0.,-1.,0.));
#1344 = FACE_BOUND('',#1345,.F.);
#1345 = EDGE_LOOP('',(#1346));
#1346 = ORIENTED_EDGE('',*,*,#1347,.T.);
#1347 = EDGE_CURVE('',#1348,#1348,#1350,.T.);
#1348 = VERTEX_POINT('',#1349);
#1349 = CARTESIAN_POINT('',(54.8452,-49.9893,0.));
#1350 = CIRCLE('',#1351,0.15);
#1351 = AXIS2_PLACEMENT_3D('',#1352,#1353,#1354);
#1352 = CARTESIAN_POINT('',(54.8452,-49.8393,0.));
#1353 = DIRECTION('',(-0.,0.,-1.));
#1354 = DIRECTION('',(-0.,-1.,0.));
#1355 = FACE_BOUND('',#1356,.F.);
#1356 = EDGE_LOOP('',(#1357));
#1357 = ORIENTED_EDGE('',*,*,#1358,.T.);
#1358 = EDGE_CURVE('',#1359,#1359,#1361,.T.);
#1359 = VERTEX_POINT('',#1360);
#1360 = CARTESIAN_POINT('',(52.1372,-38.9893,0.));
#1361 = CIRCLE('',#1362,0.15);
#1362 = AXIS2_PLACEMENT_3D('',#1363,#1364,#1365);
#1363 = CARTESIAN_POINT('',(52.1372,-38.8393,0.));
#1364 = DIRECTION('',(-0.,0.,-1.));
#1365 = DIRECTION('',(-0.,-1.,0.));
#1366 = FACE_BOUND('',#1367,.F.);
#1367 = EDGE_LOOP('',(#1368));
#1368 = ORIENTED_EDGE('',*,*,#1369,.T.);
#1369 = EDGE_CURVE('',#1370,#1370,#1372,.T.);
#1370 = VERTEX_POINT('',#1371);
#1371 = CARTESIAN_POINT('',(54.1825,-41.193,0.));
#1372 = CIRCLE('',#1373,0.15);
#1373 = AXIS2_PLACEMENT_3D('',#1374,#1375,#1376);
#1374 = CARTESIAN_POINT('',(54.1825,-41.043,0.));
#1375 = DIRECTION('',(-0.,0.,-1.));
#1376 = DIRECTION('',(-4.736951571734E-14,-1.,0.));
#1377 = FACE_BOUND('',#1378,.F.);
#1378 = EDGE_LOOP('',(#1379));
#1379 = ORIENTED_EDGE('',*,*,#1380,.T.);
#1380 = EDGE_CURVE('',#1381,#1381,#1383,.T.);
#1381 = VERTEX_POINT('',#1382);
#1382 = CARTESIAN_POINT('',(32.662,-36.2577,0.));
#1383 = CIRCLE('',#1384,0.15);
#1384 = AXIS2_PLACEMENT_3D('',#1385,#1386,#1387);
#1385 = CARTESIAN_POINT('',(32.662,-36.1077,0.));
#1386 = DIRECTION('',(-0.,0.,-1.));
#1387 = DIRECTION('',(-0.,-1.,0.));
#1388 = FACE_BOUND('',#1389,.F.);
#1389 = EDGE_LOOP('',(#1390));
#1390 = ORIENTED_EDGE('',*,*,#1391,.T.);
#1391 = EDGE_CURVE('',#1392,#1392,#1394,.T.);
#1392 = VERTEX_POINT('',#1393);
#1393 = CARTESIAN_POINT('',(32.67,-35.4652,0.));
#1394 = CIRCLE('',#1395,0.15);
#1395 = AXIS2_PLACEMENT_3D('',#1396,#1397,#1398);
#1396 = CARTESIAN_POINT('',(32.67,-35.3152,0.));
#1397 = DIRECTION('',(-0.,0.,-1.));
#1398 = DIRECTION('',(-0.,-1.,0.));
#1399 = FACE_BOUND('',#1400,.F.);
#1400 = EDGE_LOOP('',(#1401));
#1401 = ORIENTED_EDGE('',*,*,#1402,.T.);
#1402 = EDGE_CURVE('',#1403,#1403,#1405,.T.);
#1403 = VERTEX_POINT('',#1404);
#1404 = CARTESIAN_POINT('',(32.6687,-32.3013,0.));
#1405 = CIRCLE('',#1406,0.15);
#1406 = AXIS2_PLACEMENT_3D('',#1407,#1408,#1409);
#1407 = CARTESIAN_POINT('',(32.6687,-32.1513,0.));
#1408 = DIRECTION('',(-0.,0.,-1.));
#1409 = DIRECTION('',(-0.,-1.,0.));
#1410 = FACE_BOUND('',#1411,.F.);
#1411 = EDGE_LOOP('',(#1412));
#1412 = ORIENTED_EDGE('',*,*,#1413,.T.);
#1413 = EDGE_CURVE('',#1414,#1414,#1416,.T.);
#1414 = VERTEX_POINT('',#1415);
#1415 = CARTESIAN_POINT('',(35.8586,-31.2325,0.));
#1416 = CIRCLE('',#1417,0.15);
#1417 = AXIS2_PLACEMENT_3D('',#1418,#1419,#1420);
#1418 = CARTESIAN_POINT('',(35.8586,-31.0825,0.));
#1419 = DIRECTION('',(-0.,0.,-1.));
#1420 = DIRECTION('',(4.736951571734E-14,-1.,-0.));
#1421 = FACE_BOUND('',#1422,.F.);
#1422 = EDGE_LOOP('',(#1423));
#1423 = ORIENTED_EDGE('',*,*,#1424,.T.);
#1424 = EDGE_CURVE('',#1425,#1425,#1427,.T.);
#1425 = VERTEX_POINT('',#1426);
#1426 = CARTESIAN_POINT('',(41.4176,-36.6824,0.));
#1427 = CIRCLE('',#1428,0.15);
#1428 = AXIS2_PLACEMENT_3D('',#1429,#1430,#1431);
#1429 = CARTESIAN_POINT('',(41.4176,-36.5324,0.));
#1430 = DIRECTION('',(-0.,0.,-1.));
#1431 = DIRECTION('',(-0.,-1.,0.));
#1432 = FACE_BOUND('',#1433,.F.);
#1433 = EDGE_LOOP('',(#1434));
#1434 = ORIENTED_EDGE('',*,*,#1435,.T.);
#1435 = EDGE_CURVE('',#1436,#1436,#1438,.T.);
#1436 = VERTEX_POINT('',#1437);
#1437 = CARTESIAN_POINT('',(38.8167,-32.2,0.));
#1438 = CIRCLE('',#1439,0.15);
#1439 = AXIS2_PLACEMENT_3D('',#1440,#1441,#1442);
#1440 = CARTESIAN_POINT('',(38.8167,-32.05,0.));
#1441 = DIRECTION('',(-0.,0.,-1.));
#1442 = DIRECTION('',(-0.,-1.,0.));
#1443 = FACE_BOUND('',#1444,.F.);
#1444 = EDGE_LOOP('',(#1445));
#1445 = ORIENTED_EDGE('',*,*,#1446,.T.);
#1446 = EDGE_CURVE('',#1447,#1447,#1449,.T.);
#1447 = VERTEX_POINT('',#1448);
#1448 = CARTESIAN_POINT('',(34.8679,-22.3312,0.));
#1449 = CIRCLE('',#1450,0.15);
#1450 = AXIS2_PLACEMENT_3D('',#1451,#1452,#1453);
#1451 = CARTESIAN_POINT('',(34.8679,-22.1812,0.));
#1452 = DIRECTION('',(-0.,0.,-1.));
#1453 = DIRECTION('',(-0.,-1.,0.));
#1454 = FACE_BOUND('',#1455,.F.);
#1455 = EDGE_LOOP('',(#1456));
#1456 = ORIENTED_EDGE('',*,*,#1457,.T.);
#1457 = EDGE_CURVE('',#1458,#1458,#1460,.T.);
#1458 = VERTEX_POINT('',#1459);
#1459 = CARTESIAN_POINT('',(36.7825,-21.5003,0.));
#1460 = CIRCLE('',#1461,0.15);
#1461 = AXIS2_PLACEMENT_3D('',#1462,#1463,#1464);
#1462 = CARTESIAN_POINT('',(36.7825,-21.3503,0.));
#1463 = DIRECTION('',(-0.,0.,-1.));
#1464 = DIRECTION('',(-0.,-1.,0.));
#1465 = FACE_BOUND('',#1466,.F.);
#1466 = EDGE_LOOP('',(#1467));
#1467 = ORIENTED_EDGE('',*,*,#1468,.T.);
#1468 = EDGE_CURVE('',#1469,#1469,#1471,.T.);
#1469 = VERTEX_POINT('',#1470);
#1470 = CARTESIAN_POINT('',(38.2328,-23.8095,0.));
#1471 = CIRCLE('',#1472,0.15);
#1472 = AXIS2_PLACEMENT_3D('',#1473,#1474,#1475);
#1473 = CARTESIAN_POINT('',(38.2328,-23.6595,0.));
#1474 = DIRECTION('',(-0.,0.,-1.));
#1475 = DIRECTION('',(-0.,-1.,0.));
#1476 = FACE_BOUND('',#1477,.F.);
#1477 = EDGE_LOOP('',(#1478));
#1478 = ORIENTED_EDGE('',*,*,#1479,.T.);
#1479 = EDGE_CURVE('',#1480,#1480,#1482,.T.);
#1480 = VERTEX_POINT('',#1481);
#1481 = CARTESIAN_POINT('',(40.2055,-26.6213,0.));
#1482 = CIRCLE('',#1483,0.15);
#1483 = AXIS2_PLACEMENT_3D('',#1484,#1485,#1486);
#1484 = CARTESIAN_POINT('',(40.2055,-26.4713,0.));
#1485 = DIRECTION('',(-0.,0.,-1.));
#1486 = DIRECTION('',(-0.,-1.,0.));
#1487 = FACE_BOUND('',#1488,.F.);
#1488 = EDGE_LOOP('',(#1489));
#1489 = ORIENTED_EDGE('',*,*,#1490,.T.);
#1490 = EDGE_CURVE('',#1491,#1491,#1493,.T.);
#1491 = VERTEX_POINT('',#1492);
#1492 = CARTESIAN_POINT('',(41.,-26.6176,0.));
#1493 = CIRCLE('',#1494,0.15);
#1494 = AXIS2_PLACEMENT_3D('',#1495,#1496,#1497);
#1495 = CARTESIAN_POINT('',(41.,-26.4676,0.));
#1496 = DIRECTION('',(-0.,0.,-1.));
#1497 = DIRECTION('',(-0.,-1.,0.));
#1498 = FACE_BOUND('',#1499,.F.);
#1499 = EDGE_LOOP('',(#1500));
#1500 = ORIENTED_EDGE('',*,*,#1501,.T.);
#1501 = EDGE_CURVE('',#1502,#1502,#1504,.T.);
#1502 = VERTEX_POINT('',#1503);
#1503 = CARTESIAN_POINT('',(42.3996,-26.6021,0.));
#1504 = CIRCLE('',#1505,0.15);
#1505 = AXIS2_PLACEMENT_3D('',#1506,#1507,#1508);
#1506 = CARTESIAN_POINT('',(42.3996,-26.4521,0.));
#1507 = DIRECTION('',(-0.,0.,-1.));
#1508 = DIRECTION('',(-0.,-1.,0.));
#1509 = FACE_BOUND('',#1510,.F.);
#1510 = EDGE_LOOP('',(#1511));
#1511 = ORIENTED_EDGE('',*,*,#1512,.T.);
#1512 = EDGE_CURVE('',#1513,#1513,#1515,.T.);
#1513 = VERTEX_POINT('',#1514);
#1514 = CARTESIAN_POINT('',(37.5606,-21.5336,0.));
#1515 = CIRCLE('',#1516,0.15);
#1516 = AXIS2_PLACEMENT_3D('',#1517,#1518,#1519);
#1517 = CARTESIAN_POINT('',(37.5606,-21.3836,0.));
#1518 = DIRECTION('',(-0.,0.,-1.));
#1519 = DIRECTION('',(-0.,-1.,0.));
#1520 = FACE_BOUND('',#1521,.F.);
#1521 = EDGE_LOOP('',(#1522));
#1522 = ORIENTED_EDGE('',*,*,#1523,.T.);
#1523 = EDGE_CURVE('',#1524,#1524,#1526,.T.);
#1524 = VERTEX_POINT('',#1525);
#1525 = CARTESIAN_POINT('',(41.8419,-21.6158,0.));
#1526 = CIRCLE('',#1527,0.15);
#1527 = AXIS2_PLACEMENT_3D('',#1528,#1529,#1530);
#1528 = CARTESIAN_POINT('',(41.8419,-21.4658,0.));
#1529 = DIRECTION('',(-0.,0.,-1.));
#1530 = DIRECTION('',(4.736951571734E-14,-1.,-0.));
#1531 = FACE_BOUND('',#1532,.F.);
#1532 = EDGE_LOOP('',(#1533));
#1533 = ORIENTED_EDGE('',*,*,#1534,.T.);
#1534 = EDGE_CURVE('',#1535,#1535,#1537,.T.);
#1535 = VERTEX_POINT('',#1536);
#1536 = CARTESIAN_POINT('',(44.,-31.2378,0.));
#1537 = CIRCLE('',#1538,0.15);
#1538 = AXIS2_PLACEMENT_3D('',#1539,#1540,#1541);
#1539 = CARTESIAN_POINT('',(44.,-31.0878,0.));
#1540 = DIRECTION('',(-0.,0.,-1.));
#1541 = DIRECTION('',(-0.,-1.,0.));
#1542 = FACE_BOUND('',#1543,.F.);
#1543 = EDGE_LOOP('',(#1544));
#1544 = ORIENTED_EDGE('',*,*,#1545,.T.);
#1545 = EDGE_CURVE('',#1546,#1546,#1548,.T.);
#1546 = VERTEX_POINT('',#1547);
#1547 = CARTESIAN_POINT('',(46.6424,-31.828,0.));
#1548 = CIRCLE('',#1549,0.15);
#1549 = AXIS2_PLACEMENT_3D('',#1550,#1551,#1552);
#1550 = CARTESIAN_POINT('',(46.6424,-31.678,0.));
#1551 = DIRECTION('',(-0.,0.,-1.));
#1552 = DIRECTION('',(-0.,-1.,0.));
#1553 = FACE_BOUND('',#1554,.F.);
#1554 = EDGE_LOOP('',(#1555));
#1555 = ORIENTED_EDGE('',*,*,#1556,.T.);
#1556 = EDGE_CURVE('',#1557,#1557,#1559,.T.);
#1557 = VERTEX_POINT('',#1558);
#1558 = CARTESIAN_POINT('',(52.1372,-30.7268,0.));
#1559 = CIRCLE('',#1560,0.15);
#1560 = AXIS2_PLACEMENT_3D('',#1561,#1562,#1563);
#1561 = CARTESIAN_POINT('',(52.1372,-30.5768,0.));
#1562 = DIRECTION('',(-0.,0.,-1.));
#1563 = DIRECTION('',(-0.,-1.,0.));
#1564 = FACE_BOUND('',#1565,.F.);
#1565 = EDGE_LOOP('',(#1566));
#1566 = ORIENTED_EDGE('',*,*,#1567,.T.);
#1567 = EDGE_CURVE('',#1568,#1568,#1570,.T.);
#1568 = VERTEX_POINT('',#1569);
#1569 = CARTESIAN_POINT('',(53.2557,-30.6153,0.));
#1570 = CIRCLE('',#1571,0.15);
#1571 = AXIS2_PLACEMENT_3D('',#1572,#1573,#1574);
#1572 = CARTESIAN_POINT('',(53.2557,-30.4653,0.));
#1573 = DIRECTION('',(-0.,0.,-1.));
#1574 = DIRECTION('',(-4.736951571734E-14,-1.,0.));
#1575 = FACE_BOUND('',#1576,.F.);
#1576 = EDGE_LOOP('',(#1577));
#1577 = ORIENTED_EDGE('',*,*,#1578,.T.);
#1578 = EDGE_CURVE('',#1579,#1579,#1581,.T.);
#1579 = VERTEX_POINT('',#1580);
#1580 = CARTESIAN_POINT('',(43.4,-26.6084,0.));
#1581 = CIRCLE('',#1582,0.15);
#1582 = AXIS2_PLACEMENT_3D('',#1583,#1584,#1585);
#1583 = CARTESIAN_POINT('',(43.4,-26.4584,0.));
#1584 = DIRECTION('',(-0.,0.,-1.));
#1585 = DIRECTION('',(-0.,-1.,0.));
#1586 = FACE_BOUND('',#1587,.F.);
#1587 = EDGE_LOOP('',(#1588));
#1588 = ORIENTED_EDGE('',*,*,#1589,.T.);
#1589 = EDGE_CURVE('',#1590,#1590,#1592,.T.);
#1590 = VERTEX_POINT('',#1591);
#1591 = CARTESIAN_POINT('',(45.0889,-27.5032,0.));
#1592 = CIRCLE('',#1593,0.15);
#1593 = AXIS2_PLACEMENT_3D('',#1594,#1595,#1596);
#1594 = CARTESIAN_POINT('',(45.0889,-27.3532,0.));
#1595 = DIRECTION('',(-0.,0.,-1.));
#1596 = DIRECTION('',(4.736951571734E-14,-1.,-0.));
#1597 = FACE_BOUND('',#1598,.F.);
#1598 = EDGE_LOOP('',(#1599));
#1599 = ORIENTED_EDGE('',*,*,#1600,.T.);
#1600 = EDGE_CURVE('',#1601,#1601,#1603,.T.);
#1601 = VERTEX_POINT('',#1602);
#1602 = CARTESIAN_POINT('',(45.09,-26.7047,0.));
#1603 = CIRCLE('',#1604,0.15);
#1604 = AXIS2_PLACEMENT_3D('',#1605,#1606,#1607);
#1605 = CARTESIAN_POINT('',(45.09,-26.5547,0.));
#1606 = DIRECTION('',(-0.,0.,-1.));
#1607 = DIRECTION('',(-0.,-1.,0.));
#1608 = FACE_BOUND('',#1609,.F.);
#1609 = EDGE_LOOP('',(#1610));
#1610 = ORIENTED_EDGE('',*,*,#1611,.T.);
#1611 = EDGE_CURVE('',#1612,#1612,#1614,.T.);
#1612 = VERTEX_POINT('',#1613);
#1613 = CARTESIAN_POINT('',(46.8734,-24.5599,0.));
#1614 = CIRCLE('',#1615,0.15);
#1615 = AXIS2_PLACEMENT_3D('',#1616,#1617,#1618);
#1616 = CARTESIAN_POINT('',(46.8734,-24.4099,0.));
#1617 = DIRECTION('',(-0.,0.,-1.));
#1618 = DIRECTION('',(-4.736951571734E-14,-1.,0.));
#1619 = FACE_BOUND('',#1620,.F.);
#1620 = EDGE_LOOP('',(#1621));
#1621 = ORIENTED_EDGE('',*,*,#1622,.T.);
#1622 = EDGE_CURVE('',#1623,#1623,#1625,.T.);
#1623 = VERTEX_POINT('',#1624);
#1624 = CARTESIAN_POINT('',(48.1639,-22.2784,0.));
#1625 = CIRCLE('',#1626,0.15);
#1626 = AXIS2_PLACEMENT_3D('',#1627,#1628,#1629);
#1627 = CARTESIAN_POINT('',(48.1639,-22.1284,0.));
#1628 = DIRECTION('',(-0.,0.,-1.));
#1629 = DIRECTION('',(-0.,-1.,0.));
#1630 = FACE_BOUND('',#1631,.F.);
#1631 = EDGE_LOOP('',(#1632));
#1632 = ORIENTED_EDGE('',*,*,#1633,.T.);
#1633 = EDGE_CURVE('',#1634,#1634,#1636,.T.);
#1634 = VERTEX_POINT('',#1635);
#1635 = CARTESIAN_POINT('',(48.2298,-18.6498,0.));
#1636 = CIRCLE('',#1637,0.15);
#1637 = AXIS2_PLACEMENT_3D('',#1638,#1639,#1640);
#1638 = CARTESIAN_POINT('',(48.2298,-18.4998,0.));
#1639 = DIRECTION('',(-0.,0.,-1.));
#1640 = DIRECTION('',(-0.,-1.,0.));
#1641 = FACE_BOUND('',#1642,.F.);
#1642 = EDGE_LOOP('',(#1643));
#1643 = ORIENTED_EDGE('',*,*,#1644,.T.);
#1644 = EDGE_CURVE('',#1645,#1645,#1647,.T.);
#1645 = VERTEX_POINT('',#1646);
#1646 = CARTESIAN_POINT('',(49.8,-26.6146,0.));
#1647 = CIRCLE('',#1648,0.15);
#1648 = AXIS2_PLACEMENT_3D('',#1649,#1650,#1651);
#1649 = CARTESIAN_POINT('',(49.8,-26.4646,0.));
#1650 = DIRECTION('',(-0.,0.,-1.));
#1651 = DIRECTION('',(-0.,-1.,0.));
#1652 = FACE_BOUND('',#1653,.F.);
#1653 = EDGE_LOOP('',(#1654));
#1654 = ORIENTED_EDGE('',*,*,#1655,.T.);
#1655 = EDGE_CURVE('',#1656,#1656,#1658,.T.);
#1656 = VERTEX_POINT('',#1657);
#1657 = CARTESIAN_POINT('',(53.1064,-27.039,0.));
#1658 = CIRCLE('',#1659,0.15);
#1659 = AXIS2_PLACEMENT_3D('',#1660,#1661,#1662);
#1660 = CARTESIAN_POINT('',(53.1064,-26.889,0.));
#1661 = DIRECTION('',(-0.,0.,-1.));
#1662 = DIRECTION('',(-0.,-1.,0.));
#1663 = FACE_BOUND('',#1664,.F.);
#1664 = EDGE_LOOP('',(#1665));
#1665 = ORIENTED_EDGE('',*,*,#1666,.T.);
#1666 = EDGE_CURVE('',#1667,#1667,#1669,.T.);
#1667 = VERTEX_POINT('',#1668);
#1668 = CARTESIAN_POINT('',(51.996,-21.3522,0.));
#1669 = CIRCLE('',#1670,0.15);
#1670 = AXIS2_PLACEMENT_3D('',#1671,#1672,#1673);
#1671 = CARTESIAN_POINT('',(51.996,-21.2022,0.));
#1672 = DIRECTION('',(-0.,0.,-1.));
#1673 = DIRECTION('',(4.736951571734E-14,-1.,-0.));
#1674 = FACE_BOUND('',#1675,.F.);
#1675 = EDGE_LOOP('',(#1676));
#1676 = ORIENTED_EDGE('',*,*,#1677,.T.);
#1677 = EDGE_CURVE('',#1678,#1678,#1680,.T.);
#1678 = VERTEX_POINT('',#1679);
#1679 = CARTESIAN_POINT('',(50.0463,-20.7373,0.));
#1680 = CIRCLE('',#1681,0.15);
#1681 = AXIS2_PLACEMENT_3D('',#1682,#1683,#1684);
#1682 = CARTESIAN_POINT('',(50.0463,-20.5873,0.));
#1683 = DIRECTION('',(-0.,0.,-1.));
#1684 = DIRECTION('',(-0.,-1.,0.));
#1685 = PLANE('',#1686);
#1686 = AXIS2_PLACEMENT_3D('',#1687,#1688,#1689);
#1687 = CARTESIAN_POINT('',(0.,0.,0.));
#1688 = DIRECTION('',(0.,0.,1.));
#1689 = DIRECTION('',(1.,0.,-0.));
#1690 = ADVANCED_FACE('',(#1691,#1769,#1780,#1791,#1802,#1813,#1824,
    #1835,#1846,#1857,#1868,#1879,#1915,#1926,#1937,#1948,#1959,#1970,
    #1981,#1992,#2003,#2014,#2025,#2036,#2047,#2058,#2069,#2080,#2091,
    #2102,#2113,#2124,#2135,#2146,#2157,#2168,#2179,#2190,#2201,#2212,
    #2223,#2234,#2245,#2256,#2267,#2278,#2289,#2300,#2311,#2322,#2333,
    #2344,#2355,#2366,#2377,#2388,#2399,#2410,#2421,#2432,#2468,#2504,
    #2515,#2526,#2537,#2573,#2584,#2595,#2606,#2642,#2653,#2664,#2675,
    #2686,#2697,#2708,#2719,#2730,#2741,#2752,#2763,#2774,#2785,#2796,
    #2807,#2818,#2829,#2840,#2851,#2862,#2873,#2884,#2895,#2906,#2917,
    #2928,#2939,#2950,#2961,#2972,#2983,#2994,#3005,#3016,#3027,#3038,
    #3049,#3060,#3071,#3082,#3093,#3104,#3115,#3126,#3137,#3148,#3159,
    #3170,#3181,#3192,#3203,#3214,#3225),#3236,.T.);
#1691 = FACE_BOUND('',#1692,.T.);
#1692 = EDGE_LOOP('',(#1693,#1694,#1695,#1704,#1712,#1721,#1729,#1737,
    #1745,#1753,#1761,#1768));
#1693 = ORIENTED_EDGE('',*,*,#49,.F.);
#1694 = ORIENTED_EDGE('',*,*,#91,.F.);
#1695 = ORIENTED_EDGE('',*,*,#1696,.F.);
#1696 = EDGE_CURVE('',#1697,#84,#1699,.T.);
#1697 = VERTEX_POINT('',#1698);
#1698 = CARTESIAN_POINT('',(0.,-2.,0.71));
#1699 = CIRCLE('',#1700,1.99999850585);
#1700 = AXIS2_PLACEMENT_3D('',#1701,#1702,#1703);
#1701 = CARTESIAN_POINT('',(1.99999850585,-1.99999850585,0.71));
#1702 = DIRECTION('',(0.,0.,-1.));
#1703 = DIRECTION('',(-1.,-7.470757411712E-07,-0.));
#1704 = ORIENTED_EDGE('',*,*,#1705,.F.);
#1705 = EDGE_CURVE('',#1706,#1697,#1708,.T.);
#1706 = VERTEX_POINT('',#1707);
#1707 = CARTESIAN_POINT('',(-2.22044604925E-16,-90.64,0.71));
#1708 = LINE('',#1709,#1710);
#1709 = CARTESIAN_POINT('',(0.,-90.64,0.71));
#1710 = VECTOR('',#1711,1.);
#1711 = DIRECTION('',(0.,1.,0.));
#1712 = ORIENTED_EDGE('',*,*,#1713,.F.);
#1713 = EDGE_CURVE('',#1714,#1706,#1716,.T.);
#1714 = VERTEX_POINT('',#1715);
#1715 = CARTESIAN_POINT('',(2.,-92.64,0.71));
#1716 = CIRCLE('',#1717,2.000000212955);
#1717 = AXIS2_PLACEMENT_3D('',#1718,#1719,#1720);
#1718 = CARTESIAN_POINT('',(2.000000212955,-90.63999978704,0.71));
#1719 = DIRECTION('',(0.,0.,-1.));
#1720 = DIRECTION('',(-1.064773820094E-07,-1.,-0.));
#1721 = ORIENTED_EDGE('',*,*,#1722,.F.);
#1722 = EDGE_CURVE('',#1723,#1714,#1725,.T.);
#1723 = VERTEX_POINT('',#1724);
#1724 = CARTESIAN_POINT('',(45.325,-92.64,0.71));
#1725 = LINE('',#1726,#1727);
#1726 = CARTESIAN_POINT('',(45.325,-92.64,0.71));
#1727 = VECTOR('',#1728,1.);
#1728 = DIRECTION('',(-1.,0.,0.));
#1729 = ORIENTED_EDGE('',*,*,#1730,.F.);
#1730 = EDGE_CURVE('',#1731,#1723,#1733,.T.);
#1731 = VERTEX_POINT('',#1732);
#1732 = CARTESIAN_POINT('',(45.325,-86.59,0.71));
#1733 = LINE('',#1734,#1735);
#1734 = CARTESIAN_POINT('',(45.325,-86.59,0.71));
#1735 = VECTOR('',#1736,1.);
#1736 = DIRECTION('',(0.,-1.,0.));
#1737 = ORIENTED_EDGE('',*,*,#1738,.F.);
#1738 = EDGE_CURVE('',#1739,#1731,#1741,.T.);
#1739 = VERTEX_POINT('',#1740);
#1740 = CARTESIAN_POINT('',(54.675,-86.59,0.71));
#1741 = LINE('',#1742,#1743);
#1742 = CARTESIAN_POINT('',(54.675,-86.59,0.71));
#1743 = VECTOR('',#1744,1.);
#1744 = DIRECTION('',(-1.,0.,0.));
#1745 = ORIENTED_EDGE('',*,*,#1746,.F.);
#1746 = EDGE_CURVE('',#1747,#1739,#1749,.T.);
#1747 = VERTEX_POINT('',#1748);
#1748 = CARTESIAN_POINT('',(54.675,-92.64,0.71));
#1749 = LINE('',#1750,#1751);
#1750 = CARTESIAN_POINT('',(54.675,-92.64,0.71));
#1751 = VECTOR('',#1752,1.);
#1752 = DIRECTION('',(0.,1.,0.));
#1753 = ORIENTED_EDGE('',*,*,#1754,.F.);
#1754 = EDGE_CURVE('',#1755,#1747,#1757,.T.);
#1755 = VERTEX_POINT('',#1756);
#1756 = CARTESIAN_POINT('',(56.,-92.64,0.71));
#1757 = LINE('',#1758,#1759);
#1758 = CARTESIAN_POINT('',(56.,-92.64,0.71));
#1759 = VECTOR('',#1760,1.);
#1760 = DIRECTION('',(-1.,0.,0.));
#1761 = ORIENTED_EDGE('',*,*,#1762,.F.);
#1762 = EDGE_CURVE('',#114,#1755,#1763,.T.);
#1763 = CIRCLE('',#1764,2.000001920065);
#1764 = AXIS2_PLACEMENT_3D('',#1765,#1766,#1767);
#1765 = CARTESIAN_POINT('',(55.999998079936,-90.63999807993,0.71));
#1766 = DIRECTION('',(0.,0.,-1.));
#1767 = DIRECTION('',(1.,-9.600311179819E-07,0.));
#1768 = ORIENTED_EDGE('',*,*,#113,.F.);
#1769 = FACE_BOUND('',#1770,.T.);
#1770 = EDGE_LOOP('',(#1771));
#1771 = ORIENTED_EDGE('',*,*,#1772,.T.);
#1772 = EDGE_CURVE('',#1773,#1773,#1775,.T.);
#1773 = VERTEX_POINT('',#1774);
#1774 = CARTESIAN_POINT('',(9.0584,-86.9894,0.71));
#1775 = CIRCLE('',#1776,0.15);
#1776 = AXIS2_PLACEMENT_3D('',#1777,#1778,#1779);
#1777 = CARTESIAN_POINT('',(9.0584,-86.8394,0.71));
#1778 = DIRECTION('',(-0.,0.,-1.));
#1779 = DIRECTION('',(1.184237892933E-14,-1.,-0.));
#1780 = FACE_BOUND('',#1781,.T.);
#1781 = EDGE_LOOP('',(#1782));
#1782 = ORIENTED_EDGE('',*,*,#1783,.T.);
#1783 = EDGE_CURVE('',#1784,#1784,#1786,.T.);
#1784 = VERTEX_POINT('',#1785);
#1785 = CARTESIAN_POINT('',(16.3406,-84.0587,0.71));
#1786 = CIRCLE('',#1787,0.15);
#1787 = AXIS2_PLACEMENT_3D('',#1788,#1789,#1790);
#1788 = CARTESIAN_POINT('',(16.3406,-83.9087,0.71));
#1789 = DIRECTION('',(-0.,0.,-1.));
#1790 = DIRECTION('',(-2.368475785867E-14,-1.,0.));
#1791 = FACE_BOUND('',#1792,.T.);
#1792 = EDGE_LOOP('',(#1793));
#1793 = ORIENTED_EDGE('',*,*,#1794,.T.);
#1794 = EDGE_CURVE('',#1795,#1795,#1797,.T.);
#1795 = VERTEX_POINT('',#1796);
#1796 = CARTESIAN_POINT('',(5.8735,-79.0735,0.71));
#1797 = CIRCLE('',#1798,0.15);
#1798 = AXIS2_PLACEMENT_3D('',#1799,#1800,#1801);
#1799 = CARTESIAN_POINT('',(5.8735,-78.9235,0.71));
#1800 = DIRECTION('',(-0.,0.,-1.));
#1801 = DIRECTION('',(-0.,-1.,0.));
#1802 = FACE_BOUND('',#1803,.T.);
#1803 = EDGE_LOOP('',(#1804));
#1804 = ORIENTED_EDGE('',*,*,#1805,.T.);
#1805 = EDGE_CURVE('',#1806,#1806,#1808,.T.);
#1806 = VERTEX_POINT('',#1807);
#1807 = CARTESIAN_POINT('',(10.5587,-82.368,0.71));
#1808 = CIRCLE('',#1809,0.15);
#1809 = AXIS2_PLACEMENT_3D('',#1810,#1811,#1812);
#1810 = CARTESIAN_POINT('',(10.5587,-82.218,0.71));
#1811 = DIRECTION('',(-0.,0.,-1.));
#1812 = DIRECTION('',(-0.,-1.,0.));
#1813 = FACE_BOUND('',#1814,.T.);
#1814 = EDGE_LOOP('',(#1815));
#1815 = ORIENTED_EDGE('',*,*,#1816,.T.);
#1816 = EDGE_CURVE('',#1817,#1817,#1819,.T.);
#1817 = VERTEX_POINT('',#1818);
#1818 = CARTESIAN_POINT('',(9.8781,-79.0781,0.71));
#1819 = CIRCLE('',#1820,0.15);
#1820 = AXIS2_PLACEMENT_3D('',#1821,#1822,#1823);
#1821 = CARTESIAN_POINT('',(9.8781,-78.9281,0.71));
#1822 = DIRECTION('',(-0.,0.,-1.));
#1823 = DIRECTION('',(-0.,-1.,0.));
#1824 = FACE_BOUND('',#1825,.T.);
#1825 = EDGE_LOOP('',(#1826));
#1826 = ORIENTED_EDGE('',*,*,#1827,.T.);
#1827 = EDGE_CURVE('',#1828,#1828,#1830,.T.);
#1828 = VERTEX_POINT('',#1829);
#1829 = CARTESIAN_POINT('',(12.2072,-81.6215,0.71));
#1830 = CIRCLE('',#1831,0.15);
#1831 = AXIS2_PLACEMENT_3D('',#1832,#1833,#1834);
#1832 = CARTESIAN_POINT('',(12.2072,-81.4715,0.71));
#1833 = DIRECTION('',(-0.,0.,-1.));
#1834 = DIRECTION('',(-0.,-1.,0.));
#1835 = FACE_BOUND('',#1836,.T.);
#1836 = EDGE_LOOP('',(#1837));
#1837 = ORIENTED_EDGE('',*,*,#1838,.T.);
#1838 = EDGE_CURVE('',#1839,#1839,#1841,.T.);
#1839 = VERTEX_POINT('',#1840);
#1840 = CARTESIAN_POINT('',(12.2072,-79.1379,0.71));
#1841 = CIRCLE('',#1842,0.15);
#1842 = AXIS2_PLACEMENT_3D('',#1843,#1844,#1845);
#1843 = CARTESIAN_POINT('',(12.2072,-78.9879,0.71));
#1844 = DIRECTION('',(-0.,0.,-1.));
#1845 = DIRECTION('',(-0.,-1.,0.));
#1846 = FACE_BOUND('',#1847,.T.);
#1847 = EDGE_LOOP('',(#1848));
#1848 = ORIENTED_EDGE('',*,*,#1849,.T.);
#1849 = EDGE_CURVE('',#1850,#1850,#1852,.T.);
#1850 = VERTEX_POINT('',#1851);
#1851 = CARTESIAN_POINT('',(16.84,-82.2892,0.71));
#1852 = CIRCLE('',#1853,0.15);
#1853 = AXIS2_PLACEMENT_3D('',#1854,#1855,#1856);
#1854 = CARTESIAN_POINT('',(16.84,-82.1392,0.71));
#1855 = DIRECTION('',(-0.,0.,-1.));
#1856 = DIRECTION('',(-0.,-1.,0.));
#1857 = FACE_BOUND('',#1858,.T.);
#1858 = EDGE_LOOP('',(#1859));
#1859 = ORIENTED_EDGE('',*,*,#1860,.T.);
#1860 = EDGE_CURVE('',#1861,#1861,#1863,.T.);
#1861 = VERTEX_POINT('',#1862);
#1862 = CARTESIAN_POINT('',(14.1265,-73.7468,0.71));
#1863 = CIRCLE('',#1864,0.15);
#1864 = AXIS2_PLACEMENT_3D('',#1865,#1866,#1867);
#1865 = CARTESIAN_POINT('',(14.1265,-73.5968,0.71));
#1866 = DIRECTION('',(-0.,0.,-1.));
#1867 = DIRECTION('',(-0.,-1.,0.));
#1868 = FACE_BOUND('',#1869,.T.);
#1869 = EDGE_LOOP('',(#1870));
#1870 = ORIENTED_EDGE('',*,*,#1871,.T.);
#1871 = EDGE_CURVE('',#1872,#1872,#1874,.T.);
#1872 = VERTEX_POINT('',#1873);
#1873 = CARTESIAN_POINT('',(21.9848,-84.0479,0.71));
#1874 = CIRCLE('',#1875,0.15);
#1875 = AXIS2_PLACEMENT_3D('',#1876,#1877,#1878);
#1876 = CARTESIAN_POINT('',(21.9848,-83.8979,0.71));
#1877 = DIRECTION('',(-0.,0.,-1.));
#1878 = DIRECTION('',(-0.,-1.,0.));
#1879 = FACE_BOUND('',#1880,.T.);
#1880 = EDGE_LOOP('',(#1881,#1892,#1900,#1909));
#1881 = ORIENTED_EDGE('',*,*,#1882,.F.);
#1882 = EDGE_CURVE('',#1883,#1885,#1887,.T.);
#1883 = VERTEX_POINT('',#1884);
#1884 = CARTESIAN_POINT('',(13.7,-88.,0.71));
#1885 = VERTEX_POINT('',#1886);
#1886 = CARTESIAN_POINT('',(13.7,-89.4,0.71));
#1887 = CIRCLE('',#1888,0.7);
#1888 = AXIS2_PLACEMENT_3D('',#1889,#1890,#1891);
#1889 = CARTESIAN_POINT('',(13.7,-88.7,0.71));
#1890 = DIRECTION('',(0.,0.,1.));
#1891 = DIRECTION('',(-1.522591576629E-14,1.,0.));
#1892 = ORIENTED_EDGE('',*,*,#1893,.F.);
#1893 = EDGE_CURVE('',#1894,#1883,#1896,.T.);
#1894 = VERTEX_POINT('',#1895);
#1895 = CARTESIAN_POINT('',(40.5,-88.,0.71));
#1896 = LINE('',#1897,#1898);
#1897 = CARTESIAN_POINT('',(40.5,-88.,0.71));
#1898 = VECTOR('',#1899,1.);
#1899 = DIRECTION('',(-1.,0.,0.));
#1900 = ORIENTED_EDGE('',*,*,#1901,.F.);
#1901 = EDGE_CURVE('',#1902,#1894,#1904,.T.);
#1902 = VERTEX_POINT('',#1903);
#1903 = CARTESIAN_POINT('',(40.5,-89.4,0.71));
#1904 = CIRCLE('',#1905,0.7);
#1905 = AXIS2_PLACEMENT_3D('',#1906,#1907,#1908);
#1906 = CARTESIAN_POINT('',(40.5,-88.7,0.71));
#1907 = DIRECTION('',(0.,-0.,1.));
#1908 = DIRECTION('',(1.015061051086E-14,-1.,-0.));
#1909 = ORIENTED_EDGE('',*,*,#1910,.F.);
#1910 = EDGE_CURVE('',#1885,#1902,#1911,.T.);
#1911 = LINE('',#1912,#1913);
#1912 = CARTESIAN_POINT('',(13.7,-89.4,0.71));
#1913 = VECTOR('',#1914,1.);
#1914 = DIRECTION('',(1.,0.,0.));
#1915 = FACE_BOUND('',#1916,.T.);
#1916 = EDGE_LOOP('',(#1917));
#1917 = ORIENTED_EDGE('',*,*,#1918,.T.);
#1918 = EDGE_CURVE('',#1919,#1919,#1921,.T.);
#1919 = VERTEX_POINT('',#1920);
#1920 = CARTESIAN_POINT('',(25.34,-84.0085,0.71));
#1921 = CIRCLE('',#1922,0.15);
#1922 = AXIS2_PLACEMENT_3D('',#1923,#1924,#1925);
#1923 = CARTESIAN_POINT('',(25.34,-83.8585,0.71));
#1924 = DIRECTION('',(-0.,0.,-1.));
#1925 = DIRECTION('',(-0.,-1.,0.));
#1926 = FACE_BOUND('',#1927,.T.);
#1927 = EDGE_LOOP('',(#1928));
#1928 = ORIENTED_EDGE('',*,*,#1929,.T.);
#1929 = EDGE_CURVE('',#1930,#1930,#1932,.T.);
#1930 = VERTEX_POINT('',#1931);
#1931 = CARTESIAN_POINT('',(26.0937,-84.0504,0.71));
#1932 = CIRCLE('',#1933,0.15);
#1933 = AXIS2_PLACEMENT_3D('',#1934,#1935,#1936);
#1934 = CARTESIAN_POINT('',(26.0937,-83.9004,0.71));
#1935 = DIRECTION('',(-0.,0.,-1.));
#1936 = DIRECTION('',(-0.,-1.,0.));
#1937 = FACE_BOUND('',#1938,.T.);
#1938 = EDGE_LOOP('',(#1939));
#1939 = ORIENTED_EDGE('',*,*,#1940,.T.);
#1940 = EDGE_CURVE('',#1941,#1941,#1943,.T.);
#1941 = VERTEX_POINT('',#1942);
#1942 = CARTESIAN_POINT('',(18.8411,-82.2968,0.71));
#1943 = CIRCLE('',#1944,0.15);
#1944 = AXIS2_PLACEMENT_3D('',#1945,#1946,#1947);
#1945 = CARTESIAN_POINT('',(18.8411,-82.1468,0.71));
#1946 = DIRECTION('',(-0.,0.,-1.));
#1947 = DIRECTION('',(2.368475785867E-14,-1.,-0.));
#1948 = FACE_BOUND('',#1949,.T.);
#1949 = EDGE_LOOP('',(#1950));
#1950 = ORIENTED_EDGE('',*,*,#1951,.T.);
#1951 = EDGE_CURVE('',#1952,#1952,#1954,.T.);
#1952 = VERTEX_POINT('',#1953);
#1953 = CARTESIAN_POINT('',(18.7038,-81.5173,0.71));
#1954 = CIRCLE('',#1955,0.15);
#1955 = AXIS2_PLACEMENT_3D('',#1956,#1957,#1958);
#1956 = CARTESIAN_POINT('',(18.7038,-81.3673,0.71));
#1957 = DIRECTION('',(-0.,0.,-1.));
#1958 = DIRECTION('',(-0.,-1.,0.));
#1959 = FACE_BOUND('',#1960,.T.);
#1960 = EDGE_LOOP('',(#1961));
#1961 = ORIENTED_EDGE('',*,*,#1962,.T.);
#1962 = EDGE_CURVE('',#1963,#1963,#1965,.T.);
#1963 = VERTEX_POINT('',#1964);
#1964 = CARTESIAN_POINT('',(19.65,-81.55,0.71));
#1965 = CIRCLE('',#1966,0.15);
#1966 = AXIS2_PLACEMENT_3D('',#1967,#1968,#1969);
#1967 = CARTESIAN_POINT('',(19.65,-81.4,0.71));
#1968 = DIRECTION('',(-0.,0.,-1.));
#1969 = DIRECTION('',(-0.,-1.,0.));
#1970 = FACE_BOUND('',#1971,.T.);
#1971 = EDGE_LOOP('',(#1972));
#1972 = ORIENTED_EDGE('',*,*,#1973,.T.);
#1973 = EDGE_CURVE('',#1974,#1974,#1976,.T.);
#1974 = VERTEX_POINT('',#1975);
#1975 = CARTESIAN_POINT('',(20.2791,-82.2903,0.71));
#1976 = CIRCLE('',#1977,0.15);
#1977 = AXIS2_PLACEMENT_3D('',#1978,#1979,#1980);
#1978 = CARTESIAN_POINT('',(20.2791,-82.1403,0.71));
#1979 = DIRECTION('',(-0.,0.,-1.));
#1980 = DIRECTION('',(-0.,-1.,0.));
#1981 = FACE_BOUND('',#1982,.T.);
#1982 = EDGE_LOOP('',(#1983));
#1983 = ORIENTED_EDGE('',*,*,#1984,.T.);
#1984 = EDGE_CURVE('',#1985,#1985,#1987,.T.);
#1985 = VERTEX_POINT('',#1986);
#1986 = CARTESIAN_POINT('',(21.1717,-81.7073,0.71));
#1987 = CIRCLE('',#1988,0.15);
#1988 = AXIS2_PLACEMENT_3D('',#1989,#1990,#1991);
#1989 = CARTESIAN_POINT('',(21.1717,-81.5573,0.71));
#1990 = DIRECTION('',(-0.,0.,-1.));
#1991 = DIRECTION('',(-0.,-1.,0.));
#1992 = FACE_BOUND('',#1993,.T.);
#1993 = EDGE_LOOP('',(#1994));
#1994 = ORIENTED_EDGE('',*,*,#1995,.T.);
#1995 = EDGE_CURVE('',#1996,#1996,#1998,.T.);
#1996 = VERTEX_POINT('',#1997);
#1997 = CARTESIAN_POINT('',(20.9518,-80.9553,0.71));
#1998 = CIRCLE('',#1999,0.15);
#1999 = AXIS2_PLACEMENT_3D('',#2000,#2001,#2002);
#2000 = CARTESIAN_POINT('',(20.9518,-80.8053,0.71));
#2001 = DIRECTION('',(-0.,0.,-1.));
#2002 = DIRECTION('',(-0.,-1.,0.));
#2003 = FACE_BOUND('',#2004,.T.);
#2004 = EDGE_LOOP('',(#2005));
#2005 = ORIENTED_EDGE('',*,*,#2006,.T.);
#2006 = EDGE_CURVE('',#2007,#2007,#2009,.T.);
#2007 = VERTEX_POINT('',#2008);
#2008 = CARTESIAN_POINT('',(18.9638,-79.8671,0.71));
#2009 = CIRCLE('',#2010,0.15);
#2010 = AXIS2_PLACEMENT_3D('',#2011,#2012,#2013);
#2011 = CARTESIAN_POINT('',(18.9638,-79.7171,0.71));
#2012 = DIRECTION('',(-0.,0.,-1.));
#2013 = DIRECTION('',(-0.,-1.,0.));
#2014 = FACE_BOUND('',#2015,.T.);
#2015 = EDGE_LOOP('',(#2016));
#2016 = ORIENTED_EDGE('',*,*,#2017,.T.);
#2017 = EDGE_CURVE('',#2018,#2018,#2020,.T.);
#2018 = VERTEX_POINT('',#2019);
#2019 = CARTESIAN_POINT('',(23.2736,-81.276,0.71));
#2020 = CIRCLE('',#2021,0.15);
#2021 = AXIS2_PLACEMENT_3D('',#2022,#2023,#2024);
#2022 = CARTESIAN_POINT('',(23.2736,-81.126,0.71));
#2023 = DIRECTION('',(-0.,0.,-1.));
#2024 = DIRECTION('',(-2.368475785867E-14,-1.,0.));
#2025 = FACE_BOUND('',#2026,.T.);
#2026 = EDGE_LOOP('',(#2027));
#2027 = ORIENTED_EDGE('',*,*,#2028,.T.);
#2028 = EDGE_CURVE('',#2029,#2029,#2031,.T.);
#2029 = VERTEX_POINT('',#2030);
#2030 = CARTESIAN_POINT('',(18.9638,-77.15,0.71));
#2031 = CIRCLE('',#2032,0.15);
#2032 = AXIS2_PLACEMENT_3D('',#2033,#2034,#2035);
#2033 = CARTESIAN_POINT('',(18.9638,-77.,0.71));
#2034 = DIRECTION('',(-0.,0.,-1.));
#2035 = DIRECTION('',(-0.,-1.,0.));
#2036 = FACE_BOUND('',#2037,.T.);
#2037 = EDGE_LOOP('',(#2038));
#2038 = ORIENTED_EDGE('',*,*,#2039,.T.);
#2039 = EDGE_CURVE('',#2040,#2040,#2042,.T.);
#2040 = VERTEX_POINT('',#2041);
#2041 = CARTESIAN_POINT('',(23.0537,-75.9219,0.71));
#2042 = CIRCLE('',#2043,0.15);
#2043 = AXIS2_PLACEMENT_3D('',#2044,#2045,#2046);
#2044 = CARTESIAN_POINT('',(23.0537,-75.7719,0.71));
#2045 = DIRECTION('',(-0.,0.,-1.));
#2046 = DIRECTION('',(-0.,-1.,0.));
#2047 = FACE_BOUND('',#2048,.T.);
#2048 = EDGE_LOOP('',(#2049));
#2049 = ORIENTED_EDGE('',*,*,#2050,.T.);
#2050 = EDGE_CURVE('',#2051,#2051,#2053,.T.);
#2051 = VERTEX_POINT('',#2052);
#2052 = CARTESIAN_POINT('',(21.7408,-75.6206,0.71));
#2053 = CIRCLE('',#2054,0.15);
#2054 = AXIS2_PLACEMENT_3D('',#2055,#2056,#2057);
#2055 = CARTESIAN_POINT('',(21.7408,-75.4706,0.71));
#2056 = DIRECTION('',(-0.,0.,-1.));
#2057 = DIRECTION('',(-0.,-1.,0.));
#2058 = FACE_BOUND('',#2059,.T.);
#2059 = EDGE_LOOP('',(#2060));
#2060 = ORIENTED_EDGE('',*,*,#2061,.T.);
#2061 = EDGE_CURVE('',#2062,#2062,#2064,.T.);
#2062 = VERTEX_POINT('',#2063);
#2063 = CARTESIAN_POINT('',(30.1706,-79.8507,0.71));
#2064 = CIRCLE('',#2065,0.15);
#2065 = AXIS2_PLACEMENT_3D('',#2066,#2067,#2068);
#2066 = CARTESIAN_POINT('',(30.1706,-79.7007,0.71));
#2067 = DIRECTION('',(-0.,0.,-1.));
#2068 = DIRECTION('',(-0.,-1.,0.));
#2069 = FACE_BOUND('',#2070,.T.);
#2070 = EDGE_LOOP('',(#2071));
#2071 = ORIENTED_EDGE('',*,*,#2072,.T.);
#2072 = EDGE_CURVE('',#2073,#2073,#2075,.T.);
#2073 = VERTEX_POINT('',#2074);
#2074 = CARTESIAN_POINT('',(27.35,-75.45,0.71));
#2075 = CIRCLE('',#2076,0.15);
#2076 = AXIS2_PLACEMENT_3D('',#2077,#2078,#2079);
#2077 = CARTESIAN_POINT('',(27.35,-75.3,0.71));
#2078 = DIRECTION('',(-0.,0.,-1.));
#2079 = DIRECTION('',(-0.,-1.,0.));
#2080 = FACE_BOUND('',#2081,.T.);
#2081 = EDGE_LOOP('',(#2082));
#2082 = ORIENTED_EDGE('',*,*,#2083,.T.);
#2083 = EDGE_CURVE('',#2084,#2084,#2086,.T.);
#2084 = VERTEX_POINT('',#2085);
#2085 = CARTESIAN_POINT('',(11.5889,-69.15,0.71));
#2086 = CIRCLE('',#2087,0.15);
#2087 = AXIS2_PLACEMENT_3D('',#2088,#2089,#2090);
#2088 = CARTESIAN_POINT('',(11.5889,-69.,0.71));
#2089 = DIRECTION('',(-0.,0.,-1.));
#2090 = DIRECTION('',(1.184237892933E-14,-1.,-0.));
#2091 = FACE_BOUND('',#2092,.T.);
#2092 = EDGE_LOOP('',(#2093));
#2093 = ORIENTED_EDGE('',*,*,#2094,.T.);
#2094 = EDGE_CURVE('',#2095,#2095,#2097,.T.);
#2095 = VERTEX_POINT('',#2096);
#2096 = CARTESIAN_POINT('',(6.5528,-67.0748,0.71));
#2097 = CIRCLE('',#2098,0.15);
#2098 = AXIS2_PLACEMENT_3D('',#2099,#2100,#2101);
#2099 = CARTESIAN_POINT('',(6.5528,-66.9248,0.71));
#2100 = DIRECTION('',(-0.,0.,-1.));
#2101 = DIRECTION('',(5.921189464667E-15,-1.,-0.));
#2102 = FACE_BOUND('',#2103,.T.);
#2103 = EDGE_LOOP('',(#2104));
#2104 = ORIENTED_EDGE('',*,*,#2105,.T.);
#2105 = EDGE_CURVE('',#2106,#2106,#2108,.T.);
#2106 = VERTEX_POINT('',#2107);
#2107 = CARTESIAN_POINT('',(14.1783,-66.4408,0.71));
#2108 = CIRCLE('',#2109,0.15);
#2109 = AXIS2_PLACEMENT_3D('',#2110,#2111,#2112);
#2110 = CARTESIAN_POINT('',(14.1783,-66.2908,0.71));
#2111 = DIRECTION('',(-0.,0.,-1.));
#2112 = DIRECTION('',(-0.,-1.,0.));
#2113 = FACE_BOUND('',#2114,.T.);
#2114 = EDGE_LOOP('',(#2115));
#2115 = ORIENTED_EDGE('',*,*,#2116,.T.);
#2116 = EDGE_CURVE('',#2117,#2117,#2119,.T.);
#2117 = VERTEX_POINT('',#2118);
#2118 = CARTESIAN_POINT('',(5.7146,-61.4354,0.71));
#2119 = CIRCLE('',#2120,0.15);
#2120 = AXIS2_PLACEMENT_3D('',#2121,#2122,#2123);
#2121 = CARTESIAN_POINT('',(5.7146,-61.2854,0.71));
#2122 = DIRECTION('',(-0.,0.,-1.));
#2123 = DIRECTION('',(-5.921189464667E-15,-1.,0.));
#2124 = FACE_BOUND('',#2125,.T.);
#2125 = EDGE_LOOP('',(#2126));
#2126 = ORIENTED_EDGE('',*,*,#2127,.T.);
#2127 = EDGE_CURVE('',#2128,#2128,#2130,.T.);
#2128 = VERTEX_POINT('',#2129);
#2129 = CARTESIAN_POINT('',(10.9876,-63.15,0.71));
#2130 = CIRCLE('',#2131,0.15);
#2131 = AXIS2_PLACEMENT_3D('',#2132,#2133,#2134);
#2132 = CARTESIAN_POINT('',(10.9876,-63.,0.71));
#2133 = DIRECTION('',(-0.,0.,-1.));
#2134 = DIRECTION('',(-0.,-1.,0.));
#2135 = FACE_BOUND('',#2136,.T.);
#2136 = EDGE_LOOP('',(#2137));
#2137 = ORIENTED_EDGE('',*,*,#2138,.T.);
#2138 = EDGE_CURVE('',#2139,#2139,#2141,.T.);
#2139 = VERTEX_POINT('',#2140);
#2140 = CARTESIAN_POINT('',(17.5489,-60.4369,0.71));
#2141 = CIRCLE('',#2142,0.15);
#2142 = AXIS2_PLACEMENT_3D('',#2143,#2144,#2145);
#2143 = CARTESIAN_POINT('',(17.5489,-60.2869,0.71));
#2144 = DIRECTION('',(-0.,0.,-1.));
#2145 = DIRECTION('',(-0.,-1.,0.));
#2146 = FACE_BOUND('',#2147,.T.);
#2147 = EDGE_LOOP('',(#2148));
#2148 = ORIENTED_EDGE('',*,*,#2149,.T.);
#2149 = EDGE_CURVE('',#2150,#2150,#2152,.T.);
#2150 = VERTEX_POINT('',#2151);
#2151 = CARTESIAN_POINT('',(20.25,-70.15,0.71));
#2152 = CIRCLE('',#2153,0.15);
#2153 = AXIS2_PLACEMENT_3D('',#2154,#2155,#2156);
#2154 = CARTESIAN_POINT('',(20.25,-70.,0.71));
#2155 = DIRECTION('',(-0.,0.,-1.));
#2156 = DIRECTION('',(-0.,-1.,0.));
#2157 = FACE_BOUND('',#2158,.T.);
#2158 = EDGE_LOOP('',(#2159));
#2159 = ORIENTED_EDGE('',*,*,#2160,.T.);
#2160 = EDGE_CURVE('',#2161,#2161,#2163,.T.);
#2161 = VERTEX_POINT('',#2162);
#2162 = CARTESIAN_POINT('',(22.35,-70.45,0.71));
#2163 = CIRCLE('',#2164,0.15);
#2164 = AXIS2_PLACEMENT_3D('',#2165,#2166,#2167);
#2165 = CARTESIAN_POINT('',(22.35,-70.3,0.71));
#2166 = DIRECTION('',(-0.,0.,-1.));
#2167 = DIRECTION('',(-0.,-1.,0.));
#2168 = FACE_BOUND('',#2169,.T.);
#2169 = EDGE_LOOP('',(#2170));
#2170 = ORIENTED_EDGE('',*,*,#2171,.T.);
#2171 = EDGE_CURVE('',#2172,#2172,#2174,.T.);
#2172 = VERTEX_POINT('',#2173);
#2173 = CARTESIAN_POINT('',(22.4248,-67.2875,0.71));
#2174 = CIRCLE('',#2175,0.15);
#2175 = AXIS2_PLACEMENT_3D('',#2176,#2177,#2178);
#2176 = CARTESIAN_POINT('',(22.4248,-67.1375,0.71));
#2177 = DIRECTION('',(-0.,0.,-1.));
#2178 = DIRECTION('',(2.368475785867E-14,-1.,-0.));
#2179 = FACE_BOUND('',#2180,.T.);
#2180 = EDGE_LOOP('',(#2181));
#2181 = ORIENTED_EDGE('',*,*,#2182,.T.);
#2182 = EDGE_CURVE('',#2183,#2183,#2185,.T.);
#2183 = VERTEX_POINT('',#2184);
#2184 = CARTESIAN_POINT('',(24.531,-71.444,0.71));
#2185 = CIRCLE('',#2186,0.15);
#2186 = AXIS2_PLACEMENT_3D('',#2187,#2188,#2189);
#2187 = CARTESIAN_POINT('',(24.531,-71.294,0.71));
#2188 = DIRECTION('',(-0.,0.,-1.));
#2189 = DIRECTION('',(-0.,-1.,0.));
#2190 = FACE_BOUND('',#2191,.T.);
#2191 = EDGE_LOOP('',(#2192));
#2192 = ORIENTED_EDGE('',*,*,#2193,.T.);
#2193 = EDGE_CURVE('',#2194,#2194,#2196,.T.);
#2194 = VERTEX_POINT('',#2195);
#2195 = CARTESIAN_POINT('',(24.531,-64.9171,0.71));
#2196 = CIRCLE('',#2197,0.15);
#2197 = AXIS2_PLACEMENT_3D('',#2198,#2199,#2200);
#2198 = CARTESIAN_POINT('',(24.531,-64.7671,0.71));
#2199 = DIRECTION('',(-0.,0.,-1.));
#2200 = DIRECTION('',(-0.,-1.,0.));
#2201 = FACE_BOUND('',#2202,.T.);
#2202 = EDGE_LOOP('',(#2203));
#2203 = ORIENTED_EDGE('',*,*,#2204,.T.);
#2204 = EDGE_CURVE('',#2205,#2205,#2207,.T.);
#2205 = VERTEX_POINT('',#2206);
#2206 = CARTESIAN_POINT('',(18.1476,-59.5234,0.71));
#2207 = CIRCLE('',#2208,0.15);
#2208 = AXIS2_PLACEMENT_3D('',#2209,#2210,#2211);
#2209 = CARTESIAN_POINT('',(18.1476,-59.3734,0.71));
#2210 = DIRECTION('',(-0.,0.,-1.));
#2211 = DIRECTION('',(2.368475785867E-14,-1.,-0.));
#2212 = FACE_BOUND('',#2213,.T.);
#2213 = EDGE_LOOP('',(#2214));
#2214 = ORIENTED_EDGE('',*,*,#2215,.T.);
#2215 = EDGE_CURVE('',#2216,#2216,#2218,.T.);
#2216 = VERTEX_POINT('',#2217);
#2217 = CARTESIAN_POINT('',(28.7384,-63.8883,0.71));
#2218 = CIRCLE('',#2219,0.15);
#2219 = AXIS2_PLACEMENT_3D('',#2220,#2221,#2222);
#2220 = CARTESIAN_POINT('',(28.7384,-63.7383,0.71));
#2221 = DIRECTION('',(-0.,0.,-1.));
#2222 = DIRECTION('',(-0.,-1.,0.));
#2223 = FACE_BOUND('',#2224,.T.);
#2224 = EDGE_LOOP('',(#2225));
#2225 = ORIENTED_EDGE('',*,*,#2226,.T.);
#2226 = EDGE_CURVE('',#2227,#2227,#2229,.T.);
#2227 = VERTEX_POINT('',#2228);
#2228 = CARTESIAN_POINT('',(32.2767,-85.1669,0.71));
#2229 = CIRCLE('',#2230,0.15);
#2230 = AXIS2_PLACEMENT_3D('',#2231,#2232,#2233);
#2231 = CARTESIAN_POINT('',(32.2767,-85.0169,0.71));
#2232 = DIRECTION('',(-0.,0.,-1.));
#2233 = DIRECTION('',(-0.,-1.,0.));
#2234 = FACE_BOUND('',#2235,.T.);
#2235 = EDGE_LOOP('',(#2236));
#2236 = ORIENTED_EDGE('',*,*,#2237,.T.);
#2237 = EDGE_CURVE('',#2238,#2238,#2240,.T.);
#2238 = VERTEX_POINT('',#2239);
#2239 = CARTESIAN_POINT('',(33.4566,-84.0518,0.71));
#2240 = CIRCLE('',#2241,0.15);
#2241 = AXIS2_PLACEMENT_3D('',#2242,#2243,#2244);
#2242 = CARTESIAN_POINT('',(33.4566,-83.9018,0.71));
#2243 = DIRECTION('',(-0.,0.,-1.));
#2244 = DIRECTION('',(-0.,-1.,0.));
#2245 = FACE_BOUND('',#2246,.T.);
#2246 = EDGE_LOOP('',(#2247));
#2247 = ORIENTED_EDGE('',*,*,#2248,.T.);
#2248 = EDGE_CURVE('',#2249,#2249,#2251,.T.);
#2249 = VERTEX_POINT('',#2250);
#2250 = CARTESIAN_POINT('',(35.6199,-84.0218,0.71));
#2251 = CIRCLE('',#2252,0.15);
#2252 = AXIS2_PLACEMENT_3D('',#2253,#2254,#2255);
#2253 = CARTESIAN_POINT('',(35.6199,-83.8718,0.71));
#2254 = DIRECTION('',(-0.,0.,-1.));
#2255 = DIRECTION('',(-0.,-1.,0.));
#2256 = FACE_BOUND('',#2257,.T.);
#2257 = EDGE_LOOP('',(#2258));
#2258 = ORIENTED_EDGE('',*,*,#2259,.T.);
#2259 = EDGE_CURVE('',#2260,#2260,#2262,.T.);
#2260 = VERTEX_POINT('',#2261);
#2261 = CARTESIAN_POINT('',(31.7292,-80.8174,0.71));
#2262 = CIRCLE('',#2263,0.15);
#2263 = AXIS2_PLACEMENT_3D('',#2264,#2265,#2266);
#2264 = CARTESIAN_POINT('',(31.7292,-80.6674,0.71));
#2265 = DIRECTION('',(-0.,0.,-1.));
#2266 = DIRECTION('',(-0.,-1.,0.));
#2267 = FACE_BOUND('',#2268,.T.);
#2268 = EDGE_LOOP('',(#2269));
#2269 = ORIENTED_EDGE('',*,*,#2270,.T.);
#2270 = EDGE_CURVE('',#2271,#2271,#2273,.T.);
#2271 = VERTEX_POINT('',#2272);
#2272 = CARTESIAN_POINT('',(32.6031,-80.7352,0.71));
#2273 = CIRCLE('',#2274,0.15);
#2274 = AXIS2_PLACEMENT_3D('',#2275,#2276,#2277);
#2275 = CARTESIAN_POINT('',(32.6031,-80.5852,0.71));
#2276 = DIRECTION('',(-0.,0.,-1.));
#2277 = DIRECTION('',(-0.,-1.,0.));
#2278 = FACE_BOUND('',#2279,.T.);
#2279 = EDGE_LOOP('',(#2280));
#2280 = ORIENTED_EDGE('',*,*,#2281,.T.);
#2281 = EDGE_CURVE('',#2282,#2282,#2284,.T.);
#2282 = VERTEX_POINT('',#2283);
#2283 = CARTESIAN_POINT('',(31.6686,-80.061,0.71));
#2284 = CIRCLE('',#2285,0.15);
#2285 = AXIS2_PLACEMENT_3D('',#2286,#2287,#2288);
#2286 = CARTESIAN_POINT('',(31.6686,-79.911,0.71));
#2287 = DIRECTION('',(-0.,0.,-1.));
#2288 = DIRECTION('',(2.368475785867E-14,-1.,-0.));
#2289 = FACE_BOUND('',#2290,.T.);
#2290 = EDGE_LOOP('',(#2291));
#2291 = ORIENTED_EDGE('',*,*,#2292,.T.);
#2292 = EDGE_CURVE('',#2293,#2293,#2295,.T.);
#2293 = VERTEX_POINT('',#2294);
#2294 = CARTESIAN_POINT('',(34.5363,-82.2433,0.71));
#2295 = CIRCLE('',#2296,0.15);
#2296 = AXIS2_PLACEMENT_3D('',#2297,#2298,#2299);
#2297 = CARTESIAN_POINT('',(34.5363,-82.0933,0.71));
#2298 = DIRECTION('',(-0.,0.,-1.));
#2299 = DIRECTION('',(-0.,-1.,0.));
#2300 = FACE_BOUND('',#2301,.T.);
#2301 = EDGE_LOOP('',(#2302));
#2302 = ORIENTED_EDGE('',*,*,#2303,.T.);
#2303 = EDGE_CURVE('',#2304,#2304,#2306,.T.);
#2304 = VERTEX_POINT('',#2305);
#2305 = CARTESIAN_POINT('',(35.3652,-82.2425,0.71));
#2306 = CIRCLE('',#2307,0.15);
#2307 = AXIS2_PLACEMENT_3D('',#2308,#2309,#2310);
#2308 = CARTESIAN_POINT('',(35.3652,-82.0925,0.71));
#2309 = DIRECTION('',(-0.,0.,-1.));
#2310 = DIRECTION('',(-0.,-1.,0.));
#2311 = FACE_BOUND('',#2312,.T.);
#2312 = EDGE_LOOP('',(#2313));
#2313 = ORIENTED_EDGE('',*,*,#2314,.T.);
#2314 = EDGE_CURVE('',#2315,#2315,#2317,.T.);
#2315 = VERTEX_POINT('',#2316);
#2316 = CARTESIAN_POINT('',(35.0566,-80.2817,0.71));
#2317 = CIRCLE('',#2318,0.15);
#2318 = AXIS2_PLACEMENT_3D('',#2319,#2320,#2321);
#2319 = CARTESIAN_POINT('',(35.0566,-80.1317,0.71));
#2320 = DIRECTION('',(-0.,0.,-1.));
#2321 = DIRECTION('',(-0.,-1.,0.));
#2322 = FACE_BOUND('',#2323,.T.);
#2323 = EDGE_LOOP('',(#2324));
#2324 = ORIENTED_EDGE('',*,*,#2325,.T.);
#2325 = EDGE_CURVE('',#2326,#2326,#2328,.T.);
#2326 = VERTEX_POINT('',#2327);
#2327 = CARTESIAN_POINT('',(34.55,-77.15,0.71));
#2328 = CIRCLE('',#2329,0.15);
#2329 = AXIS2_PLACEMENT_3D('',#2330,#2331,#2332);
#2330 = CARTESIAN_POINT('',(34.55,-77.,0.71));
#2331 = DIRECTION('',(-0.,0.,-1.));
#2332 = DIRECTION('',(-0.,-1.,0.));
#2333 = FACE_BOUND('',#2334,.T.);
#2334 = EDGE_LOOP('',(#2335));
#2335 = ORIENTED_EDGE('',*,*,#2336,.T.);
#2336 = EDGE_CURVE('',#2337,#2337,#2339,.T.);
#2337 = VERTEX_POINT('',#2338);
#2338 = CARTESIAN_POINT('',(34.85,-74.5,0.71));
#2339 = CIRCLE('',#2340,0.15);
#2340 = AXIS2_PLACEMENT_3D('',#2341,#2342,#2343);
#2341 = CARTESIAN_POINT('',(34.85,-74.35,0.71));
#2342 = DIRECTION('',(-0.,0.,-1.));
#2343 = DIRECTION('',(-0.,-1.,0.));
#2344 = FACE_BOUND('',#2345,.T.);
#2345 = EDGE_LOOP('',(#2346));
#2346 = ORIENTED_EDGE('',*,*,#2347,.T.);
#2347 = EDGE_CURVE('',#2348,#2348,#2350,.T.);
#2348 = VERTEX_POINT('',#2349);
#2349 = CARTESIAN_POINT('',(35.5095,-75.5256,0.71));
#2350 = CIRCLE('',#2351,0.15);
#2351 = AXIS2_PLACEMENT_3D('',#2352,#2353,#2354);
#2352 = CARTESIAN_POINT('',(35.5095,-75.3756,0.71));
#2353 = DIRECTION('',(-0.,0.,-1.));
#2354 = DIRECTION('',(-0.,-1.,0.));
#2355 = FACE_BOUND('',#2356,.T.);
#2356 = EDGE_LOOP('',(#2357));
#2357 = ORIENTED_EDGE('',*,*,#2358,.T.);
#2358 = EDGE_CURVE('',#2359,#2359,#2361,.T.);
#2359 = VERTEX_POINT('',#2360);
#2360 = CARTESIAN_POINT('',(37.708,-82.2827,0.71));
#2361 = CIRCLE('',#2362,0.15);
#2362 = AXIS2_PLACEMENT_3D('',#2363,#2364,#2365);
#2363 = CARTESIAN_POINT('',(37.708,-82.1327,0.71));
#2364 = DIRECTION('',(-0.,0.,-1.));
#2365 = DIRECTION('',(-0.,-1.,0.));
#2366 = FACE_BOUND('',#2367,.T.);
#2367 = EDGE_LOOP('',(#2368));
#2368 = ORIENTED_EDGE('',*,*,#2369,.T.);
#2369 = EDGE_CURVE('',#2370,#2370,#2372,.T.);
#2370 = VERTEX_POINT('',#2371);
#2371 = CARTESIAN_POINT('',(38.2545,-81.7659,0.71));
#2372 = CIRCLE('',#2373,0.15);
#2373 = AXIS2_PLACEMENT_3D('',#2374,#2375,#2376);
#2374 = CARTESIAN_POINT('',(38.2545,-81.6159,0.71));
#2375 = DIRECTION('',(-0.,0.,-1.));
#2376 = DIRECTION('',(-0.,-1.,0.));
#2377 = FACE_BOUND('',#2378,.T.);
#2378 = EDGE_LOOP('',(#2379));
#2379 = ORIENTED_EDGE('',*,*,#2380,.T.);
#2380 = EDGE_CURVE('',#2381,#2381,#2383,.T.);
#2381 = VERTEX_POINT('',#2382);
#2382 = CARTESIAN_POINT('',(38.1791,-80.6471,0.71));
#2383 = CIRCLE('',#2384,0.15);
#2384 = AXIS2_PLACEMENT_3D('',#2385,#2386,#2387);
#2385 = CARTESIAN_POINT('',(38.1791,-80.4971,0.71));
#2386 = DIRECTION('',(-0.,0.,-1.));
#2387 = DIRECTION('',(-0.,-1.,0.));
#2388 = FACE_BOUND('',#2389,.T.);
#2389 = EDGE_LOOP('',(#2390));
#2390 = ORIENTED_EDGE('',*,*,#2391,.T.);
#2391 = EDGE_CURVE('',#2392,#2392,#2394,.T.);
#2392 = VERTEX_POINT('',#2393);
#2393 = CARTESIAN_POINT('',(39.2138,-80.6077,0.71));
#2394 = CIRCLE('',#2395,0.15);
#2395 = AXIS2_PLACEMENT_3D('',#2396,#2397,#2398);
#2396 = CARTESIAN_POINT('',(39.2138,-80.4577,0.71));
#2397 = DIRECTION('',(-0.,0.,-1.));
#2398 = DIRECTION('',(-0.,-1.,0.));
#2399 = FACE_BOUND('',#2400,.T.);
#2400 = EDGE_LOOP('',(#2401));
#2401 = ORIENTED_EDGE('',*,*,#2402,.T.);
#2402 = EDGE_CURVE('',#2403,#2403,#2405,.T.);
#2403 = VERTEX_POINT('',#2404);
#2404 = CARTESIAN_POINT('',(41.5509,-81.0733,0.71));
#2405 = CIRCLE('',#2406,0.15);
#2406 = AXIS2_PLACEMENT_3D('',#2407,#2408,#2409);
#2407 = CARTESIAN_POINT('',(41.5509,-80.9233,0.71));
#2408 = DIRECTION('',(-0.,0.,-1.));
#2409 = DIRECTION('',(-0.,-1.,0.));
#2410 = FACE_BOUND('',#2411,.T.);
#2411 = EDGE_LOOP('',(#2412));
#2412 = ORIENTED_EDGE('',*,*,#2413,.T.);
#2413 = EDGE_CURVE('',#2414,#2414,#2416,.T.);
#2414 = VERTEX_POINT('',#2415);
#2415 = CARTESIAN_POINT('',(37.2684,-76.6714,0.71));
#2416 = CIRCLE('',#2417,0.15);
#2417 = AXIS2_PLACEMENT_3D('',#2418,#2419,#2420);
#2418 = CARTESIAN_POINT('',(37.2684,-76.5214,0.71));
#2419 = DIRECTION('',(-0.,0.,-1.));
#2420 = DIRECTION('',(-0.,-1.,0.));
#2421 = FACE_BOUND('',#2422,.T.);
#2422 = EDGE_LOOP('',(#2423));
#2423 = ORIENTED_EDGE('',*,*,#2424,.T.);
#2424 = EDGE_CURVE('',#2425,#2425,#2427,.T.);
#2425 = VERTEX_POINT('',#2426);
#2426 = CARTESIAN_POINT('',(42.5161,-76.418,0.71));
#2427 = CIRCLE('',#2428,0.15);
#2428 = AXIS2_PLACEMENT_3D('',#2429,#2430,#2431);
#2429 = CARTESIAN_POINT('',(42.5161,-76.268,0.71));
#2430 = DIRECTION('',(-0.,0.,-1.));
#2431 = DIRECTION('',(-0.,-1.,0.));
#2432 = FACE_BOUND('',#2433,.T.);
#2433 = EDGE_LOOP('',(#2434,#2445,#2453,#2462));
#2434 = ORIENTED_EDGE('',*,*,#2435,.T.);
#2435 = EDGE_CURVE('',#2436,#2438,#2440,.T.);
#2436 = VERTEX_POINT('',#2437);
#2437 = CARTESIAN_POINT('',(44.17,-90.365,0.71));
#2438 = VERTEX_POINT('',#2439);
#2439 = CARTESIAN_POINT('',(44.67,-90.365,0.71));
#2440 = CIRCLE('',#2441,0.25);
#2441 = AXIS2_PLACEMENT_3D('',#2442,#2443,#2444);
#2442 = CARTESIAN_POINT('',(44.42,-90.365,0.71));
#2443 = DIRECTION('',(0.,-0.,-1.));
#2444 = DIRECTION('',(1.,0.,-0.));
#2445 = ORIENTED_EDGE('',*,*,#2446,.T.);
#2446 = EDGE_CURVE('',#2438,#2447,#2449,.T.);
#2447 = VERTEX_POINT('',#2448);
#2448 = CARTESIAN_POINT('',(44.67,-91.515,0.71));
#2449 = LINE('',#2450,#2451);
#2450 = CARTESIAN_POINT('',(44.67,-45.7575,0.71));
#2451 = VECTOR('',#2452,1.);
#2452 = DIRECTION('',(0.,-1.,0.));
#2453 = ORIENTED_EDGE('',*,*,#2454,.T.);
#2454 = EDGE_CURVE('',#2447,#2455,#2457,.T.);
#2455 = VERTEX_POINT('',#2456);
#2456 = CARTESIAN_POINT('',(44.17,-91.515,0.71));
#2457 = CIRCLE('',#2458,0.25);
#2458 = AXIS2_PLACEMENT_3D('',#2459,#2460,#2461);
#2459 = CARTESIAN_POINT('',(44.42,-91.515,0.71));
#2460 = DIRECTION('',(-0.,0.,-1.));
#2461 = DIRECTION('',(-1.,0.,0.));
#2462 = ORIENTED_EDGE('',*,*,#2463,.T.);
#2463 = EDGE_CURVE('',#2455,#2436,#2464,.T.);
#2464 = LINE('',#2465,#2466);
#2465 = CARTESIAN_POINT('',(44.17,-45.1825,0.71));
#2466 = VECTOR('',#2467,1.);
#2467 = DIRECTION('',(-0.,1.,0.));
#2468 = FACE_BOUND('',#2469,.T.);
#2469 = EDGE_LOOP('',(#2470,#2481,#2489,#2498));
#2470 = ORIENTED_EDGE('',*,*,#2471,.T.);
#2471 = EDGE_CURVE('',#2472,#2474,#2476,.T.);
#2472 = VERTEX_POINT('',#2473);
#2473 = CARTESIAN_POINT('',(44.17,-85.725,0.71));
#2474 = VERTEX_POINT('',#2475);
#2475 = CARTESIAN_POINT('',(44.67,-85.725,0.71));
#2476 = CIRCLE('',#2477,0.25);
#2477 = AXIS2_PLACEMENT_3D('',#2478,#2479,#2480);
#2478 = CARTESIAN_POINT('',(44.42,-85.725,0.71));
#2479 = DIRECTION('',(0.,-0.,-1.));
#2480 = DIRECTION('',(1.,0.,-0.));
#2481 = ORIENTED_EDGE('',*,*,#2482,.T.);
#2482 = EDGE_CURVE('',#2474,#2483,#2485,.T.);
#2483 = VERTEX_POINT('',#2484);
#2484 = CARTESIAN_POINT('',(44.67,-86.875,0.71));
#2485 = LINE('',#2486,#2487);
#2486 = CARTESIAN_POINT('',(44.67,-43.4375,0.71));
#2487 = VECTOR('',#2488,1.);
#2488 = DIRECTION('',(0.,-1.,0.));
#2489 = ORIENTED_EDGE('',*,*,#2490,.T.);
#2490 = EDGE_CURVE('',#2483,#2491,#2493,.T.);
#2491 = VERTEX_POINT('',#2492);
#2492 = CARTESIAN_POINT('',(44.17,-86.875,0.71));
#2493 = CIRCLE('',#2494,0.25);
#2494 = AXIS2_PLACEMENT_3D('',#2495,#2496,#2497);
#2495 = CARTESIAN_POINT('',(44.42,-86.875,0.71));
#2496 = DIRECTION('',(-0.,0.,-1.));
#2497 = DIRECTION('',(-1.,0.,0.));
#2498 = ORIENTED_EDGE('',*,*,#2499,.T.);
#2499 = EDGE_CURVE('',#2491,#2472,#2500,.T.);
#2500 = LINE('',#2501,#2502);
#2501 = CARTESIAN_POINT('',(44.17,-42.8625,0.71));
#2502 = VECTOR('',#2503,1.);
#2503 = DIRECTION('',(-0.,1.,0.));
#2504 = FACE_BOUND('',#2505,.T.);
#2505 = EDGE_LOOP('',(#2506));
#2506 = ORIENTED_EDGE('',*,*,#2507,.T.);
#2507 = EDGE_CURVE('',#2508,#2508,#2510,.T.);
#2508 = VERTEX_POINT('',#2509);
#2509 = CARTESIAN_POINT('',(46.25,-86.54,0.71));
#2510 = CIRCLE('',#2511,0.325);
#2511 = AXIS2_PLACEMENT_3D('',#2512,#2513,#2514);
#2512 = CARTESIAN_POINT('',(46.25,-86.215,0.71));
#2513 = DIRECTION('',(-0.,0.,-1.));
#2514 = DIRECTION('',(-0.,-1.,0.));
#2515 = FACE_BOUND('',#2516,.T.);
#2516 = EDGE_LOOP('',(#2517));
#2517 = ORIENTED_EDGE('',*,*,#2518,.T.);
#2518 = EDGE_CURVE('',#2519,#2519,#2521,.T.);
#2519 = VERTEX_POINT('',#2520);
#2520 = CARTESIAN_POINT('',(43.3344,-84.1633,0.71));
#2521 = CIRCLE('',#2522,0.15);
#2522 = AXIS2_PLACEMENT_3D('',#2523,#2524,#2525);
#2523 = CARTESIAN_POINT('',(43.3344,-84.0133,0.71));
#2524 = DIRECTION('',(-0.,0.,-1.));
#2525 = DIRECTION('',(-0.,-1.,0.));
#2526 = FACE_BOUND('',#2527,.T.);
#2527 = EDGE_LOOP('',(#2528));
#2528 = ORIENTED_EDGE('',*,*,#2529,.T.);
#2529 = EDGE_CURVE('',#2530,#2530,#2532,.T.);
#2530 = VERTEX_POINT('',#2531);
#2531 = CARTESIAN_POINT('',(48.6702,-83.9181,0.71));
#2532 = CIRCLE('',#2533,0.15);
#2533 = AXIS2_PLACEMENT_3D('',#2534,#2535,#2536);
#2534 = CARTESIAN_POINT('',(48.6702,-83.7681,0.71));
#2535 = DIRECTION('',(-0.,0.,-1.));
#2536 = DIRECTION('',(-0.,-1.,0.));
#2537 = FACE_BOUND('',#2538,.T.);
#2538 = EDGE_LOOP('',(#2539,#2550,#2558,#2567));
#2539 = ORIENTED_EDGE('',*,*,#2540,.T.);
#2540 = EDGE_CURVE('',#2541,#2543,#2545,.T.);
#2541 = VERTEX_POINT('',#2542);
#2542 = CARTESIAN_POINT('',(55.33,-90.365,0.71));
#2543 = VERTEX_POINT('',#2544);
#2544 = CARTESIAN_POINT('',(55.83,-90.365,0.71));
#2545 = CIRCLE('',#2546,0.25);
#2546 = AXIS2_PLACEMENT_3D('',#2547,#2548,#2549);
#2547 = CARTESIAN_POINT('',(55.58,-90.365,0.71));
#2548 = DIRECTION('',(0.,-0.,-1.));
#2549 = DIRECTION('',(1.,0.,-0.));
#2550 = ORIENTED_EDGE('',*,*,#2551,.T.);
#2551 = EDGE_CURVE('',#2543,#2552,#2554,.T.);
#2552 = VERTEX_POINT('',#2553);
#2553 = CARTESIAN_POINT('',(55.83,-91.515,0.71));
#2554 = LINE('',#2555,#2556);
#2555 = CARTESIAN_POINT('',(55.83,-45.7575,0.71));
#2556 = VECTOR('',#2557,1.);
#2557 = DIRECTION('',(0.,-1.,0.));
#2558 = ORIENTED_EDGE('',*,*,#2559,.T.);
#2559 = EDGE_CURVE('',#2552,#2560,#2562,.T.);
#2560 = VERTEX_POINT('',#2561);
#2561 = CARTESIAN_POINT('',(55.33,-91.515,0.71));
#2562 = CIRCLE('',#2563,0.25);
#2563 = AXIS2_PLACEMENT_3D('',#2564,#2565,#2566);
#2564 = CARTESIAN_POINT('',(55.58,-91.515,0.71));
#2565 = DIRECTION('',(-0.,0.,-1.));
#2566 = DIRECTION('',(-1.,0.,0.));
#2567 = ORIENTED_EDGE('',*,*,#2568,.T.);
#2568 = EDGE_CURVE('',#2560,#2541,#2569,.T.);
#2569 = LINE('',#2570,#2571);
#2570 = CARTESIAN_POINT('',(55.33,-45.1825,0.71));
#2571 = VECTOR('',#2572,1.);
#2572 = DIRECTION('',(-0.,1.,0.));
#2573 = FACE_BOUND('',#2574,.T.);
#2574 = EDGE_LOOP('',(#2575));
#2575 = ORIENTED_EDGE('',*,*,#2576,.T.);
#2576 = EDGE_CURVE('',#2577,#2577,#2579,.T.);
#2577 = VERTEX_POINT('',#2578);
#2578 = CARTESIAN_POINT('',(51.0567,-84.1181,0.71));
#2579 = CIRCLE('',#2580,0.15);
#2580 = AXIS2_PLACEMENT_3D('',#2581,#2582,#2583);
#2581 = CARTESIAN_POINT('',(51.0567,-83.9681,0.71));
#2582 = DIRECTION('',(-0.,0.,-1.));
#2583 = DIRECTION('',(-0.,-1.,0.));
#2584 = FACE_BOUND('',#2585,.T.);
#2585 = EDGE_LOOP('',(#2586));
#2586 = ORIENTED_EDGE('',*,*,#2587,.T.);
#2587 = EDGE_CURVE('',#2588,#2588,#2590,.T.);
#2588 = VERTEX_POINT('',#2589);
#2589 = CARTESIAN_POINT('',(52.1125,-83.4338,0.71));
#2590 = CIRCLE('',#2591,0.15);
#2591 = AXIS2_PLACEMENT_3D('',#2592,#2593,#2594);
#2592 = CARTESIAN_POINT('',(52.1125,-83.2838,0.71));
#2593 = DIRECTION('',(-0.,0.,-1.));
#2594 = DIRECTION('',(-0.,-1.,0.));
#2595 = FACE_BOUND('',#2596,.T.);
#2596 = EDGE_LOOP('',(#2597));
#2597 = ORIENTED_EDGE('',*,*,#2598,.T.);
#2598 = EDGE_CURVE('',#2599,#2599,#2601,.T.);
#2599 = VERTEX_POINT('',#2600);
#2600 = CARTESIAN_POINT('',(53.75,-86.54,0.71));
#2601 = CIRCLE('',#2602,0.325);
#2602 = AXIS2_PLACEMENT_3D('',#2603,#2604,#2605);
#2603 = CARTESIAN_POINT('',(53.75,-86.215,0.71));
#2604 = DIRECTION('',(-0.,0.,-1.));
#2605 = DIRECTION('',(-0.,-1.,0.));
#2606 = FACE_BOUND('',#2607,.T.);
#2607 = EDGE_LOOP('',(#2608,#2619,#2627,#2636));
#2608 = ORIENTED_EDGE('',*,*,#2609,.T.);
#2609 = EDGE_CURVE('',#2610,#2612,#2614,.T.);
#2610 = VERTEX_POINT('',#2611);
#2611 = CARTESIAN_POINT('',(55.33,-85.725,0.71));
#2612 = VERTEX_POINT('',#2613);
#2613 = CARTESIAN_POINT('',(55.83,-85.725,0.71));
#2614 = CIRCLE('',#2615,0.25);
#2615 = AXIS2_PLACEMENT_3D('',#2616,#2617,#2618);
#2616 = CARTESIAN_POINT('',(55.58,-85.725,0.71));
#2617 = DIRECTION('',(0.,-0.,-1.));
#2618 = DIRECTION('',(1.,0.,-0.));
#2619 = ORIENTED_EDGE('',*,*,#2620,.T.);
#2620 = EDGE_CURVE('',#2612,#2621,#2623,.T.);
#2621 = VERTEX_POINT('',#2622);
#2622 = CARTESIAN_POINT('',(55.83,-86.875,0.71));
#2623 = LINE('',#2624,#2625);
#2624 = CARTESIAN_POINT('',(55.83,-43.4375,0.71));
#2625 = VECTOR('',#2626,1.);
#2626 = DIRECTION('',(0.,-1.,0.));
#2627 = ORIENTED_EDGE('',*,*,#2628,.T.);
#2628 = EDGE_CURVE('',#2621,#2629,#2631,.T.);
#2629 = VERTEX_POINT('',#2630);
#2630 = CARTESIAN_POINT('',(55.33,-86.875,0.71));
#2631 = CIRCLE('',#2632,0.25);
#2632 = AXIS2_PLACEMENT_3D('',#2633,#2634,#2635);
#2633 = CARTESIAN_POINT('',(55.58,-86.875,0.71));
#2634 = DIRECTION('',(-0.,0.,-1.));
#2635 = DIRECTION('',(-1.,0.,0.));
#2636 = ORIENTED_EDGE('',*,*,#2637,.T.);
#2637 = EDGE_CURVE('',#2629,#2610,#2638,.T.);
#2638 = LINE('',#2639,#2640);
#2639 = CARTESIAN_POINT('',(55.33,-42.8625,0.71));
#2640 = VECTOR('',#2641,1.);
#2641 = DIRECTION('',(-0.,1.,0.));
#2642 = FACE_BOUND('',#2643,.T.);
#2643 = EDGE_LOOP('',(#2644));
#2644 = ORIENTED_EDGE('',*,*,#2645,.T.);
#2645 = EDGE_CURVE('',#2646,#2646,#2648,.T.);
#2646 = VERTEX_POINT('',#2647);
#2647 = CARTESIAN_POINT('',(53.926,-83.7612,0.71));
#2648 = CIRCLE('',#2649,0.15);
#2649 = AXIS2_PLACEMENT_3D('',#2650,#2651,#2652);
#2650 = CARTESIAN_POINT('',(53.926,-83.6112,0.71));
#2651 = DIRECTION('',(-0.,0.,-1.));
#2652 = DIRECTION('',(-0.,-1.,0.));
#2653 = FACE_BOUND('',#2654,.T.);
#2654 = EDGE_LOOP('',(#2655));
#2655 = ORIENTED_EDGE('',*,*,#2656,.T.);
#2656 = EDGE_CURVE('',#2657,#2657,#2659,.T.);
#2657 = VERTEX_POINT('',#2658);
#2658 = CARTESIAN_POINT('',(44.4327,-81.8572,0.71));
#2659 = CIRCLE('',#2660,0.15);
#2660 = AXIS2_PLACEMENT_3D('',#2661,#2662,#2663);
#2661 = CARTESIAN_POINT('',(44.4327,-81.7072,0.71));
#2662 = DIRECTION('',(-0.,0.,-1.));
#2663 = DIRECTION('',(-0.,-1.,0.));
#2664 = FACE_BOUND('',#2665,.T.);
#2665 = EDGE_LOOP('',(#2666));
#2666 = ORIENTED_EDGE('',*,*,#2667,.T.);
#2667 = EDGE_CURVE('',#2668,#2668,#2670,.T.);
#2668 = VERTEX_POINT('',#2669);
#2669 = CARTESIAN_POINT('',(47.9278,-81.8524,0.71));
#2670 = CIRCLE('',#2671,0.15);
#2671 = AXIS2_PLACEMENT_3D('',#2672,#2673,#2674);
#2672 = CARTESIAN_POINT('',(47.9278,-81.7024,0.71));
#2673 = DIRECTION('',(-0.,0.,-1.));
#2674 = DIRECTION('',(-4.736951571734E-14,-1.,0.));
#2675 = FACE_BOUND('',#2676,.T.);
#2676 = EDGE_LOOP('',(#2677));
#2677 = ORIENTED_EDGE('',*,*,#2678,.T.);
#2678 = EDGE_CURVE('',#2679,#2679,#2681,.T.);
#2679 = VERTEX_POINT('',#2680);
#2680 = CARTESIAN_POINT('',(48.9853,-81.3092,0.71));
#2681 = CIRCLE('',#2682,0.15);
#2682 = AXIS2_PLACEMENT_3D('',#2683,#2684,#2685);
#2683 = CARTESIAN_POINT('',(48.9853,-81.1592,0.71));
#2684 = DIRECTION('',(-0.,0.,-1.));
#2685 = DIRECTION('',(4.736951571734E-14,-1.,-0.));
#2686 = FACE_BOUND('',#2687,.T.);
#2687 = EDGE_LOOP('',(#2688));
#2688 = ORIENTED_EDGE('',*,*,#2689,.T.);
#2689 = EDGE_CURVE('',#2690,#2690,#2692,.T.);
#2690 = VERTEX_POINT('',#2691);
#2691 = CARTESIAN_POINT('',(48.9853,-78.8093,0.71));
#2692 = CIRCLE('',#2693,0.15);
#2693 = AXIS2_PLACEMENT_3D('',#2694,#2695,#2696);
#2694 = CARTESIAN_POINT('',(48.9853,-78.6593,0.71));
#2695 = DIRECTION('',(-0.,0.,-1.));
#2696 = DIRECTION('',(4.736951571734E-14,-1.,-0.));
#2697 = FACE_BOUND('',#2698,.T.);
#2698 = EDGE_LOOP('',(#2699));
#2699 = ORIENTED_EDGE('',*,*,#2700,.T.);
#2700 = EDGE_CURVE('',#2701,#2701,#2703,.T.);
#2701 = VERTEX_POINT('',#2702);
#2702 = CARTESIAN_POINT('',(51.,-82.15,0.71));
#2703 = CIRCLE('',#2704,0.15);
#2704 = AXIS2_PLACEMENT_3D('',#2705,#2706,#2707);
#2705 = CARTESIAN_POINT('',(51.,-82.,0.71));
#2706 = DIRECTION('',(-0.,0.,-1.));
#2707 = DIRECTION('',(-0.,-1.,0.));
#2708 = FACE_BOUND('',#2709,.T.);
#2709 = EDGE_LOOP('',(#2710));
#2710 = ORIENTED_EDGE('',*,*,#2711,.T.);
#2711 = EDGE_CURVE('',#2712,#2712,#2714,.T.);
#2712 = VERTEX_POINT('',#2713);
#2713 = CARTESIAN_POINT('',(36.9395,-63.2231,0.71));
#2714 = CIRCLE('',#2715,0.15);
#2715 = AXIS2_PLACEMENT_3D('',#2716,#2717,#2718);
#2716 = CARTESIAN_POINT('',(36.9395,-63.0731,0.71));
#2717 = DIRECTION('',(-0.,0.,-1.));
#2718 = DIRECTION('',(4.736951571734E-14,-1.,-0.));
#2719 = FACE_BOUND('',#2720,.T.);
#2720 = EDGE_LOOP('',(#2721));
#2721 = ORIENTED_EDGE('',*,*,#2722,.T.);
#2722 = EDGE_CURVE('',#2723,#2723,#2725,.T.);
#2723 = VERTEX_POINT('',#2724);
#2724 = CARTESIAN_POINT('',(39.3455,-64.15,0.71));
#2725 = CIRCLE('',#2726,0.15);
#2726 = AXIS2_PLACEMENT_3D('',#2727,#2728,#2729);
#2727 = CARTESIAN_POINT('',(39.3455,-64.,0.71));
#2728 = DIRECTION('',(-0.,0.,-1.));
#2729 = DIRECTION('',(-0.,-1.,0.));
#2730 = FACE_BOUND('',#2731,.T.);
#2731 = EDGE_LOOP('',(#2732));
#2732 = ORIENTED_EDGE('',*,*,#2733,.T.);
#2733 = EDGE_CURVE('',#2734,#2734,#2736,.T.);
#2734 = VERTEX_POINT('',#2735);
#2735 = CARTESIAN_POINT('',(48.8377,-71.694,0.71));
#2736 = CIRCLE('',#2737,0.15);
#2737 = AXIS2_PLACEMENT_3D('',#2738,#2739,#2740);
#2738 = CARTESIAN_POINT('',(48.8377,-71.544,0.71));
#2739 = DIRECTION('',(-0.,0.,-1.));
#2740 = DIRECTION('',(-0.,-1.,0.));
#2741 = FACE_BOUND('',#2742,.T.);
#2742 = EDGE_LOOP('',(#2743));
#2743 = ORIENTED_EDGE('',*,*,#2744,.T.);
#2744 = EDGE_CURVE('',#2745,#2745,#2747,.T.);
#2745 = VERTEX_POINT('',#2746);
#2746 = CARTESIAN_POINT('',(48.1359,-67.9869,0.71));
#2747 = CIRCLE('',#2748,0.15);
#2748 = AXIS2_PLACEMENT_3D('',#2749,#2750,#2751);
#2749 = CARTESIAN_POINT('',(48.1359,-67.8369,0.71));
#2750 = DIRECTION('',(-0.,0.,-1.));
#2751 = DIRECTION('',(-0.,-1.,0.));
#2752 = FACE_BOUND('',#2753,.T.);
#2753 = EDGE_LOOP('',(#2754));
#2754 = ORIENTED_EDGE('',*,*,#2755,.T.);
#2755 = EDGE_CURVE('',#2756,#2756,#2758,.T.);
#2756 = VERTEX_POINT('',#2757);
#2757 = CARTESIAN_POINT('',(48.1359,-64.4474,0.71));
#2758 = CIRCLE('',#2759,0.15);
#2759 = AXIS2_PLACEMENT_3D('',#2760,#2761,#2762);
#2760 = CARTESIAN_POINT('',(48.1359,-64.2974,0.71));
#2761 = DIRECTION('',(-0.,0.,-1.));
#2762 = DIRECTION('',(-0.,-1.,0.));
#2763 = FACE_BOUND('',#2764,.T.);
#2764 = EDGE_LOOP('',(#2765));
#2765 = ORIENTED_EDGE('',*,*,#2766,.T.);
#2766 = EDGE_CURVE('',#2767,#2767,#2769,.T.);
#2767 = VERTEX_POINT('',#2768);
#2768 = CARTESIAN_POINT('',(48.3884,-61.51,0.71));
#2769 = CIRCLE('',#2770,0.15);
#2770 = AXIS2_PLACEMENT_3D('',#2771,#2772,#2773);
#2771 = CARTESIAN_POINT('',(48.3884,-61.36,0.71));
#2772 = DIRECTION('',(-0.,0.,-1.));
#2773 = DIRECTION('',(-4.736951571734E-14,-1.,0.));
#2774 = FACE_BOUND('',#2775,.T.);
#2775 = EDGE_LOOP('',(#2776));
#2776 = ORIENTED_EDGE('',*,*,#2777,.T.);
#2777 = EDGE_CURVE('',#2778,#2778,#2780,.T.);
#2778 = VERTEX_POINT('',#2779);
#2779 = CARTESIAN_POINT('',(14.0495,-53.8229,0.71));
#2780 = CIRCLE('',#2781,0.15);
#2781 = AXIS2_PLACEMENT_3D('',#2782,#2783,#2784);
#2782 = CARTESIAN_POINT('',(14.0495,-53.6729,0.71));
#2783 = DIRECTION('',(-0.,0.,-1.));
#2784 = DIRECTION('',(-0.,-1.,0.));
#2785 = FACE_BOUND('',#2786,.T.);
#2786 = EDGE_LOOP('',(#2787));
#2787 = ORIENTED_EDGE('',*,*,#2788,.T.);
#2788 = EDGE_CURVE('',#2789,#2789,#2791,.T.);
#2789 = VERTEX_POINT('',#2790);
#2790 = CARTESIAN_POINT('',(16.4318,-51.7874,0.71));
#2791 = CIRCLE('',#2792,0.15);
#2792 = AXIS2_PLACEMENT_3D('',#2793,#2794,#2795);
#2793 = CARTESIAN_POINT('',(16.4318,-51.6374,0.71));
#2794 = DIRECTION('',(-0.,0.,-1.));
#2795 = DIRECTION('',(-2.368475785867E-14,-1.,0.));
#2796 = FACE_BOUND('',#2797,.T.);
#2797 = EDGE_LOOP('',(#2798));
#2798 = ORIENTED_EDGE('',*,*,#2799,.T.);
#2799 = EDGE_CURVE('',#2800,#2800,#2802,.T.);
#2800 = VERTEX_POINT('',#2801);
#2801 = CARTESIAN_POINT('',(10.8348,-46.0223,0.71));
#2802 = CIRCLE('',#2803,0.15);
#2803 = AXIS2_PLACEMENT_3D('',#2804,#2805,#2806);
#2804 = CARTESIAN_POINT('',(10.8348,-45.8723,0.71));
#2805 = DIRECTION('',(-0.,0.,-1.));
#2806 = DIRECTION('',(-0.,-1.,0.));
#2807 = FACE_BOUND('',#2808,.T.);
#2808 = EDGE_LOOP('',(#2809));
#2809 = ORIENTED_EDGE('',*,*,#2810,.T.);
#2810 = EDGE_CURVE('',#2811,#2811,#2813,.T.);
#2811 = VERTEX_POINT('',#2812);
#2812 = CARTESIAN_POINT('',(38.1893,-54.4156,0.71));
#2813 = CIRCLE('',#2814,0.15);
#2814 = AXIS2_PLACEMENT_3D('',#2815,#2816,#2817);
#2815 = CARTESIAN_POINT('',(38.1893,-54.2656,0.71));
#2816 = DIRECTION('',(-0.,0.,-1.));
#2817 = DIRECTION('',(-0.,-1.,0.));
#2818 = FACE_BOUND('',#2819,.T.);
#2819 = EDGE_LOOP('',(#2820));
#2820 = ORIENTED_EDGE('',*,*,#2821,.T.);
#2821 = EDGE_CURVE('',#2822,#2822,#2824,.T.);
#2822 = VERTEX_POINT('',#2823);
#2823 = CARTESIAN_POINT('',(34.3262,-45.3138,0.71));
#2824 = CIRCLE('',#2825,0.15);
#2825 = AXIS2_PLACEMENT_3D('',#2826,#2827,#2828);
#2826 = CARTESIAN_POINT('',(34.3262,-45.1638,0.71));
#2827 = DIRECTION('',(-0.,0.,-1.));
#2828 = DIRECTION('',(-0.,-1.,0.));
#2829 = FACE_BOUND('',#2830,.T.);
#2830 = EDGE_LOOP('',(#2831));
#2831 = ORIENTED_EDGE('',*,*,#2832,.T.);
#2832 = EDGE_CURVE('',#2833,#2833,#2835,.T.);
#2833 = VERTEX_POINT('',#2834);
#2834 = CARTESIAN_POINT('',(33.4854,-39.7146,0.71));
#2835 = CIRCLE('',#2836,0.15);
#2836 = AXIS2_PLACEMENT_3D('',#2837,#2838,#2839);
#2837 = CARTESIAN_POINT('',(33.4854,-39.5646,0.71));
#2838 = DIRECTION('',(-0.,0.,-1.));
#2839 = DIRECTION('',(-0.,-1.,0.));
#2840 = FACE_BOUND('',#2841,.T.);
#2841 = EDGE_LOOP('',(#2842));
#2842 = ORIENTED_EDGE('',*,*,#2843,.T.);
#2843 = EDGE_CURVE('',#2844,#2844,#2846,.T.);
#2844 = VERTEX_POINT('',#2845);
#2845 = CARTESIAN_POINT('',(40.2125,-42.1377,0.71));
#2846 = CIRCLE('',#2847,0.15);
#2847 = AXIS2_PLACEMENT_3D('',#2848,#2849,#2850);
#2848 = CARTESIAN_POINT('',(40.2125,-41.9877,0.71));
#2849 = DIRECTION('',(-0.,0.,-1.));
#2850 = DIRECTION('',(-0.,-1.,0.));
#2851 = FACE_BOUND('',#2852,.T.);
#2852 = EDGE_LOOP('',(#2853));
#2853 = ORIENTED_EDGE('',*,*,#2854,.T.);
#2854 = EDGE_CURVE('',#2855,#2855,#2857,.T.);
#2855 = VERTEX_POINT('',#2856);
#2856 = CARTESIAN_POINT('',(48.7837,-51.85,0.71));
#2857 = CIRCLE('',#2858,0.15);
#2858 = AXIS2_PLACEMENT_3D('',#2859,#2860,#2861);
#2859 = CARTESIAN_POINT('',(48.7837,-51.7,0.71));
#2860 = DIRECTION('',(-0.,0.,-1.));
#2861 = DIRECTION('',(4.736951571734E-14,-1.,-0.));
#2862 = FACE_BOUND('',#2863,.T.);
#2863 = EDGE_LOOP('',(#2864));
#2864 = ORIENTED_EDGE('',*,*,#2865,.T.);
#2865 = EDGE_CURVE('',#2866,#2866,#2868,.T.);
#2866 = VERTEX_POINT('',#2867);
#2867 = CARTESIAN_POINT('',(50.0967,-49.9408,0.71));
#2868 = CIRCLE('',#2869,0.15);
#2869 = AXIS2_PLACEMENT_3D('',#2870,#2871,#2872);
#2870 = CARTESIAN_POINT('',(50.0967,-49.7908,0.71));
#2871 = DIRECTION('',(-0.,0.,-1.));
#2872 = DIRECTION('',(-0.,-1.,0.));
#2873 = FACE_BOUND('',#2874,.T.);
#2874 = EDGE_LOOP('',(#2875));
#2875 = ORIENTED_EDGE('',*,*,#2876,.T.);
#2876 = EDGE_CURVE('',#2877,#2877,#2879,.T.);
#2877 = VERTEX_POINT('',#2878);
#2878 = CARTESIAN_POINT('',(51.3008,-47.9608,0.71));
#2879 = CIRCLE('',#2880,0.15);
#2880 = AXIS2_PLACEMENT_3D('',#2881,#2882,#2883);
#2881 = CARTESIAN_POINT('',(51.3008,-47.8108,0.71));
#2882 = DIRECTION('',(-0.,0.,-1.));
#2883 = DIRECTION('',(4.736951571734E-14,-1.,-0.));
#2884 = FACE_BOUND('',#2885,.T.);
#2885 = EDGE_LOOP('',(#2886));
#2886 = ORIENTED_EDGE('',*,*,#2887,.T.);
#2887 = EDGE_CURVE('',#2888,#2888,#2890,.T.);
#2888 = VERTEX_POINT('',#2889);
#2889 = CARTESIAN_POINT('',(51.3328,-46.4406,0.71));
#2890 = CIRCLE('',#2891,0.15);
#2891 = AXIS2_PLACEMENT_3D('',#2892,#2893,#2894);
#2892 = CARTESIAN_POINT('',(51.3328,-46.2906,0.71));
#2893 = DIRECTION('',(-0.,0.,-1.));
#2894 = DIRECTION('',(-0.,-1.,0.));
#2895 = FACE_BOUND('',#2896,.T.);
#2896 = EDGE_LOOP('',(#2897));
#2897 = ORIENTED_EDGE('',*,*,#2898,.T.);
#2898 = EDGE_CURVE('',#2899,#2899,#2901,.T.);
#2899 = VERTEX_POINT('',#2900);
#2900 = CARTESIAN_POINT('',(54.8452,-49.9893,0.71));
#2901 = CIRCLE('',#2902,0.15);
#2902 = AXIS2_PLACEMENT_3D('',#2903,#2904,#2905);
#2903 = CARTESIAN_POINT('',(54.8452,-49.8393,0.71));
#2904 = DIRECTION('',(-0.,0.,-1.));
#2905 = DIRECTION('',(-0.,-1.,0.));
#2906 = FACE_BOUND('',#2907,.T.);
#2907 = EDGE_LOOP('',(#2908));
#2908 = ORIENTED_EDGE('',*,*,#2909,.T.);
#2909 = EDGE_CURVE('',#2910,#2910,#2912,.T.);
#2910 = VERTEX_POINT('',#2911);
#2911 = CARTESIAN_POINT('',(52.1372,-38.9893,0.71));
#2912 = CIRCLE('',#2913,0.15);
#2913 = AXIS2_PLACEMENT_3D('',#2914,#2915,#2916);
#2914 = CARTESIAN_POINT('',(52.1372,-38.8393,0.71));
#2915 = DIRECTION('',(-0.,0.,-1.));
#2916 = DIRECTION('',(-0.,-1.,0.));
#2917 = FACE_BOUND('',#2918,.T.);
#2918 = EDGE_LOOP('',(#2919));
#2919 = ORIENTED_EDGE('',*,*,#2920,.T.);
#2920 = EDGE_CURVE('',#2921,#2921,#2923,.T.);
#2921 = VERTEX_POINT('',#2922);
#2922 = CARTESIAN_POINT('',(54.1825,-41.193,0.71));
#2923 = CIRCLE('',#2924,0.15);
#2924 = AXIS2_PLACEMENT_3D('',#2925,#2926,#2927);
#2925 = CARTESIAN_POINT('',(54.1825,-41.043,0.71));
#2926 = DIRECTION('',(-0.,0.,-1.));
#2927 = DIRECTION('',(-4.736951571734E-14,-1.,0.));
#2928 = FACE_BOUND('',#2929,.T.);
#2929 = EDGE_LOOP('',(#2930));
#2930 = ORIENTED_EDGE('',*,*,#2931,.T.);
#2931 = EDGE_CURVE('',#2932,#2932,#2934,.T.);
#2932 = VERTEX_POINT('',#2933);
#2933 = CARTESIAN_POINT('',(32.662,-36.2577,0.71));
#2934 = CIRCLE('',#2935,0.15);
#2935 = AXIS2_PLACEMENT_3D('',#2936,#2937,#2938);
#2936 = CARTESIAN_POINT('',(32.662,-36.1077,0.71));
#2937 = DIRECTION('',(-0.,0.,-1.));
#2938 = DIRECTION('',(-0.,-1.,0.));
#2939 = FACE_BOUND('',#2940,.T.);
#2940 = EDGE_LOOP('',(#2941));
#2941 = ORIENTED_EDGE('',*,*,#2942,.T.);
#2942 = EDGE_CURVE('',#2943,#2943,#2945,.T.);
#2943 = VERTEX_POINT('',#2944);
#2944 = CARTESIAN_POINT('',(32.67,-35.4652,0.71));
#2945 = CIRCLE('',#2946,0.15);
#2946 = AXIS2_PLACEMENT_3D('',#2947,#2948,#2949);
#2947 = CARTESIAN_POINT('',(32.67,-35.3152,0.71));
#2948 = DIRECTION('',(-0.,0.,-1.));
#2949 = DIRECTION('',(-0.,-1.,0.));
#2950 = FACE_BOUND('',#2951,.T.);
#2951 = EDGE_LOOP('',(#2952));
#2952 = ORIENTED_EDGE('',*,*,#2953,.T.);
#2953 = EDGE_CURVE('',#2954,#2954,#2956,.T.);
#2954 = VERTEX_POINT('',#2955);
#2955 = CARTESIAN_POINT('',(32.6687,-32.3013,0.71));
#2956 = CIRCLE('',#2957,0.15);
#2957 = AXIS2_PLACEMENT_3D('',#2958,#2959,#2960);
#2958 = CARTESIAN_POINT('',(32.6687,-32.1513,0.71));
#2959 = DIRECTION('',(-0.,0.,-1.));
#2960 = DIRECTION('',(-0.,-1.,0.));
#2961 = FACE_BOUND('',#2962,.T.);
#2962 = EDGE_LOOP('',(#2963));
#2963 = ORIENTED_EDGE('',*,*,#2964,.T.);
#2964 = EDGE_CURVE('',#2965,#2965,#2967,.T.);
#2965 = VERTEX_POINT('',#2966);
#2966 = CARTESIAN_POINT('',(35.8586,-31.2325,0.71));
#2967 = CIRCLE('',#2968,0.15);
#2968 = AXIS2_PLACEMENT_3D('',#2969,#2970,#2971);
#2969 = CARTESIAN_POINT('',(35.8586,-31.0825,0.71));
#2970 = DIRECTION('',(-0.,0.,-1.));
#2971 = DIRECTION('',(4.736951571734E-14,-1.,-0.));
#2972 = FACE_BOUND('',#2973,.T.);
#2973 = EDGE_LOOP('',(#2974));
#2974 = ORIENTED_EDGE('',*,*,#2975,.T.);
#2975 = EDGE_CURVE('',#2976,#2976,#2978,.T.);
#2976 = VERTEX_POINT('',#2977);
#2977 = CARTESIAN_POINT('',(41.4176,-36.6824,0.71));
#2978 = CIRCLE('',#2979,0.15);
#2979 = AXIS2_PLACEMENT_3D('',#2980,#2981,#2982);
#2980 = CARTESIAN_POINT('',(41.4176,-36.5324,0.71));
#2981 = DIRECTION('',(-0.,0.,-1.));
#2982 = DIRECTION('',(-0.,-1.,0.));
#2983 = FACE_BOUND('',#2984,.T.);
#2984 = EDGE_LOOP('',(#2985));
#2985 = ORIENTED_EDGE('',*,*,#2986,.T.);
#2986 = EDGE_CURVE('',#2987,#2987,#2989,.T.);
#2987 = VERTEX_POINT('',#2988);
#2988 = CARTESIAN_POINT('',(38.8167,-32.2,0.71));
#2989 = CIRCLE('',#2990,0.15);
#2990 = AXIS2_PLACEMENT_3D('',#2991,#2992,#2993);
#2991 = CARTESIAN_POINT('',(38.8167,-32.05,0.71));
#2992 = DIRECTION('',(-0.,0.,-1.));
#2993 = DIRECTION('',(-0.,-1.,0.));
#2994 = FACE_BOUND('',#2995,.T.);
#2995 = EDGE_LOOP('',(#2996));
#2996 = ORIENTED_EDGE('',*,*,#2997,.T.);
#2997 = EDGE_CURVE('',#2998,#2998,#3000,.T.);
#2998 = VERTEX_POINT('',#2999);
#2999 = CARTESIAN_POINT('',(34.8679,-22.3312,0.71));
#3000 = CIRCLE('',#3001,0.15);
#3001 = AXIS2_PLACEMENT_3D('',#3002,#3003,#3004);
#3002 = CARTESIAN_POINT('',(34.8679,-22.1812,0.71));
#3003 = DIRECTION('',(-0.,0.,-1.));
#3004 = DIRECTION('',(-0.,-1.,0.));
#3005 = FACE_BOUND('',#3006,.T.);
#3006 = EDGE_LOOP('',(#3007));
#3007 = ORIENTED_EDGE('',*,*,#3008,.T.);
#3008 = EDGE_CURVE('',#3009,#3009,#3011,.T.);
#3009 = VERTEX_POINT('',#3010);
#3010 = CARTESIAN_POINT('',(36.7825,-21.5003,0.71));
#3011 = CIRCLE('',#3012,0.15);
#3012 = AXIS2_PLACEMENT_3D('',#3013,#3014,#3015);
#3013 = CARTESIAN_POINT('',(36.7825,-21.3503,0.71));
#3014 = DIRECTION('',(-0.,0.,-1.));
#3015 = DIRECTION('',(-0.,-1.,0.));
#3016 = FACE_BOUND('',#3017,.T.);
#3017 = EDGE_LOOP('',(#3018));
#3018 = ORIENTED_EDGE('',*,*,#3019,.T.);
#3019 = EDGE_CURVE('',#3020,#3020,#3022,.T.);
#3020 = VERTEX_POINT('',#3021);
#3021 = CARTESIAN_POINT('',(38.2328,-23.8095,0.71));
#3022 = CIRCLE('',#3023,0.15);
#3023 = AXIS2_PLACEMENT_3D('',#3024,#3025,#3026);
#3024 = CARTESIAN_POINT('',(38.2328,-23.6595,0.71));
#3025 = DIRECTION('',(-0.,0.,-1.));
#3026 = DIRECTION('',(-0.,-1.,0.));
#3027 = FACE_BOUND('',#3028,.T.);
#3028 = EDGE_LOOP('',(#3029));
#3029 = ORIENTED_EDGE('',*,*,#3030,.T.);
#3030 = EDGE_CURVE('',#3031,#3031,#3033,.T.);
#3031 = VERTEX_POINT('',#3032);
#3032 = CARTESIAN_POINT('',(40.2055,-26.6213,0.71));
#3033 = CIRCLE('',#3034,0.15);
#3034 = AXIS2_PLACEMENT_3D('',#3035,#3036,#3037);
#3035 = CARTESIAN_POINT('',(40.2055,-26.4713,0.71));
#3036 = DIRECTION('',(-0.,0.,-1.));
#3037 = DIRECTION('',(-0.,-1.,0.));
#3038 = FACE_BOUND('',#3039,.T.);
#3039 = EDGE_LOOP('',(#3040));
#3040 = ORIENTED_EDGE('',*,*,#3041,.T.);
#3041 = EDGE_CURVE('',#3042,#3042,#3044,.T.);
#3042 = VERTEX_POINT('',#3043);
#3043 = CARTESIAN_POINT('',(41.,-26.6176,0.71));
#3044 = CIRCLE('',#3045,0.15);
#3045 = AXIS2_PLACEMENT_3D('',#3046,#3047,#3048);
#3046 = CARTESIAN_POINT('',(41.,-26.4676,0.71));
#3047 = DIRECTION('',(-0.,0.,-1.));
#3048 = DIRECTION('',(-0.,-1.,0.));
#3049 = FACE_BOUND('',#3050,.T.);
#3050 = EDGE_LOOP('',(#3051));
#3051 = ORIENTED_EDGE('',*,*,#3052,.T.);
#3052 = EDGE_CURVE('',#3053,#3053,#3055,.T.);
#3053 = VERTEX_POINT('',#3054);
#3054 = CARTESIAN_POINT('',(42.3996,-26.6021,0.71));
#3055 = CIRCLE('',#3056,0.15);
#3056 = AXIS2_PLACEMENT_3D('',#3057,#3058,#3059);
#3057 = CARTESIAN_POINT('',(42.3996,-26.4521,0.71));
#3058 = DIRECTION('',(-0.,0.,-1.));
#3059 = DIRECTION('',(-0.,-1.,0.));
#3060 = FACE_BOUND('',#3061,.T.);
#3061 = EDGE_LOOP('',(#3062));
#3062 = ORIENTED_EDGE('',*,*,#3063,.T.);
#3063 = EDGE_CURVE('',#3064,#3064,#3066,.T.);
#3064 = VERTEX_POINT('',#3065);
#3065 = CARTESIAN_POINT('',(37.5606,-21.5336,0.71));
#3066 = CIRCLE('',#3067,0.15);
#3067 = AXIS2_PLACEMENT_3D('',#3068,#3069,#3070);
#3068 = CARTESIAN_POINT('',(37.5606,-21.3836,0.71));
#3069 = DIRECTION('',(-0.,0.,-1.));
#3070 = DIRECTION('',(-0.,-1.,0.));
#3071 = FACE_BOUND('',#3072,.T.);
#3072 = EDGE_LOOP('',(#3073));
#3073 = ORIENTED_EDGE('',*,*,#3074,.T.);
#3074 = EDGE_CURVE('',#3075,#3075,#3077,.T.);
#3075 = VERTEX_POINT('',#3076);
#3076 = CARTESIAN_POINT('',(41.8419,-21.6158,0.71));
#3077 = CIRCLE('',#3078,0.15);
#3078 = AXIS2_PLACEMENT_3D('',#3079,#3080,#3081);
#3079 = CARTESIAN_POINT('',(41.8419,-21.4658,0.71));
#3080 = DIRECTION('',(-0.,0.,-1.));
#3081 = DIRECTION('',(4.736951571734E-14,-1.,-0.));
#3082 = FACE_BOUND('',#3083,.T.);
#3083 = EDGE_LOOP('',(#3084));
#3084 = ORIENTED_EDGE('',*,*,#3085,.T.);
#3085 = EDGE_CURVE('',#3086,#3086,#3088,.T.);
#3086 = VERTEX_POINT('',#3087);
#3087 = CARTESIAN_POINT('',(44.,-31.2378,0.71));
#3088 = CIRCLE('',#3089,0.15);
#3089 = AXIS2_PLACEMENT_3D('',#3090,#3091,#3092);
#3090 = CARTESIAN_POINT('',(44.,-31.0878,0.71));
#3091 = DIRECTION('',(-0.,0.,-1.));
#3092 = DIRECTION('',(-0.,-1.,0.));
#3093 = FACE_BOUND('',#3094,.T.);
#3094 = EDGE_LOOP('',(#3095));
#3095 = ORIENTED_EDGE('',*,*,#3096,.T.);
#3096 = EDGE_CURVE('',#3097,#3097,#3099,.T.);
#3097 = VERTEX_POINT('',#3098);
#3098 = CARTESIAN_POINT('',(46.6424,-31.828,0.71));
#3099 = CIRCLE('',#3100,0.15);
#3100 = AXIS2_PLACEMENT_3D('',#3101,#3102,#3103);
#3101 = CARTESIAN_POINT('',(46.6424,-31.678,0.71));
#3102 = DIRECTION('',(-0.,0.,-1.));
#3103 = DIRECTION('',(-0.,-1.,0.));
#3104 = FACE_BOUND('',#3105,.T.);
#3105 = EDGE_LOOP('',(#3106));
#3106 = ORIENTED_EDGE('',*,*,#3107,.T.);
#3107 = EDGE_CURVE('',#3108,#3108,#3110,.T.);
#3108 = VERTEX_POINT('',#3109);
#3109 = CARTESIAN_POINT('',(52.1372,-30.7268,0.71));
#3110 = CIRCLE('',#3111,0.15);
#3111 = AXIS2_PLACEMENT_3D('',#3112,#3113,#3114);
#3112 = CARTESIAN_POINT('',(52.1372,-30.5768,0.71));
#3113 = DIRECTION('',(-0.,0.,-1.));
#3114 = DIRECTION('',(-0.,-1.,0.));
#3115 = FACE_BOUND('',#3116,.T.);
#3116 = EDGE_LOOP('',(#3117));
#3117 = ORIENTED_EDGE('',*,*,#3118,.T.);
#3118 = EDGE_CURVE('',#3119,#3119,#3121,.T.);
#3119 = VERTEX_POINT('',#3120);
#3120 = CARTESIAN_POINT('',(53.2557,-30.6153,0.71));
#3121 = CIRCLE('',#3122,0.15);
#3122 = AXIS2_PLACEMENT_3D('',#3123,#3124,#3125);
#3123 = CARTESIAN_POINT('',(53.2557,-30.4653,0.71));
#3124 = DIRECTION('',(-0.,0.,-1.));
#3125 = DIRECTION('',(-4.736951571734E-14,-1.,0.));
#3126 = FACE_BOUND('',#3127,.T.);
#3127 = EDGE_LOOP('',(#3128));
#3128 = ORIENTED_EDGE('',*,*,#3129,.T.);
#3129 = EDGE_CURVE('',#3130,#3130,#3132,.T.);
#3130 = VERTEX_POINT('',#3131);
#3131 = CARTESIAN_POINT('',(43.4,-26.6084,0.71));
#3132 = CIRCLE('',#3133,0.15);
#3133 = AXIS2_PLACEMENT_3D('',#3134,#3135,#3136);
#3134 = CARTESIAN_POINT('',(43.4,-26.4584,0.71));
#3135 = DIRECTION('',(-0.,0.,-1.));
#3136 = DIRECTION('',(-0.,-1.,0.));
#3137 = FACE_BOUND('',#3138,.T.);
#3138 = EDGE_LOOP('',(#3139));
#3139 = ORIENTED_EDGE('',*,*,#3140,.T.);
#3140 = EDGE_CURVE('',#3141,#3141,#3143,.T.);
#3141 = VERTEX_POINT('',#3142);
#3142 = CARTESIAN_POINT('',(45.0889,-27.5032,0.71));
#3143 = CIRCLE('',#3144,0.15);
#3144 = AXIS2_PLACEMENT_3D('',#3145,#3146,#3147);
#3145 = CARTESIAN_POINT('',(45.0889,-27.3532,0.71));
#3146 = DIRECTION('',(-0.,0.,-1.));
#3147 = DIRECTION('',(4.736951571734E-14,-1.,-0.));
#3148 = FACE_BOUND('',#3149,.T.);
#3149 = EDGE_LOOP('',(#3150));
#3150 = ORIENTED_EDGE('',*,*,#3151,.T.);
#3151 = EDGE_CURVE('',#3152,#3152,#3154,.T.);
#3152 = VERTEX_POINT('',#3153);
#3153 = CARTESIAN_POINT('',(45.09,-26.7047,0.71));
#3154 = CIRCLE('',#3155,0.15);
#3155 = AXIS2_PLACEMENT_3D('',#3156,#3157,#3158);
#3156 = CARTESIAN_POINT('',(45.09,-26.5547,0.71));
#3157 = DIRECTION('',(-0.,0.,-1.));
#3158 = DIRECTION('',(-0.,-1.,0.));
#3159 = FACE_BOUND('',#3160,.T.);
#3160 = EDGE_LOOP('',(#3161));
#3161 = ORIENTED_EDGE('',*,*,#3162,.T.);
#3162 = EDGE_CURVE('',#3163,#3163,#3165,.T.);
#3163 = VERTEX_POINT('',#3164);
#3164 = CARTESIAN_POINT('',(46.8734,-24.5599,0.71));
#3165 = CIRCLE('',#3166,0.15);
#3166 = AXIS2_PLACEMENT_3D('',#3167,#3168,#3169);
#3167 = CARTESIAN_POINT('',(46.8734,-24.4099,0.71));
#3168 = DIRECTION('',(-0.,0.,-1.));
#3169 = DIRECTION('',(-4.736951571734E-14,-1.,0.));
#3170 = FACE_BOUND('',#3171,.T.);
#3171 = EDGE_LOOP('',(#3172));
#3172 = ORIENTED_EDGE('',*,*,#3173,.T.);
#3173 = EDGE_CURVE('',#3174,#3174,#3176,.T.);
#3174 = VERTEX_POINT('',#3175);
#3175 = CARTESIAN_POINT('',(48.1639,-22.2784,0.71));
#3176 = CIRCLE('',#3177,0.15);
#3177 = AXIS2_PLACEMENT_3D('',#3178,#3179,#3180);
#3178 = CARTESIAN_POINT('',(48.1639,-22.1284,0.71));
#3179 = DIRECTION('',(-0.,0.,-1.));
#3180 = DIRECTION('',(-0.,-1.,0.));
#3181 = FACE_BOUND('',#3182,.T.);
#3182 = EDGE_LOOP('',(#3183));
#3183 = ORIENTED_EDGE('',*,*,#3184,.T.);
#3184 = EDGE_CURVE('',#3185,#3185,#3187,.T.);
#3185 = VERTEX_POINT('',#3186);
#3186 = CARTESIAN_POINT('',(48.2298,-18.6498,0.71));
#3187 = CIRCLE('',#3188,0.15);
#3188 = AXIS2_PLACEMENT_3D('',#3189,#3190,#3191);
#3189 = CARTESIAN_POINT('',(48.2298,-18.4998,0.71));
#3190 = DIRECTION('',(-0.,0.,-1.));
#3191 = DIRECTION('',(-0.,-1.,0.));
#3192 = FACE_BOUND('',#3193,.T.);
#3193 = EDGE_LOOP('',(#3194));
#3194 = ORIENTED_EDGE('',*,*,#3195,.T.);
#3195 = EDGE_CURVE('',#3196,#3196,#3198,.T.);
#3196 = VERTEX_POINT('',#3197);
#3197 = CARTESIAN_POINT('',(49.8,-26.6146,0.71));
#3198 = CIRCLE('',#3199,0.15);
#3199 = AXIS2_PLACEMENT_3D('',#3200,#3201,#3202);
#3200 = CARTESIAN_POINT('',(49.8,-26.4646,0.71));
#3201 = DIRECTION('',(-0.,0.,-1.));
#3202 = DIRECTION('',(-0.,-1.,0.));
#3203 = FACE_BOUND('',#3204,.T.);
#3204 = EDGE_LOOP('',(#3205));
#3205 = ORIENTED_EDGE('',*,*,#3206,.T.);
#3206 = EDGE_CURVE('',#3207,#3207,#3209,.T.);
#3207 = VERTEX_POINT('',#3208);
#3208 = CARTESIAN_POINT('',(53.1064,-27.039,0.71));
#3209 = CIRCLE('',#3210,0.15);
#3210 = AXIS2_PLACEMENT_3D('',#3211,#3212,#3213);
#3211 = CARTESIAN_POINT('',(53.1064,-26.889,0.71));
#3212 = DIRECTION('',(-0.,0.,-1.));
#3213 = DIRECTION('',(-0.,-1.,0.));
#3214 = FACE_BOUND('',#3215,.T.);
#3215 = EDGE_LOOP('',(#3216));
#3216 = ORIENTED_EDGE('',*,*,#3217,.T.);
#3217 = EDGE_CURVE('',#3218,#3218,#3220,.T.);
#3218 = VERTEX_POINT('',#3219);
#3219 = CARTESIAN_POINT('',(51.996,-21.3522,0.71));
#3220 = CIRCLE('',#3221,0.15);
#3221 = AXIS2_PLACEMENT_3D('',#3222,#3223,#3224);
#3222 = CARTESIAN_POINT('',(51.996,-21.2022,0.71));
#3223 = DIRECTION('',(-0.,0.,-1.));
#3224 = DIRECTION('',(4.736951571734E-14,-1.,-0.));
#3225 = FACE_BOUND('',#3226,.T.);
#3226 = EDGE_LOOP('',(#3227));
#3227 = ORIENTED_EDGE('',*,*,#3228,.T.);
#3228 = EDGE_CURVE('',#3229,#3229,#3231,.T.);
#3229 = VERTEX_POINT('',#3230);
#3230 = CARTESIAN_POINT('',(50.0463,-20.7373,0.71));
#3231 = CIRCLE('',#3232,0.15);
#3232 = AXIS2_PLACEMENT_3D('',#3233,#3234,#3235);
#3233 = CARTESIAN_POINT('',(50.0463,-20.5873,0.71));
#3234 = DIRECTION('',(-0.,0.,-1.));
#3235 = DIRECTION('',(-0.,-1.,0.));
#3236 = PLANE('',#3237);
#3237 = AXIS2_PLACEMENT_3D('',#3238,#3239,#3240);
#3238 = CARTESIAN_POINT('',(0.,0.,0.71));
#3239 = DIRECTION('',(0.,0.,1.));
#3240 = DIRECTION('',(1.,0.,-0.));
#3241 = ADVANCED_FACE('',(#3242),#3253,.T.);
#3242 = FACE_BOUND('',#3243,.T.);
#3243 = EDGE_LOOP('',(#3244,#3250,#3251,#3252));
#3244 = ORIENTED_EDGE('',*,*,#3245,.T.);
#3245 = EDGE_CURVE('',#146,#1697,#3246,.T.);
#3246 = LINE('',#3247,#3248);
#3247 = CARTESIAN_POINT('',(0.,-2.,0.));
#3248 = VECTOR('',#3249,1.);
#3249 = DIRECTION('',(0.,0.,1.));
#3250 = ORIENTED_EDGE('',*,*,#1696,.T.);
#3251 = ORIENTED_EDGE('',*,*,#81,.F.);
#3252 = ORIENTED_EDGE('',*,*,#145,.F.);
#3253 = CYLINDRICAL_SURFACE('',#3254,1.99999850585);
#3254 = AXIS2_PLACEMENT_3D('',#3255,#3256,#3257);
#3255 = CARTESIAN_POINT('',(1.99999850585,-1.99999850585,0.));
#3256 = DIRECTION('',(0.,0.,-1.));
#3257 = DIRECTION('',(-1.,-7.470757411712E-07,-0.));
#3258 = ADVANCED_FACE('',(#3259),#3270,.T.);
#3259 = FACE_BOUND('',#3260,.T.);
#3260 = EDGE_LOOP('',(#3261,#3262,#3263,#3269));
#3261 = ORIENTED_EDGE('',*,*,#121,.T.);
#3262 = ORIENTED_EDGE('',*,*,#1762,.T.);
#3263 = ORIENTED_EDGE('',*,*,#3264,.F.);
#3264 = EDGE_CURVE('',#204,#1755,#3265,.T.);
#3265 = LINE('',#3266,#3267);
#3266 = CARTESIAN_POINT('',(56.,-92.64,0.));
#3267 = VECTOR('',#3268,1.);
#3268 = DIRECTION('',(0.,0.,1.));
#3269 = ORIENTED_EDGE('',*,*,#211,.F.);
#3270 = CYLINDRICAL_SURFACE('',#3271,2.000001920065);
#3271 = AXIS2_PLACEMENT_3D('',#3272,#3273,#3274);
#3272 = CARTESIAN_POINT('',(55.999998079936,-90.63999807993,0.));
#3273 = DIRECTION('',(0.,0.,-1.));
#3274 = DIRECTION('',(1.,-9.600311179819E-07,0.));
#3275 = ADVANCED_FACE('',(#3276),#3287,.T.);
#3276 = FACE_BOUND('',#3277,.T.);
#3277 = EDGE_LOOP('',(#3278,#3284,#3285,#3286));
#3278 = ORIENTED_EDGE('',*,*,#3279,.T.);
#3279 = EDGE_CURVE('',#155,#1706,#3280,.T.);
#3280 = LINE('',#3281,#3282);
#3281 = CARTESIAN_POINT('',(-2.22044604925E-16,-90.64,0.));
#3282 = VECTOR('',#3283,1.);
#3283 = DIRECTION('',(0.,0.,1.));
#3284 = ORIENTED_EDGE('',*,*,#1705,.T.);
#3285 = ORIENTED_EDGE('',*,*,#3245,.F.);
#3286 = ORIENTED_EDGE('',*,*,#154,.F.);
#3287 = PLANE('',#3288);
#3288 = AXIS2_PLACEMENT_3D('',#3289,#3290,#3291);
#3289 = CARTESIAN_POINT('',(0.,-90.64,0.));
#3290 = DIRECTION('',(-1.,0.,0.));
#3291 = DIRECTION('',(0.,1.,0.));
#3292 = ADVANCED_FACE('',(#3293),#3304,.T.);
#3293 = FACE_BOUND('',#3294,.T.);
#3294 = EDGE_LOOP('',(#3295,#3296,#3297,#3303));
#3295 = ORIENTED_EDGE('',*,*,#3264,.T.);
#3296 = ORIENTED_EDGE('',*,*,#1754,.T.);
#3297 = ORIENTED_EDGE('',*,*,#3298,.F.);
#3298 = EDGE_CURVE('',#196,#1747,#3299,.T.);
#3299 = LINE('',#3300,#3301);
#3300 = CARTESIAN_POINT('',(54.675,-92.64,0.));
#3301 = VECTOR('',#3302,1.);
#3302 = DIRECTION('',(0.,0.,1.));
#3303 = ORIENTED_EDGE('',*,*,#203,.F.);
#3304 = PLANE('',#3305);
#3305 = AXIS2_PLACEMENT_3D('',#3306,#3307,#3308);
#3306 = CARTESIAN_POINT('',(56.,-92.64,0.));
#3307 = DIRECTION('',(0.,-1.,0.));
#3308 = DIRECTION('',(-1.,0.,0.));
#3309 = ADVANCED_FACE('',(#3310),#3321,.T.);
#3310 = FACE_BOUND('',#3311,.T.);
#3311 = EDGE_LOOP('',(#3312,#3318,#3319,#3320));
#3312 = ORIENTED_EDGE('',*,*,#3313,.T.);
#3313 = EDGE_CURVE('',#163,#1714,#3314,.T.);
#3314 = LINE('',#3315,#3316);
#3315 = CARTESIAN_POINT('',(2.,-92.64,0.));
#3316 = VECTOR('',#3317,1.);
#3317 = DIRECTION('',(0.,0.,1.));
#3318 = ORIENTED_EDGE('',*,*,#1713,.T.);
#3319 = ORIENTED_EDGE('',*,*,#3279,.F.);
#3320 = ORIENTED_EDGE('',*,*,#162,.F.);
#3321 = CYLINDRICAL_SURFACE('',#3322,2.000000212955);
#3322 = AXIS2_PLACEMENT_3D('',#3323,#3324,#3325);
#3323 = CARTESIAN_POINT('',(2.000000212955,-90.63999978704,0.));
#3324 = DIRECTION('',(0.,0.,-1.));
#3325 = DIRECTION('',(-1.064773820094E-07,-1.,-0.));
#3326 = ADVANCED_FACE('',(#3327),#3338,.T.);
#3327 = FACE_BOUND('',#3328,.T.);
#3328 = EDGE_LOOP('',(#3329,#3330,#3331,#3337));
#3329 = ORIENTED_EDGE('',*,*,#3298,.T.);
#3330 = ORIENTED_EDGE('',*,*,#1746,.T.);
#3331 = ORIENTED_EDGE('',*,*,#3332,.F.);
#3332 = EDGE_CURVE('',#188,#1739,#3333,.T.);
#3333 = LINE('',#3334,#3335);
#3334 = CARTESIAN_POINT('',(54.675,-86.59,0.));
#3335 = VECTOR('',#3336,1.);
#3336 = DIRECTION('',(0.,0.,1.));
#3337 = ORIENTED_EDGE('',*,*,#195,.F.);
#3338 = PLANE('',#3339);
#3339 = AXIS2_PLACEMENT_3D('',#3340,#3341,#3342);
#3340 = CARTESIAN_POINT('',(54.675,-92.64,0.));
#3341 = DIRECTION('',(-1.,0.,0.));
#3342 = DIRECTION('',(0.,1.,0.));
#3343 = ADVANCED_FACE('',(#3344),#3355,.T.);
#3344 = FACE_BOUND('',#3345,.T.);
#3345 = EDGE_LOOP('',(#3346,#3352,#3353,#3354));
#3346 = ORIENTED_EDGE('',*,*,#3347,.T.);
#3347 = EDGE_CURVE('',#172,#1723,#3348,.T.);
#3348 = LINE('',#3349,#3350);
#3349 = CARTESIAN_POINT('',(45.325,-92.64,0.));
#3350 = VECTOR('',#3351,1.);
#3351 = DIRECTION('',(0.,0.,1.));
#3352 = ORIENTED_EDGE('',*,*,#1722,.T.);
#3353 = ORIENTED_EDGE('',*,*,#3313,.F.);
#3354 = ORIENTED_EDGE('',*,*,#171,.F.);
#3355 = PLANE('',#3356);
#3356 = AXIS2_PLACEMENT_3D('',#3357,#3358,#3359);
#3357 = CARTESIAN_POINT('',(45.325,-92.64,0.));
#3358 = DIRECTION('',(0.,-1.,0.));
#3359 = DIRECTION('',(-1.,0.,0.));
#3360 = ADVANCED_FACE('',(#3361),#3372,.T.);
#3361 = FACE_BOUND('',#3362,.T.);
#3362 = EDGE_LOOP('',(#3363,#3364,#3365,#3371));
#3363 = ORIENTED_EDGE('',*,*,#3332,.T.);
#3364 = ORIENTED_EDGE('',*,*,#1738,.T.);
#3365 = ORIENTED_EDGE('',*,*,#3366,.F.);
#3366 = EDGE_CURVE('',#180,#1731,#3367,.T.);
#3367 = LINE('',#3368,#3369);
#3368 = CARTESIAN_POINT('',(45.325,-86.59,0.));
#3369 = VECTOR('',#3370,1.);
#3370 = DIRECTION('',(0.,0.,1.));
#3371 = ORIENTED_EDGE('',*,*,#187,.F.);
#3372 = PLANE('',#3373);
#3373 = AXIS2_PLACEMENT_3D('',#3374,#3375,#3376);
#3374 = CARTESIAN_POINT('',(54.675,-86.59,0.));
#3375 = DIRECTION('',(0.,-1.,0.));
#3376 = DIRECTION('',(-1.,0.,0.));
#3377 = ADVANCED_FACE('',(#3378),#3384,.T.);
#3378 = FACE_BOUND('',#3379,.T.);
#3379 = EDGE_LOOP('',(#3380,#3381,#3382,#3383));
#3380 = ORIENTED_EDGE('',*,*,#3366,.T.);
#3381 = ORIENTED_EDGE('',*,*,#1730,.T.);
#3382 = ORIENTED_EDGE('',*,*,#3347,.F.);
#3383 = ORIENTED_EDGE('',*,*,#179,.F.);
#3384 = PLANE('',#3385);
#3385 = AXIS2_PLACEMENT_3D('',#3386,#3387,#3388);
#3386 = CARTESIAN_POINT('',(45.325,-86.59,0.));
#3387 = DIRECTION('',(1.,0.,-0.));
#3388 = DIRECTION('',(0.,-1.,0.));
#3389 = ADVANCED_FACE('',(#3390),#3401,.F.);
#3390 = FACE_BOUND('',#3391,.T.);
#3391 = EDGE_LOOP('',(#3392,#3393,#3399,#3400));
#3392 = ORIENTED_EDGE('',*,*,#221,.T.);
#3393 = ORIENTED_EDGE('',*,*,#3394,.T.);
#3394 = EDGE_CURVE('',#222,#1773,#3395,.T.);
#3395 = LINE('',#3396,#3397);
#3396 = CARTESIAN_POINT('',(9.0584,-86.9894,-3.6E-02));
#3397 = VECTOR('',#3398,1.);
#3398 = DIRECTION('',(0.,0.,1.));
#3399 = ORIENTED_EDGE('',*,*,#1772,.F.);
#3400 = ORIENTED_EDGE('',*,*,#3394,.F.);
#3401 = CYLINDRICAL_SURFACE('',#3402,0.15);
#3402 = AXIS2_PLACEMENT_3D('',#3403,#3404,#3405);
#3403 = CARTESIAN_POINT('',(9.0584,-86.8394,-3.6E-02));
#3404 = DIRECTION('',(-0.,0.,-1.));
#3405 = DIRECTION('',(1.184237892933E-14,-1.,-0.));
#3406 = ADVANCED_FACE('',(#3407),#3418,.F.);
#3407 = FACE_BOUND('',#3408,.T.);
#3408 = EDGE_LOOP('',(#3409,#3410,#3416,#3417));
#3409 = ORIENTED_EDGE('',*,*,#232,.T.);
#3410 = ORIENTED_EDGE('',*,*,#3411,.T.);
#3411 = EDGE_CURVE('',#233,#1784,#3412,.T.);
#3412 = LINE('',#3413,#3414);
#3413 = CARTESIAN_POINT('',(16.3406,-84.0587,-3.6E-02));
#3414 = VECTOR('',#3415,1.);
#3415 = DIRECTION('',(0.,0.,1.));
#3416 = ORIENTED_EDGE('',*,*,#1783,.F.);
#3417 = ORIENTED_EDGE('',*,*,#3411,.F.);
#3418 = CYLINDRICAL_SURFACE('',#3419,0.15);
#3419 = AXIS2_PLACEMENT_3D('',#3420,#3421,#3422);
#3420 = CARTESIAN_POINT('',(16.3406,-83.9087,-3.6E-02));
#3421 = DIRECTION('',(-0.,-0.,-1.));
#3422 = DIRECTION('',(-2.368475785867E-14,-1.,0.));
#3423 = ADVANCED_FACE('',(#3424),#3435,.F.);
#3424 = FACE_BOUND('',#3425,.T.);
#3425 = EDGE_LOOP('',(#3426,#3427,#3433,#3434));
#3426 = ORIENTED_EDGE('',*,*,#243,.T.);
#3427 = ORIENTED_EDGE('',*,*,#3428,.T.);
#3428 = EDGE_CURVE('',#244,#1795,#3429,.T.);
#3429 = LINE('',#3430,#3431);
#3430 = CARTESIAN_POINT('',(5.8735,-79.0735,-3.6E-02));
#3431 = VECTOR('',#3432,1.);
#3432 = DIRECTION('',(0.,0.,1.));
#3433 = ORIENTED_EDGE('',*,*,#1794,.F.);
#3434 = ORIENTED_EDGE('',*,*,#3428,.F.);
#3435 = CYLINDRICAL_SURFACE('',#3436,0.15);
#3436 = AXIS2_PLACEMENT_3D('',#3437,#3438,#3439);
#3437 = CARTESIAN_POINT('',(5.8735,-78.9235,-3.6E-02));
#3438 = DIRECTION('',(-0.,-0.,-1.));
#3439 = DIRECTION('',(-0.,-1.,0.));
#3440 = ADVANCED_FACE('',(#3441),#3452,.F.);
#3441 = FACE_BOUND('',#3442,.T.);
#3442 = EDGE_LOOP('',(#3443,#3444,#3450,#3451));
#3443 = ORIENTED_EDGE('',*,*,#254,.T.);
#3444 = ORIENTED_EDGE('',*,*,#3445,.T.);
#3445 = EDGE_CURVE('',#255,#1806,#3446,.T.);
#3446 = LINE('',#3447,#3448);
#3447 = CARTESIAN_POINT('',(10.5587,-82.368,-3.6E-02));
#3448 = VECTOR('',#3449,1.);
#3449 = DIRECTION('',(0.,0.,1.));
#3450 = ORIENTED_EDGE('',*,*,#1805,.F.);
#3451 = ORIENTED_EDGE('',*,*,#3445,.F.);
#3452 = CYLINDRICAL_SURFACE('',#3453,0.15);
#3453 = AXIS2_PLACEMENT_3D('',#3454,#3455,#3456);
#3454 = CARTESIAN_POINT('',(10.5587,-82.218,-3.6E-02));
#3455 = DIRECTION('',(-0.,-0.,-1.));
#3456 = DIRECTION('',(-0.,-1.,0.));
#3457 = ADVANCED_FACE('',(#3458),#3469,.F.);
#3458 = FACE_BOUND('',#3459,.T.);
#3459 = EDGE_LOOP('',(#3460,#3461,#3467,#3468));
#3460 = ORIENTED_EDGE('',*,*,#265,.T.);
#3461 = ORIENTED_EDGE('',*,*,#3462,.T.);
#3462 = EDGE_CURVE('',#266,#1817,#3463,.T.);
#3463 = LINE('',#3464,#3465);
#3464 = CARTESIAN_POINT('',(9.8781,-79.0781,-3.6E-02));
#3465 = VECTOR('',#3466,1.);
#3466 = DIRECTION('',(0.,0.,1.));
#3467 = ORIENTED_EDGE('',*,*,#1816,.F.);
#3468 = ORIENTED_EDGE('',*,*,#3462,.F.);
#3469 = CYLINDRICAL_SURFACE('',#3470,0.15);
#3470 = AXIS2_PLACEMENT_3D('',#3471,#3472,#3473);
#3471 = CARTESIAN_POINT('',(9.8781,-78.9281,-3.6E-02));
#3472 = DIRECTION('',(-0.,-0.,-1.));
#3473 = DIRECTION('',(-0.,-1.,0.));
#3474 = ADVANCED_FACE('',(#3475),#3486,.F.);
#3475 = FACE_BOUND('',#3476,.T.);
#3476 = EDGE_LOOP('',(#3477,#3478,#3484,#3485));
#3477 = ORIENTED_EDGE('',*,*,#276,.T.);
#3478 = ORIENTED_EDGE('',*,*,#3479,.T.);
#3479 = EDGE_CURVE('',#277,#1828,#3480,.T.);
#3480 = LINE('',#3481,#3482);
#3481 = CARTESIAN_POINT('',(12.2072,-81.6215,-3.6E-02));
#3482 = VECTOR('',#3483,1.);
#3483 = DIRECTION('',(0.,0.,1.));
#3484 = ORIENTED_EDGE('',*,*,#1827,.F.);
#3485 = ORIENTED_EDGE('',*,*,#3479,.F.);
#3486 = CYLINDRICAL_SURFACE('',#3487,0.15);
#3487 = AXIS2_PLACEMENT_3D('',#3488,#3489,#3490);
#3488 = CARTESIAN_POINT('',(12.2072,-81.4715,-3.6E-02));
#3489 = DIRECTION('',(-0.,-0.,-1.));
#3490 = DIRECTION('',(-0.,-1.,0.));
#3491 = ADVANCED_FACE('',(#3492),#3503,.F.);
#3492 = FACE_BOUND('',#3493,.T.);
#3493 = EDGE_LOOP('',(#3494,#3495,#3501,#3502));
#3494 = ORIENTED_EDGE('',*,*,#287,.T.);
#3495 = ORIENTED_EDGE('',*,*,#3496,.T.);
#3496 = EDGE_CURVE('',#288,#1839,#3497,.T.);
#3497 = LINE('',#3498,#3499);
#3498 = CARTESIAN_POINT('',(12.2072,-79.1379,-3.6E-02));
#3499 = VECTOR('',#3500,1.);
#3500 = DIRECTION('',(0.,0.,1.));
#3501 = ORIENTED_EDGE('',*,*,#1838,.F.);
#3502 = ORIENTED_EDGE('',*,*,#3496,.F.);
#3503 = CYLINDRICAL_SURFACE('',#3504,0.15);
#3504 = AXIS2_PLACEMENT_3D('',#3505,#3506,#3507);
#3505 = CARTESIAN_POINT('',(12.2072,-78.9879,-3.6E-02));
#3506 = DIRECTION('',(-0.,-0.,-1.));
#3507 = DIRECTION('',(-0.,-1.,0.));
#3508 = ADVANCED_FACE('',(#3509),#3520,.F.);
#3509 = FACE_BOUND('',#3510,.T.);
#3510 = EDGE_LOOP('',(#3511,#3512,#3518,#3519));
#3511 = ORIENTED_EDGE('',*,*,#298,.T.);
#3512 = ORIENTED_EDGE('',*,*,#3513,.T.);
#3513 = EDGE_CURVE('',#299,#1850,#3514,.T.);
#3514 = LINE('',#3515,#3516);
#3515 = CARTESIAN_POINT('',(16.84,-82.2892,-3.6E-02));
#3516 = VECTOR('',#3517,1.);
#3517 = DIRECTION('',(0.,0.,1.));
#3518 = ORIENTED_EDGE('',*,*,#1849,.F.);
#3519 = ORIENTED_EDGE('',*,*,#3513,.F.);
#3520 = CYLINDRICAL_SURFACE('',#3521,0.15);
#3521 = AXIS2_PLACEMENT_3D('',#3522,#3523,#3524);
#3522 = CARTESIAN_POINT('',(16.84,-82.1392,-3.6E-02));
#3523 = DIRECTION('',(-0.,-0.,-1.));
#3524 = DIRECTION('',(-0.,-1.,0.));
#3525 = ADVANCED_FACE('',(#3526),#3537,.F.);
#3526 = FACE_BOUND('',#3527,.T.);
#3527 = EDGE_LOOP('',(#3528,#3529,#3535,#3536));
#3528 = ORIENTED_EDGE('',*,*,#309,.T.);
#3529 = ORIENTED_EDGE('',*,*,#3530,.T.);
#3530 = EDGE_CURVE('',#310,#1861,#3531,.T.);
#3531 = LINE('',#3532,#3533);
#3532 = CARTESIAN_POINT('',(14.1265,-73.7468,-3.6E-02));
#3533 = VECTOR('',#3534,1.);
#3534 = DIRECTION('',(0.,0.,1.));
#3535 = ORIENTED_EDGE('',*,*,#1860,.F.);
#3536 = ORIENTED_EDGE('',*,*,#3530,.F.);
#3537 = CYLINDRICAL_SURFACE('',#3538,0.15);
#3538 = AXIS2_PLACEMENT_3D('',#3539,#3540,#3541);
#3539 = CARTESIAN_POINT('',(14.1265,-73.5968,-3.6E-02));
#3540 = DIRECTION('',(-0.,-0.,-1.));
#3541 = DIRECTION('',(-0.,-1.,0.));
#3542 = ADVANCED_FACE('',(#3543),#3554,.F.);
#3543 = FACE_BOUND('',#3544,.T.);
#3544 = EDGE_LOOP('',(#3545,#3546,#3552,#3553));
#3545 = ORIENTED_EDGE('',*,*,#320,.T.);
#3546 = ORIENTED_EDGE('',*,*,#3547,.T.);
#3547 = EDGE_CURVE('',#321,#1872,#3548,.T.);
#3548 = LINE('',#3549,#3550);
#3549 = CARTESIAN_POINT('',(21.9848,-84.0479,-3.6E-02));
#3550 = VECTOR('',#3551,1.);
#3551 = DIRECTION('',(0.,0.,1.));
#3552 = ORIENTED_EDGE('',*,*,#1871,.F.);
#3553 = ORIENTED_EDGE('',*,*,#3547,.F.);
#3554 = CYLINDRICAL_SURFACE('',#3555,0.15);
#3555 = AXIS2_PLACEMENT_3D('',#3556,#3557,#3558);
#3556 = CARTESIAN_POINT('',(21.9848,-83.8979,-3.6E-02));
#3557 = DIRECTION('',(-0.,-0.,-1.));
#3558 = DIRECTION('',(-0.,-1.,0.));
#3559 = ADVANCED_FACE('',(#3560),#3576,.F.);
#3560 = FACE_BOUND('',#3561,.T.);
#3561 = EDGE_LOOP('',(#3562,#3568,#3569,#3575));
#3562 = ORIENTED_EDGE('',*,*,#3563,.T.);
#3563 = EDGE_CURVE('',#332,#1883,#3564,.T.);
#3564 = LINE('',#3565,#3566);
#3565 = CARTESIAN_POINT('',(13.7,-88.,0.));
#3566 = VECTOR('',#3567,1.);
#3567 = DIRECTION('',(0.,0.,1.));
#3568 = ORIENTED_EDGE('',*,*,#1882,.T.);
#3569 = ORIENTED_EDGE('',*,*,#3570,.F.);
#3570 = EDGE_CURVE('',#334,#1885,#3571,.T.);
#3571 = LINE('',#3572,#3573);
#3572 = CARTESIAN_POINT('',(13.7,-89.4,0.));
#3573 = VECTOR('',#3574,1.);
#3574 = DIRECTION('',(0.,0.,1.));
#3575 = ORIENTED_EDGE('',*,*,#331,.F.);
#3576 = CYLINDRICAL_SURFACE('',#3577,0.7);
#3577 = AXIS2_PLACEMENT_3D('',#3578,#3579,#3580);
#3578 = CARTESIAN_POINT('',(13.7,-88.7,0.));
#3579 = DIRECTION('',(-0.,-0.,-1.));
#3580 = DIRECTION('',(-1.522591576629E-14,1.,0.));
#3581 = ADVANCED_FACE('',(#3582),#3593,.T.);
#3582 = FACE_BOUND('',#3583,.T.);
#3583 = EDGE_LOOP('',(#3584,#3590,#3591,#3592));
#3584 = ORIENTED_EDGE('',*,*,#3585,.T.);
#3585 = EDGE_CURVE('',#343,#1894,#3586,.T.);
#3586 = LINE('',#3587,#3588);
#3587 = CARTESIAN_POINT('',(40.5,-88.,0.));
#3588 = VECTOR('',#3589,1.);
#3589 = DIRECTION('',(0.,0.,1.));
#3590 = ORIENTED_EDGE('',*,*,#1893,.T.);
#3591 = ORIENTED_EDGE('',*,*,#3563,.F.);
#3592 = ORIENTED_EDGE('',*,*,#342,.F.);
#3593 = PLANE('',#3594);
#3594 = AXIS2_PLACEMENT_3D('',#3595,#3596,#3597);
#3595 = CARTESIAN_POINT('',(40.5,-88.,0.));
#3596 = DIRECTION('',(0.,-1.,0.));
#3597 = DIRECTION('',(-1.,0.,0.));
#3598 = ADVANCED_FACE('',(#3599),#3610,.T.);
#3599 = FACE_BOUND('',#3600,.T.);
#3600 = EDGE_LOOP('',(#3601,#3602,#3603,#3609));
#3601 = ORIENTED_EDGE('',*,*,#3570,.T.);
#3602 = ORIENTED_EDGE('',*,*,#1910,.T.);
#3603 = ORIENTED_EDGE('',*,*,#3604,.F.);
#3604 = EDGE_CURVE('',#351,#1902,#3605,.T.);
#3605 = LINE('',#3606,#3607);
#3606 = CARTESIAN_POINT('',(40.5,-89.4,0.));
#3607 = VECTOR('',#3608,1.);
#3608 = DIRECTION('',(0.,0.,1.));
#3609 = ORIENTED_EDGE('',*,*,#359,.F.);
#3610 = PLANE('',#3611);
#3611 = AXIS2_PLACEMENT_3D('',#3612,#3613,#3614);
#3612 = CARTESIAN_POINT('',(13.7,-89.4,0.));
#3613 = DIRECTION('',(0.,1.,0.));
#3614 = DIRECTION('',(1.,0.,0.));
#3615 = ADVANCED_FACE('',(#3616),#3622,.F.);
#3616 = FACE_BOUND('',#3617,.T.);
#3617 = EDGE_LOOP('',(#3618,#3619,#3620,#3621));
#3618 = ORIENTED_EDGE('',*,*,#3604,.T.);
#3619 = ORIENTED_EDGE('',*,*,#1901,.T.);
#3620 = ORIENTED_EDGE('',*,*,#3585,.F.);
#3621 = ORIENTED_EDGE('',*,*,#350,.F.);
#3622 = CYLINDRICAL_SURFACE('',#3623,0.7);
#3623 = AXIS2_PLACEMENT_3D('',#3624,#3625,#3626);
#3624 = CARTESIAN_POINT('',(40.5,-88.7,0.));
#3625 = DIRECTION('',(-0.,0.,-1.));
#3626 = DIRECTION('',(1.015061051086E-14,-1.,-0.));
#3627 = ADVANCED_FACE('',(#3628),#3639,.F.);
#3628 = FACE_BOUND('',#3629,.T.);
#3629 = EDGE_LOOP('',(#3630,#3631,#3637,#3638));
#3630 = ORIENTED_EDGE('',*,*,#367,.T.);
#3631 = ORIENTED_EDGE('',*,*,#3632,.T.);
#3632 = EDGE_CURVE('',#368,#1919,#3633,.T.);
#3633 = LINE('',#3634,#3635);
#3634 = CARTESIAN_POINT('',(25.34,-84.0085,-3.6E-02));
#3635 = VECTOR('',#3636,1.);
#3636 = DIRECTION('',(0.,0.,1.));
#3637 = ORIENTED_EDGE('',*,*,#1918,.F.);
#3638 = ORIENTED_EDGE('',*,*,#3632,.F.);
#3639 = CYLINDRICAL_SURFACE('',#3640,0.15);
#3640 = AXIS2_PLACEMENT_3D('',#3641,#3642,#3643);
#3641 = CARTESIAN_POINT('',(25.34,-83.8585,-3.6E-02));
#3642 = DIRECTION('',(-0.,-0.,-1.));
#3643 = DIRECTION('',(-0.,-1.,0.));
#3644 = ADVANCED_FACE('',(#3645),#3656,.F.);
#3645 = FACE_BOUND('',#3646,.T.);
#3646 = EDGE_LOOP('',(#3647,#3648,#3654,#3655));
#3647 = ORIENTED_EDGE('',*,*,#378,.T.);
#3648 = ORIENTED_EDGE('',*,*,#3649,.T.);
#3649 = EDGE_CURVE('',#379,#1930,#3650,.T.);
#3650 = LINE('',#3651,#3652);
#3651 = CARTESIAN_POINT('',(26.0937,-84.0504,-3.6E-02));
#3652 = VECTOR('',#3653,1.);
#3653 = DIRECTION('',(0.,0.,1.));
#3654 = ORIENTED_EDGE('',*,*,#1929,.F.);
#3655 = ORIENTED_EDGE('',*,*,#3649,.F.);
#3656 = CYLINDRICAL_SURFACE('',#3657,0.15);
#3657 = AXIS2_PLACEMENT_3D('',#3658,#3659,#3660);
#3658 = CARTESIAN_POINT('',(26.0937,-83.9004,-3.6E-02));
#3659 = DIRECTION('',(-0.,-0.,-1.));
#3660 = DIRECTION('',(-0.,-1.,0.));
#3661 = ADVANCED_FACE('',(#3662),#3673,.F.);
#3662 = FACE_BOUND('',#3663,.T.);
#3663 = EDGE_LOOP('',(#3664,#3665,#3671,#3672));
#3664 = ORIENTED_EDGE('',*,*,#389,.T.);
#3665 = ORIENTED_EDGE('',*,*,#3666,.T.);
#3666 = EDGE_CURVE('',#390,#1941,#3667,.T.);
#3667 = LINE('',#3668,#3669);
#3668 = CARTESIAN_POINT('',(18.8411,-82.2968,-3.6E-02));
#3669 = VECTOR('',#3670,1.);
#3670 = DIRECTION('',(0.,0.,1.));
#3671 = ORIENTED_EDGE('',*,*,#1940,.F.);
#3672 = ORIENTED_EDGE('',*,*,#3666,.F.);
#3673 = CYLINDRICAL_SURFACE('',#3674,0.15);
#3674 = AXIS2_PLACEMENT_3D('',#3675,#3676,#3677);
#3675 = CARTESIAN_POINT('',(18.8411,-82.1468,-3.6E-02));
#3676 = DIRECTION('',(-0.,0.,-1.));
#3677 = DIRECTION('',(2.368475785867E-14,-1.,-0.));
#3678 = ADVANCED_FACE('',(#3679),#3690,.F.);
#3679 = FACE_BOUND('',#3680,.T.);
#3680 = EDGE_LOOP('',(#3681,#3682,#3688,#3689));
#3681 = ORIENTED_EDGE('',*,*,#400,.T.);
#3682 = ORIENTED_EDGE('',*,*,#3683,.T.);
#3683 = EDGE_CURVE('',#401,#1952,#3684,.T.);
#3684 = LINE('',#3685,#3686);
#3685 = CARTESIAN_POINT('',(18.7038,-81.5173,-3.6E-02));
#3686 = VECTOR('',#3687,1.);
#3687 = DIRECTION('',(0.,0.,1.));
#3688 = ORIENTED_EDGE('',*,*,#1951,.F.);
#3689 = ORIENTED_EDGE('',*,*,#3683,.F.);
#3690 = CYLINDRICAL_SURFACE('',#3691,0.15);
#3691 = AXIS2_PLACEMENT_3D('',#3692,#3693,#3694);
#3692 = CARTESIAN_POINT('',(18.7038,-81.3673,-3.6E-02));
#3693 = DIRECTION('',(-0.,-0.,-1.));
#3694 = DIRECTION('',(-0.,-1.,0.));
#3695 = ADVANCED_FACE('',(#3696),#3707,.F.);
#3696 = FACE_BOUND('',#3697,.T.);
#3697 = EDGE_LOOP('',(#3698,#3699,#3705,#3706));
#3698 = ORIENTED_EDGE('',*,*,#411,.T.);
#3699 = ORIENTED_EDGE('',*,*,#3700,.T.);
#3700 = EDGE_CURVE('',#412,#1963,#3701,.T.);
#3701 = LINE('',#3702,#3703);
#3702 = CARTESIAN_POINT('',(19.65,-81.55,-3.6E-02));
#3703 = VECTOR('',#3704,1.);
#3704 = DIRECTION('',(0.,0.,1.));
#3705 = ORIENTED_EDGE('',*,*,#1962,.F.);
#3706 = ORIENTED_EDGE('',*,*,#3700,.F.);
#3707 = CYLINDRICAL_SURFACE('',#3708,0.15);
#3708 = AXIS2_PLACEMENT_3D('',#3709,#3710,#3711);
#3709 = CARTESIAN_POINT('',(19.65,-81.4,-3.6E-02));
#3710 = DIRECTION('',(-0.,-0.,-1.));
#3711 = DIRECTION('',(-0.,-1.,0.));
#3712 = ADVANCED_FACE('',(#3713),#3724,.F.);
#3713 = FACE_BOUND('',#3714,.T.);
#3714 = EDGE_LOOP('',(#3715,#3716,#3722,#3723));
#3715 = ORIENTED_EDGE('',*,*,#422,.T.);
#3716 = ORIENTED_EDGE('',*,*,#3717,.T.);
#3717 = EDGE_CURVE('',#423,#1974,#3718,.T.);
#3718 = LINE('',#3719,#3720);
#3719 = CARTESIAN_POINT('',(20.2791,-82.2903,-3.6E-02));
#3720 = VECTOR('',#3721,1.);
#3721 = DIRECTION('',(0.,0.,1.));
#3722 = ORIENTED_EDGE('',*,*,#1973,.F.);
#3723 = ORIENTED_EDGE('',*,*,#3717,.F.);
#3724 = CYLINDRICAL_SURFACE('',#3725,0.15);
#3725 = AXIS2_PLACEMENT_3D('',#3726,#3727,#3728);
#3726 = CARTESIAN_POINT('',(20.2791,-82.1403,-3.6E-02));
#3727 = DIRECTION('',(-0.,-0.,-1.));
#3728 = DIRECTION('',(-0.,-1.,0.));
#3729 = ADVANCED_FACE('',(#3730),#3741,.F.);
#3730 = FACE_BOUND('',#3731,.T.);
#3731 = EDGE_LOOP('',(#3732,#3733,#3739,#3740));
#3732 = ORIENTED_EDGE('',*,*,#433,.T.);
#3733 = ORIENTED_EDGE('',*,*,#3734,.T.);
#3734 = EDGE_CURVE('',#434,#1985,#3735,.T.);
#3735 = LINE('',#3736,#3737);
#3736 = CARTESIAN_POINT('',(21.1717,-81.7073,-3.6E-02));
#3737 = VECTOR('',#3738,1.);
#3738 = DIRECTION('',(0.,0.,1.));
#3739 = ORIENTED_EDGE('',*,*,#1984,.F.);
#3740 = ORIENTED_EDGE('',*,*,#3734,.F.);
#3741 = CYLINDRICAL_SURFACE('',#3742,0.15);
#3742 = AXIS2_PLACEMENT_3D('',#3743,#3744,#3745);
#3743 = CARTESIAN_POINT('',(21.1717,-81.5573,-3.6E-02));
#3744 = DIRECTION('',(-0.,-0.,-1.));
#3745 = DIRECTION('',(-0.,-1.,0.));
#3746 = ADVANCED_FACE('',(#3747),#3758,.F.);
#3747 = FACE_BOUND('',#3748,.T.);
#3748 = EDGE_LOOP('',(#3749,#3750,#3756,#3757));
#3749 = ORIENTED_EDGE('',*,*,#444,.T.);
#3750 = ORIENTED_EDGE('',*,*,#3751,.T.);
#3751 = EDGE_CURVE('',#445,#1996,#3752,.T.);
#3752 = LINE('',#3753,#3754);
#3753 = CARTESIAN_POINT('',(20.9518,-80.9553,-3.6E-02));
#3754 = VECTOR('',#3755,1.);
#3755 = DIRECTION('',(0.,0.,1.));
#3756 = ORIENTED_EDGE('',*,*,#1995,.F.);
#3757 = ORIENTED_EDGE('',*,*,#3751,.F.);
#3758 = CYLINDRICAL_SURFACE('',#3759,0.15);
#3759 = AXIS2_PLACEMENT_3D('',#3760,#3761,#3762);
#3760 = CARTESIAN_POINT('',(20.9518,-80.8053,-3.6E-02));
#3761 = DIRECTION('',(-0.,-0.,-1.));
#3762 = DIRECTION('',(-0.,-1.,0.));
#3763 = ADVANCED_FACE('',(#3764),#3775,.F.);
#3764 = FACE_BOUND('',#3765,.T.);
#3765 = EDGE_LOOP('',(#3766,#3767,#3773,#3774));
#3766 = ORIENTED_EDGE('',*,*,#455,.T.);
#3767 = ORIENTED_EDGE('',*,*,#3768,.T.);
#3768 = EDGE_CURVE('',#456,#2007,#3769,.T.);
#3769 = LINE('',#3770,#3771);
#3770 = CARTESIAN_POINT('',(18.9638,-79.8671,-3.6E-02));
#3771 = VECTOR('',#3772,1.);
#3772 = DIRECTION('',(0.,0.,1.));
#3773 = ORIENTED_EDGE('',*,*,#2006,.F.);
#3774 = ORIENTED_EDGE('',*,*,#3768,.F.);
#3775 = CYLINDRICAL_SURFACE('',#3776,0.15);
#3776 = AXIS2_PLACEMENT_3D('',#3777,#3778,#3779);
#3777 = CARTESIAN_POINT('',(18.9638,-79.7171,-3.6E-02));
#3778 = DIRECTION('',(-0.,-0.,-1.));
#3779 = DIRECTION('',(-0.,-1.,0.));
#3780 = ADVANCED_FACE('',(#3781),#3792,.F.);
#3781 = FACE_BOUND('',#3782,.T.);
#3782 = EDGE_LOOP('',(#3783,#3784,#3790,#3791));
#3783 = ORIENTED_EDGE('',*,*,#466,.T.);
#3784 = ORIENTED_EDGE('',*,*,#3785,.T.);
#3785 = EDGE_CURVE('',#467,#2018,#3786,.T.);
#3786 = LINE('',#3787,#3788);
#3787 = CARTESIAN_POINT('',(23.2736,-81.276,-3.6E-02));
#3788 = VECTOR('',#3789,1.);
#3789 = DIRECTION('',(0.,0.,1.));
#3790 = ORIENTED_EDGE('',*,*,#2017,.F.);
#3791 = ORIENTED_EDGE('',*,*,#3785,.F.);
#3792 = CYLINDRICAL_SURFACE('',#3793,0.15);
#3793 = AXIS2_PLACEMENT_3D('',#3794,#3795,#3796);
#3794 = CARTESIAN_POINT('',(23.2736,-81.126,-3.6E-02));
#3795 = DIRECTION('',(-0.,-0.,-1.));
#3796 = DIRECTION('',(-2.368475785867E-14,-1.,0.));
#3797 = ADVANCED_FACE('',(#3798),#3809,.F.);
#3798 = FACE_BOUND('',#3799,.T.);
#3799 = EDGE_LOOP('',(#3800,#3801,#3807,#3808));
#3800 = ORIENTED_EDGE('',*,*,#477,.T.);
#3801 = ORIENTED_EDGE('',*,*,#3802,.T.);
#3802 = EDGE_CURVE('',#478,#2029,#3803,.T.);
#3803 = LINE('',#3804,#3805);
#3804 = CARTESIAN_POINT('',(18.9638,-77.15,-3.6E-02));
#3805 = VECTOR('',#3806,1.);
#3806 = DIRECTION('',(0.,0.,1.));
#3807 = ORIENTED_EDGE('',*,*,#2028,.F.);
#3808 = ORIENTED_EDGE('',*,*,#3802,.F.);
#3809 = CYLINDRICAL_SURFACE('',#3810,0.15);
#3810 = AXIS2_PLACEMENT_3D('',#3811,#3812,#3813);
#3811 = CARTESIAN_POINT('',(18.9638,-77.,-3.6E-02));
#3812 = DIRECTION('',(-0.,-0.,-1.));
#3813 = DIRECTION('',(-0.,-1.,0.));
#3814 = ADVANCED_FACE('',(#3815),#3826,.F.);
#3815 = FACE_BOUND('',#3816,.T.);
#3816 = EDGE_LOOP('',(#3817,#3818,#3824,#3825));
#3817 = ORIENTED_EDGE('',*,*,#488,.T.);
#3818 = ORIENTED_EDGE('',*,*,#3819,.T.);
#3819 = EDGE_CURVE('',#489,#2040,#3820,.T.);
#3820 = LINE('',#3821,#3822);
#3821 = CARTESIAN_POINT('',(23.0537,-75.9219,-3.6E-02));
#3822 = VECTOR('',#3823,1.);
#3823 = DIRECTION('',(0.,0.,1.));
#3824 = ORIENTED_EDGE('',*,*,#2039,.F.);
#3825 = ORIENTED_EDGE('',*,*,#3819,.F.);
#3826 = CYLINDRICAL_SURFACE('',#3827,0.15);
#3827 = AXIS2_PLACEMENT_3D('',#3828,#3829,#3830);
#3828 = CARTESIAN_POINT('',(23.0537,-75.7719,-3.6E-02));
#3829 = DIRECTION('',(-0.,-0.,-1.));
#3830 = DIRECTION('',(-0.,-1.,0.));
#3831 = ADVANCED_FACE('',(#3832),#3843,.F.);
#3832 = FACE_BOUND('',#3833,.T.);
#3833 = EDGE_LOOP('',(#3834,#3835,#3841,#3842));
#3834 = ORIENTED_EDGE('',*,*,#499,.T.);
#3835 = ORIENTED_EDGE('',*,*,#3836,.T.);
#3836 = EDGE_CURVE('',#500,#2051,#3837,.T.);
#3837 = LINE('',#3838,#3839);
#3838 = CARTESIAN_POINT('',(21.7408,-75.6206,-3.6E-02));
#3839 = VECTOR('',#3840,1.);
#3840 = DIRECTION('',(0.,0.,1.));
#3841 = ORIENTED_EDGE('',*,*,#2050,.F.);
#3842 = ORIENTED_EDGE('',*,*,#3836,.F.);
#3843 = CYLINDRICAL_SURFACE('',#3844,0.15);
#3844 = AXIS2_PLACEMENT_3D('',#3845,#3846,#3847);
#3845 = CARTESIAN_POINT('',(21.7408,-75.4706,-3.6E-02));
#3846 = DIRECTION('',(-0.,-0.,-1.));
#3847 = DIRECTION('',(-0.,-1.,0.));
#3848 = ADVANCED_FACE('',(#3849),#3860,.F.);
#3849 = FACE_BOUND('',#3850,.T.);
#3850 = EDGE_LOOP('',(#3851,#3852,#3858,#3859));
#3851 = ORIENTED_EDGE('',*,*,#510,.T.);
#3852 = ORIENTED_EDGE('',*,*,#3853,.T.);
#3853 = EDGE_CURVE('',#511,#2062,#3854,.T.);
#3854 = LINE('',#3855,#3856);
#3855 = CARTESIAN_POINT('',(30.1706,-79.8507,-3.6E-02));
#3856 = VECTOR('',#3857,1.);
#3857 = DIRECTION('',(0.,0.,1.));
#3858 = ORIENTED_EDGE('',*,*,#2061,.F.);
#3859 = ORIENTED_EDGE('',*,*,#3853,.F.);
#3860 = CYLINDRICAL_SURFACE('',#3861,0.15);
#3861 = AXIS2_PLACEMENT_3D('',#3862,#3863,#3864);
#3862 = CARTESIAN_POINT('',(30.1706,-79.7007,-3.6E-02));
#3863 = DIRECTION('',(-0.,-0.,-1.));
#3864 = DIRECTION('',(-0.,-1.,0.));
#3865 = ADVANCED_FACE('',(#3866),#3877,.F.);
#3866 = FACE_BOUND('',#3867,.T.);
#3867 = EDGE_LOOP('',(#3868,#3869,#3875,#3876));
#3868 = ORIENTED_EDGE('',*,*,#521,.T.);
#3869 = ORIENTED_EDGE('',*,*,#3870,.T.);
#3870 = EDGE_CURVE('',#522,#2073,#3871,.T.);
#3871 = LINE('',#3872,#3873);
#3872 = CARTESIAN_POINT('',(27.35,-75.45,-3.6E-02));
#3873 = VECTOR('',#3874,1.);
#3874 = DIRECTION('',(0.,0.,1.));
#3875 = ORIENTED_EDGE('',*,*,#2072,.F.);
#3876 = ORIENTED_EDGE('',*,*,#3870,.F.);
#3877 = CYLINDRICAL_SURFACE('',#3878,0.15);
#3878 = AXIS2_PLACEMENT_3D('',#3879,#3880,#3881);
#3879 = CARTESIAN_POINT('',(27.35,-75.3,-3.6E-02));
#3880 = DIRECTION('',(-0.,-0.,-1.));
#3881 = DIRECTION('',(-0.,-1.,0.));
#3882 = ADVANCED_FACE('',(#3883),#3894,.F.);
#3883 = FACE_BOUND('',#3884,.T.);
#3884 = EDGE_LOOP('',(#3885,#3886,#3892,#3893));
#3885 = ORIENTED_EDGE('',*,*,#532,.T.);
#3886 = ORIENTED_EDGE('',*,*,#3887,.T.);
#3887 = EDGE_CURVE('',#533,#2084,#3888,.T.);
#3888 = LINE('',#3889,#3890);
#3889 = CARTESIAN_POINT('',(11.5889,-69.15,-3.6E-02));
#3890 = VECTOR('',#3891,1.);
#3891 = DIRECTION('',(0.,0.,1.));
#3892 = ORIENTED_EDGE('',*,*,#2083,.F.);
#3893 = ORIENTED_EDGE('',*,*,#3887,.F.);
#3894 = CYLINDRICAL_SURFACE('',#3895,0.15);
#3895 = AXIS2_PLACEMENT_3D('',#3896,#3897,#3898);
#3896 = CARTESIAN_POINT('',(11.5889,-69.,-3.6E-02));
#3897 = DIRECTION('',(-0.,0.,-1.));
#3898 = DIRECTION('',(1.184237892933E-14,-1.,-0.));
#3899 = ADVANCED_FACE('',(#3900),#3911,.F.);
#3900 = FACE_BOUND('',#3901,.T.);
#3901 = EDGE_LOOP('',(#3902,#3903,#3909,#3910));
#3902 = ORIENTED_EDGE('',*,*,#543,.T.);
#3903 = ORIENTED_EDGE('',*,*,#3904,.T.);
#3904 = EDGE_CURVE('',#544,#2095,#3905,.T.);
#3905 = LINE('',#3906,#3907);
#3906 = CARTESIAN_POINT('',(6.5528,-67.0748,-3.6E-02));
#3907 = VECTOR('',#3908,1.);
#3908 = DIRECTION('',(0.,0.,1.));
#3909 = ORIENTED_EDGE('',*,*,#2094,.F.);
#3910 = ORIENTED_EDGE('',*,*,#3904,.F.);
#3911 = CYLINDRICAL_SURFACE('',#3912,0.15);
#3912 = AXIS2_PLACEMENT_3D('',#3913,#3914,#3915);
#3913 = CARTESIAN_POINT('',(6.5528,-66.9248,-3.6E-02));
#3914 = DIRECTION('',(-0.,0.,-1.));
#3915 = DIRECTION('',(5.921189464667E-15,-1.,-0.));
#3916 = ADVANCED_FACE('',(#3917),#3928,.F.);
#3917 = FACE_BOUND('',#3918,.T.);
#3918 = EDGE_LOOP('',(#3919,#3920,#3926,#3927));
#3919 = ORIENTED_EDGE('',*,*,#554,.T.);
#3920 = ORIENTED_EDGE('',*,*,#3921,.T.);
#3921 = EDGE_CURVE('',#555,#2106,#3922,.T.);
#3922 = LINE('',#3923,#3924);
#3923 = CARTESIAN_POINT('',(14.1783,-66.4408,-3.6E-02));
#3924 = VECTOR('',#3925,1.);
#3925 = DIRECTION('',(0.,0.,1.));
#3926 = ORIENTED_EDGE('',*,*,#2105,.F.);
#3927 = ORIENTED_EDGE('',*,*,#3921,.F.);
#3928 = CYLINDRICAL_SURFACE('',#3929,0.15);
#3929 = AXIS2_PLACEMENT_3D('',#3930,#3931,#3932);
#3930 = CARTESIAN_POINT('',(14.1783,-66.2908,-3.6E-02));
#3931 = DIRECTION('',(-0.,-0.,-1.));
#3932 = DIRECTION('',(-0.,-1.,0.));
#3933 = ADVANCED_FACE('',(#3934),#3945,.F.);
#3934 = FACE_BOUND('',#3935,.T.);
#3935 = EDGE_LOOP('',(#3936,#3937,#3943,#3944));
#3936 = ORIENTED_EDGE('',*,*,#565,.T.);
#3937 = ORIENTED_EDGE('',*,*,#3938,.T.);
#3938 = EDGE_CURVE('',#566,#2117,#3939,.T.);
#3939 = LINE('',#3940,#3941);
#3940 = CARTESIAN_POINT('',(5.7146,-61.4354,-3.6E-02));
#3941 = VECTOR('',#3942,1.);
#3942 = DIRECTION('',(0.,0.,1.));
#3943 = ORIENTED_EDGE('',*,*,#2116,.F.);
#3944 = ORIENTED_EDGE('',*,*,#3938,.F.);
#3945 = CYLINDRICAL_SURFACE('',#3946,0.15);
#3946 = AXIS2_PLACEMENT_3D('',#3947,#3948,#3949);
#3947 = CARTESIAN_POINT('',(5.7146,-61.2854,-3.6E-02));
#3948 = DIRECTION('',(-0.,-0.,-1.));
#3949 = DIRECTION('',(-5.921189464667E-15,-1.,0.));
#3950 = ADVANCED_FACE('',(#3951),#3962,.F.);
#3951 = FACE_BOUND('',#3952,.T.);
#3952 = EDGE_LOOP('',(#3953,#3954,#3960,#3961));
#3953 = ORIENTED_EDGE('',*,*,#576,.T.);
#3954 = ORIENTED_EDGE('',*,*,#3955,.T.);
#3955 = EDGE_CURVE('',#577,#2128,#3956,.T.);
#3956 = LINE('',#3957,#3958);
#3957 = CARTESIAN_POINT('',(10.9876,-63.15,-3.6E-02));
#3958 = VECTOR('',#3959,1.);
#3959 = DIRECTION('',(0.,0.,1.));
#3960 = ORIENTED_EDGE('',*,*,#2127,.F.);
#3961 = ORIENTED_EDGE('',*,*,#3955,.F.);
#3962 = CYLINDRICAL_SURFACE('',#3963,0.15);
#3963 = AXIS2_PLACEMENT_3D('',#3964,#3965,#3966);
#3964 = CARTESIAN_POINT('',(10.9876,-63.,-3.6E-02));
#3965 = DIRECTION('',(-0.,-0.,-1.));
#3966 = DIRECTION('',(-0.,-1.,0.));
#3967 = ADVANCED_FACE('',(#3968),#3979,.F.);
#3968 = FACE_BOUND('',#3969,.T.);
#3969 = EDGE_LOOP('',(#3970,#3971,#3977,#3978));
#3970 = ORIENTED_EDGE('',*,*,#587,.T.);
#3971 = ORIENTED_EDGE('',*,*,#3972,.T.);
#3972 = EDGE_CURVE('',#588,#2139,#3973,.T.);
#3973 = LINE('',#3974,#3975);
#3974 = CARTESIAN_POINT('',(17.5489,-60.4369,-3.6E-02));
#3975 = VECTOR('',#3976,1.);
#3976 = DIRECTION('',(0.,0.,1.));
#3977 = ORIENTED_EDGE('',*,*,#2138,.F.);
#3978 = ORIENTED_EDGE('',*,*,#3972,.F.);
#3979 = CYLINDRICAL_SURFACE('',#3980,0.15);
#3980 = AXIS2_PLACEMENT_3D('',#3981,#3982,#3983);
#3981 = CARTESIAN_POINT('',(17.5489,-60.2869,-3.6E-02));
#3982 = DIRECTION('',(-0.,-0.,-1.));
#3983 = DIRECTION('',(-0.,-1.,0.));
#3984 = ADVANCED_FACE('',(#3985),#3996,.F.);
#3985 = FACE_BOUND('',#3986,.T.);
#3986 = EDGE_LOOP('',(#3987,#3988,#3994,#3995));
#3987 = ORIENTED_EDGE('',*,*,#598,.T.);
#3988 = ORIENTED_EDGE('',*,*,#3989,.T.);
#3989 = EDGE_CURVE('',#599,#2150,#3990,.T.);
#3990 = LINE('',#3991,#3992);
#3991 = CARTESIAN_POINT('',(20.25,-70.15,-3.6E-02));
#3992 = VECTOR('',#3993,1.);
#3993 = DIRECTION('',(0.,0.,1.));
#3994 = ORIENTED_EDGE('',*,*,#2149,.F.);
#3995 = ORIENTED_EDGE('',*,*,#3989,.F.);
#3996 = CYLINDRICAL_SURFACE('',#3997,0.15);
#3997 = AXIS2_PLACEMENT_3D('',#3998,#3999,#4000);
#3998 = CARTESIAN_POINT('',(20.25,-70.,-3.6E-02));
#3999 = DIRECTION('',(-0.,-0.,-1.));
#4000 = DIRECTION('',(-0.,-1.,0.));
#4001 = ADVANCED_FACE('',(#4002),#4013,.F.);
#4002 = FACE_BOUND('',#4003,.T.);
#4003 = EDGE_LOOP('',(#4004,#4005,#4011,#4012));
#4004 = ORIENTED_EDGE('',*,*,#609,.T.);
#4005 = ORIENTED_EDGE('',*,*,#4006,.T.);
#4006 = EDGE_CURVE('',#610,#2161,#4007,.T.);
#4007 = LINE('',#4008,#4009);
#4008 = CARTESIAN_POINT('',(22.35,-70.45,-3.6E-02));
#4009 = VECTOR('',#4010,1.);
#4010 = DIRECTION('',(0.,0.,1.));
#4011 = ORIENTED_EDGE('',*,*,#2160,.F.);
#4012 = ORIENTED_EDGE('',*,*,#4006,.F.);
#4013 = CYLINDRICAL_SURFACE('',#4014,0.15);
#4014 = AXIS2_PLACEMENT_3D('',#4015,#4016,#4017);
#4015 = CARTESIAN_POINT('',(22.35,-70.3,-3.6E-02));
#4016 = DIRECTION('',(-0.,-0.,-1.));
#4017 = DIRECTION('',(-0.,-1.,0.));
#4018 = ADVANCED_FACE('',(#4019),#4030,.F.);
#4019 = FACE_BOUND('',#4020,.T.);
#4020 = EDGE_LOOP('',(#4021,#4022,#4028,#4029));
#4021 = ORIENTED_EDGE('',*,*,#620,.T.);
#4022 = ORIENTED_EDGE('',*,*,#4023,.T.);
#4023 = EDGE_CURVE('',#621,#2172,#4024,.T.);
#4024 = LINE('',#4025,#4026);
#4025 = CARTESIAN_POINT('',(22.4248,-67.2875,-3.6E-02));
#4026 = VECTOR('',#4027,1.);
#4027 = DIRECTION('',(0.,0.,1.));
#4028 = ORIENTED_EDGE('',*,*,#2171,.F.);
#4029 = ORIENTED_EDGE('',*,*,#4023,.F.);
#4030 = CYLINDRICAL_SURFACE('',#4031,0.15);
#4031 = AXIS2_PLACEMENT_3D('',#4032,#4033,#4034);
#4032 = CARTESIAN_POINT('',(22.4248,-67.1375,-3.6E-02));
#4033 = DIRECTION('',(-0.,0.,-1.));
#4034 = DIRECTION('',(2.368475785867E-14,-1.,-0.));
#4035 = ADVANCED_FACE('',(#4036),#4047,.F.);
#4036 = FACE_BOUND('',#4037,.T.);
#4037 = EDGE_LOOP('',(#4038,#4039,#4045,#4046));
#4038 = ORIENTED_EDGE('',*,*,#631,.T.);
#4039 = ORIENTED_EDGE('',*,*,#4040,.T.);
#4040 = EDGE_CURVE('',#632,#2183,#4041,.T.);
#4041 = LINE('',#4042,#4043);
#4042 = CARTESIAN_POINT('',(24.531,-71.444,-3.6E-02));
#4043 = VECTOR('',#4044,1.);
#4044 = DIRECTION('',(0.,0.,1.));
#4045 = ORIENTED_EDGE('',*,*,#2182,.F.);
#4046 = ORIENTED_EDGE('',*,*,#4040,.F.);
#4047 = CYLINDRICAL_SURFACE('',#4048,0.15);
#4048 = AXIS2_PLACEMENT_3D('',#4049,#4050,#4051);
#4049 = CARTESIAN_POINT('',(24.531,-71.294,-3.6E-02));
#4050 = DIRECTION('',(-0.,-0.,-1.));
#4051 = DIRECTION('',(-0.,-1.,0.));
#4052 = ADVANCED_FACE('',(#4053),#4064,.F.);
#4053 = FACE_BOUND('',#4054,.T.);
#4054 = EDGE_LOOP('',(#4055,#4056,#4062,#4063));
#4055 = ORIENTED_EDGE('',*,*,#642,.T.);
#4056 = ORIENTED_EDGE('',*,*,#4057,.T.);
#4057 = EDGE_CURVE('',#643,#2194,#4058,.T.);
#4058 = LINE('',#4059,#4060);
#4059 = CARTESIAN_POINT('',(24.531,-64.9171,-3.6E-02));
#4060 = VECTOR('',#4061,1.);
#4061 = DIRECTION('',(0.,0.,1.));
#4062 = ORIENTED_EDGE('',*,*,#2193,.F.);
#4063 = ORIENTED_EDGE('',*,*,#4057,.F.);
#4064 = CYLINDRICAL_SURFACE('',#4065,0.15);
#4065 = AXIS2_PLACEMENT_3D('',#4066,#4067,#4068);
#4066 = CARTESIAN_POINT('',(24.531,-64.7671,-3.6E-02));
#4067 = DIRECTION('',(-0.,-0.,-1.));
#4068 = DIRECTION('',(-0.,-1.,0.));
#4069 = ADVANCED_FACE('',(#4070),#4081,.F.);
#4070 = FACE_BOUND('',#4071,.T.);
#4071 = EDGE_LOOP('',(#4072,#4073,#4079,#4080));
#4072 = ORIENTED_EDGE('',*,*,#653,.T.);
#4073 = ORIENTED_EDGE('',*,*,#4074,.T.);
#4074 = EDGE_CURVE('',#654,#2205,#4075,.T.);
#4075 = LINE('',#4076,#4077);
#4076 = CARTESIAN_POINT('',(18.1476,-59.5234,-3.6E-02));
#4077 = VECTOR('',#4078,1.);
#4078 = DIRECTION('',(0.,0.,1.));
#4079 = ORIENTED_EDGE('',*,*,#2204,.F.);
#4080 = ORIENTED_EDGE('',*,*,#4074,.F.);
#4081 = CYLINDRICAL_SURFACE('',#4082,0.15);
#4082 = AXIS2_PLACEMENT_3D('',#4083,#4084,#4085);
#4083 = CARTESIAN_POINT('',(18.1476,-59.3734,-3.6E-02));
#4084 = DIRECTION('',(-0.,0.,-1.));
#4085 = DIRECTION('',(2.368475785867E-14,-1.,-0.));
#4086 = ADVANCED_FACE('',(#4087),#4098,.F.);
#4087 = FACE_BOUND('',#4088,.T.);
#4088 = EDGE_LOOP('',(#4089,#4090,#4096,#4097));
#4089 = ORIENTED_EDGE('',*,*,#664,.T.);
#4090 = ORIENTED_EDGE('',*,*,#4091,.T.);
#4091 = EDGE_CURVE('',#665,#2216,#4092,.T.);
#4092 = LINE('',#4093,#4094);
#4093 = CARTESIAN_POINT('',(28.7384,-63.8883,-3.6E-02));
#4094 = VECTOR('',#4095,1.);
#4095 = DIRECTION('',(0.,0.,1.));
#4096 = ORIENTED_EDGE('',*,*,#2215,.F.);
#4097 = ORIENTED_EDGE('',*,*,#4091,.F.);
#4098 = CYLINDRICAL_SURFACE('',#4099,0.15);
#4099 = AXIS2_PLACEMENT_3D('',#4100,#4101,#4102);
#4100 = CARTESIAN_POINT('',(28.7384,-63.7383,-3.6E-02));
#4101 = DIRECTION('',(-0.,-0.,-1.));
#4102 = DIRECTION('',(-0.,-1.,0.));
#4103 = ADVANCED_FACE('',(#4104),#4115,.F.);
#4104 = FACE_BOUND('',#4105,.T.);
#4105 = EDGE_LOOP('',(#4106,#4107,#4113,#4114));
#4106 = ORIENTED_EDGE('',*,*,#675,.T.);
#4107 = ORIENTED_EDGE('',*,*,#4108,.T.);
#4108 = EDGE_CURVE('',#676,#2227,#4109,.T.);
#4109 = LINE('',#4110,#4111);
#4110 = CARTESIAN_POINT('',(32.2767,-85.1669,-3.6E-02));
#4111 = VECTOR('',#4112,1.);
#4112 = DIRECTION('',(0.,0.,1.));
#4113 = ORIENTED_EDGE('',*,*,#2226,.F.);
#4114 = ORIENTED_EDGE('',*,*,#4108,.F.);
#4115 = CYLINDRICAL_SURFACE('',#4116,0.15);
#4116 = AXIS2_PLACEMENT_3D('',#4117,#4118,#4119);
#4117 = CARTESIAN_POINT('',(32.2767,-85.0169,-3.6E-02));
#4118 = DIRECTION('',(-0.,-0.,-1.));
#4119 = DIRECTION('',(-0.,-1.,0.));
#4120 = ADVANCED_FACE('',(#4121),#4132,.F.);
#4121 = FACE_BOUND('',#4122,.T.);
#4122 = EDGE_LOOP('',(#4123,#4124,#4130,#4131));
#4123 = ORIENTED_EDGE('',*,*,#686,.T.);
#4124 = ORIENTED_EDGE('',*,*,#4125,.T.);
#4125 = EDGE_CURVE('',#687,#2238,#4126,.T.);
#4126 = LINE('',#4127,#4128);
#4127 = CARTESIAN_POINT('',(33.4566,-84.0518,-3.6E-02));
#4128 = VECTOR('',#4129,1.);
#4129 = DIRECTION('',(0.,0.,1.));
#4130 = ORIENTED_EDGE('',*,*,#2237,.F.);
#4131 = ORIENTED_EDGE('',*,*,#4125,.F.);
#4132 = CYLINDRICAL_SURFACE('',#4133,0.15);
#4133 = AXIS2_PLACEMENT_3D('',#4134,#4135,#4136);
#4134 = CARTESIAN_POINT('',(33.4566,-83.9018,-3.6E-02));
#4135 = DIRECTION('',(-0.,-0.,-1.));
#4136 = DIRECTION('',(-0.,-1.,0.));
#4137 = ADVANCED_FACE('',(#4138),#4149,.F.);
#4138 = FACE_BOUND('',#4139,.T.);
#4139 = EDGE_LOOP('',(#4140,#4141,#4147,#4148));
#4140 = ORIENTED_EDGE('',*,*,#697,.T.);
#4141 = ORIENTED_EDGE('',*,*,#4142,.T.);
#4142 = EDGE_CURVE('',#698,#2249,#4143,.T.);
#4143 = LINE('',#4144,#4145);
#4144 = CARTESIAN_POINT('',(35.6199,-84.0218,-3.6E-02));
#4145 = VECTOR('',#4146,1.);
#4146 = DIRECTION('',(0.,0.,1.));
#4147 = ORIENTED_EDGE('',*,*,#2248,.F.);
#4148 = ORIENTED_EDGE('',*,*,#4142,.F.);
#4149 = CYLINDRICAL_SURFACE('',#4150,0.15);
#4150 = AXIS2_PLACEMENT_3D('',#4151,#4152,#4153);
#4151 = CARTESIAN_POINT('',(35.6199,-83.8718,-3.6E-02));
#4152 = DIRECTION('',(-0.,-0.,-1.));
#4153 = DIRECTION('',(-0.,-1.,0.));
#4154 = ADVANCED_FACE('',(#4155),#4166,.F.);
#4155 = FACE_BOUND('',#4156,.T.);
#4156 = EDGE_LOOP('',(#4157,#4158,#4164,#4165));
#4157 = ORIENTED_EDGE('',*,*,#708,.T.);
#4158 = ORIENTED_EDGE('',*,*,#4159,.T.);
#4159 = EDGE_CURVE('',#709,#2260,#4160,.T.);
#4160 = LINE('',#4161,#4162);
#4161 = CARTESIAN_POINT('',(31.7292,-80.8174,-3.6E-02));
#4162 = VECTOR('',#4163,1.);
#4163 = DIRECTION('',(0.,0.,1.));
#4164 = ORIENTED_EDGE('',*,*,#2259,.F.);
#4165 = ORIENTED_EDGE('',*,*,#4159,.F.);
#4166 = CYLINDRICAL_SURFACE('',#4167,0.15);
#4167 = AXIS2_PLACEMENT_3D('',#4168,#4169,#4170);
#4168 = CARTESIAN_POINT('',(31.7292,-80.6674,-3.6E-02));
#4169 = DIRECTION('',(-0.,-0.,-1.));
#4170 = DIRECTION('',(-0.,-1.,0.));
#4171 = ADVANCED_FACE('',(#4172),#4183,.F.);
#4172 = FACE_BOUND('',#4173,.T.);
#4173 = EDGE_LOOP('',(#4174,#4175,#4181,#4182));
#4174 = ORIENTED_EDGE('',*,*,#719,.T.);
#4175 = ORIENTED_EDGE('',*,*,#4176,.T.);
#4176 = EDGE_CURVE('',#720,#2271,#4177,.T.);
#4177 = LINE('',#4178,#4179);
#4178 = CARTESIAN_POINT('',(32.6031,-80.7352,-3.6E-02));
#4179 = VECTOR('',#4180,1.);
#4180 = DIRECTION('',(0.,0.,1.));
#4181 = ORIENTED_EDGE('',*,*,#2270,.F.);
#4182 = ORIENTED_EDGE('',*,*,#4176,.F.);
#4183 = CYLINDRICAL_SURFACE('',#4184,0.15);
#4184 = AXIS2_PLACEMENT_3D('',#4185,#4186,#4187);
#4185 = CARTESIAN_POINT('',(32.6031,-80.5852,-3.6E-02));
#4186 = DIRECTION('',(-0.,-0.,-1.));
#4187 = DIRECTION('',(-0.,-1.,0.));
#4188 = ADVANCED_FACE('',(#4189),#4200,.F.);
#4189 = FACE_BOUND('',#4190,.T.);
#4190 = EDGE_LOOP('',(#4191,#4192,#4198,#4199));
#4191 = ORIENTED_EDGE('',*,*,#730,.T.);
#4192 = ORIENTED_EDGE('',*,*,#4193,.T.);
#4193 = EDGE_CURVE('',#731,#2282,#4194,.T.);
#4194 = LINE('',#4195,#4196);
#4195 = CARTESIAN_POINT('',(31.6686,-80.061,-3.6E-02));
#4196 = VECTOR('',#4197,1.);
#4197 = DIRECTION('',(0.,0.,1.));
#4198 = ORIENTED_EDGE('',*,*,#2281,.F.);
#4199 = ORIENTED_EDGE('',*,*,#4193,.F.);
#4200 = CYLINDRICAL_SURFACE('',#4201,0.15);
#4201 = AXIS2_PLACEMENT_3D('',#4202,#4203,#4204);
#4202 = CARTESIAN_POINT('',(31.6686,-79.911,-3.6E-02));
#4203 = DIRECTION('',(-0.,0.,-1.));
#4204 = DIRECTION('',(2.368475785867E-14,-1.,-0.));
#4205 = ADVANCED_FACE('',(#4206),#4217,.F.);
#4206 = FACE_BOUND('',#4207,.T.);
#4207 = EDGE_LOOP('',(#4208,#4209,#4215,#4216));
#4208 = ORIENTED_EDGE('',*,*,#741,.T.);
#4209 = ORIENTED_EDGE('',*,*,#4210,.T.);
#4210 = EDGE_CURVE('',#742,#2293,#4211,.T.);
#4211 = LINE('',#4212,#4213);
#4212 = CARTESIAN_POINT('',(34.5363,-82.2433,-3.6E-02));
#4213 = VECTOR('',#4214,1.);
#4214 = DIRECTION('',(0.,0.,1.));
#4215 = ORIENTED_EDGE('',*,*,#2292,.F.);
#4216 = ORIENTED_EDGE('',*,*,#4210,.F.);
#4217 = CYLINDRICAL_SURFACE('',#4218,0.15);
#4218 = AXIS2_PLACEMENT_3D('',#4219,#4220,#4221);
#4219 = CARTESIAN_POINT('',(34.5363,-82.0933,-3.6E-02));
#4220 = DIRECTION('',(-0.,-0.,-1.));
#4221 = DIRECTION('',(-0.,-1.,0.));
#4222 = ADVANCED_FACE('',(#4223),#4234,.F.);
#4223 = FACE_BOUND('',#4224,.T.);
#4224 = EDGE_LOOP('',(#4225,#4226,#4232,#4233));
#4225 = ORIENTED_EDGE('',*,*,#752,.T.);
#4226 = ORIENTED_EDGE('',*,*,#4227,.T.);
#4227 = EDGE_CURVE('',#753,#2304,#4228,.T.);
#4228 = LINE('',#4229,#4230);
#4229 = CARTESIAN_POINT('',(35.3652,-82.2425,-3.6E-02));
#4230 = VECTOR('',#4231,1.);
#4231 = DIRECTION('',(0.,0.,1.));
#4232 = ORIENTED_EDGE('',*,*,#2303,.F.);
#4233 = ORIENTED_EDGE('',*,*,#4227,.F.);
#4234 = CYLINDRICAL_SURFACE('',#4235,0.15);
#4235 = AXIS2_PLACEMENT_3D('',#4236,#4237,#4238);
#4236 = CARTESIAN_POINT('',(35.3652,-82.0925,-3.6E-02));
#4237 = DIRECTION('',(-0.,-0.,-1.));
#4238 = DIRECTION('',(-0.,-1.,0.));
#4239 = ADVANCED_FACE('',(#4240),#4251,.F.);
#4240 = FACE_BOUND('',#4241,.T.);
#4241 = EDGE_LOOP('',(#4242,#4243,#4249,#4250));
#4242 = ORIENTED_EDGE('',*,*,#763,.T.);
#4243 = ORIENTED_EDGE('',*,*,#4244,.T.);
#4244 = EDGE_CURVE('',#764,#2315,#4245,.T.);
#4245 = LINE('',#4246,#4247);
#4246 = CARTESIAN_POINT('',(35.0566,-80.2817,-3.6E-02));
#4247 = VECTOR('',#4248,1.);
#4248 = DIRECTION('',(0.,0.,1.));
#4249 = ORIENTED_EDGE('',*,*,#2314,.F.);
#4250 = ORIENTED_EDGE('',*,*,#4244,.F.);
#4251 = CYLINDRICAL_SURFACE('',#4252,0.15);
#4252 = AXIS2_PLACEMENT_3D('',#4253,#4254,#4255);
#4253 = CARTESIAN_POINT('',(35.0566,-80.1317,-3.6E-02));
#4254 = DIRECTION('',(-0.,-0.,-1.));
#4255 = DIRECTION('',(-0.,-1.,0.));
#4256 = ADVANCED_FACE('',(#4257),#4268,.F.);
#4257 = FACE_BOUND('',#4258,.T.);
#4258 = EDGE_LOOP('',(#4259,#4260,#4266,#4267));
#4259 = ORIENTED_EDGE('',*,*,#774,.T.);
#4260 = ORIENTED_EDGE('',*,*,#4261,.T.);
#4261 = EDGE_CURVE('',#775,#2326,#4262,.T.);
#4262 = LINE('',#4263,#4264);
#4263 = CARTESIAN_POINT('',(34.55,-77.15,-3.6E-02));
#4264 = VECTOR('',#4265,1.);
#4265 = DIRECTION('',(0.,0.,1.));
#4266 = ORIENTED_EDGE('',*,*,#2325,.F.);
#4267 = ORIENTED_EDGE('',*,*,#4261,.F.);
#4268 = CYLINDRICAL_SURFACE('',#4269,0.15);
#4269 = AXIS2_PLACEMENT_3D('',#4270,#4271,#4272);
#4270 = CARTESIAN_POINT('',(34.55,-77.,-3.6E-02));
#4271 = DIRECTION('',(-0.,-0.,-1.));
#4272 = DIRECTION('',(-0.,-1.,0.));
#4273 = ADVANCED_FACE('',(#4274),#4285,.F.);
#4274 = FACE_BOUND('',#4275,.T.);
#4275 = EDGE_LOOP('',(#4276,#4277,#4283,#4284));
#4276 = ORIENTED_EDGE('',*,*,#785,.T.);
#4277 = ORIENTED_EDGE('',*,*,#4278,.T.);
#4278 = EDGE_CURVE('',#786,#2337,#4279,.T.);
#4279 = LINE('',#4280,#4281);
#4280 = CARTESIAN_POINT('',(34.85,-74.5,-3.6E-02));
#4281 = VECTOR('',#4282,1.);
#4282 = DIRECTION('',(0.,0.,1.));
#4283 = ORIENTED_EDGE('',*,*,#2336,.F.);
#4284 = ORIENTED_EDGE('',*,*,#4278,.F.);
#4285 = CYLINDRICAL_SURFACE('',#4286,0.15);
#4286 = AXIS2_PLACEMENT_3D('',#4287,#4288,#4289);
#4287 = CARTESIAN_POINT('',(34.85,-74.35,-3.6E-02));
#4288 = DIRECTION('',(-0.,-0.,-1.));
#4289 = DIRECTION('',(-0.,-1.,0.));
#4290 = ADVANCED_FACE('',(#4291),#4302,.F.);
#4291 = FACE_BOUND('',#4292,.T.);
#4292 = EDGE_LOOP('',(#4293,#4294,#4300,#4301));
#4293 = ORIENTED_EDGE('',*,*,#796,.T.);
#4294 = ORIENTED_EDGE('',*,*,#4295,.T.);
#4295 = EDGE_CURVE('',#797,#2348,#4296,.T.);
#4296 = LINE('',#4297,#4298);
#4297 = CARTESIAN_POINT('',(35.5095,-75.5256,-3.6E-02));
#4298 = VECTOR('',#4299,1.);
#4299 = DIRECTION('',(0.,0.,1.));
#4300 = ORIENTED_EDGE('',*,*,#2347,.F.);
#4301 = ORIENTED_EDGE('',*,*,#4295,.F.);
#4302 = CYLINDRICAL_SURFACE('',#4303,0.15);
#4303 = AXIS2_PLACEMENT_3D('',#4304,#4305,#4306);
#4304 = CARTESIAN_POINT('',(35.5095,-75.3756,-3.6E-02));
#4305 = DIRECTION('',(-0.,-0.,-1.));
#4306 = DIRECTION('',(-0.,-1.,0.));
#4307 = ADVANCED_FACE('',(#4308),#4319,.F.);
#4308 = FACE_BOUND('',#4309,.T.);
#4309 = EDGE_LOOP('',(#4310,#4311,#4317,#4318));
#4310 = ORIENTED_EDGE('',*,*,#807,.T.);
#4311 = ORIENTED_EDGE('',*,*,#4312,.T.);
#4312 = EDGE_CURVE('',#808,#2359,#4313,.T.);
#4313 = LINE('',#4314,#4315);
#4314 = CARTESIAN_POINT('',(37.708,-82.2827,-3.6E-02));
#4315 = VECTOR('',#4316,1.);
#4316 = DIRECTION('',(0.,0.,1.));
#4317 = ORIENTED_EDGE('',*,*,#2358,.F.);
#4318 = ORIENTED_EDGE('',*,*,#4312,.F.);
#4319 = CYLINDRICAL_SURFACE('',#4320,0.15);
#4320 = AXIS2_PLACEMENT_3D('',#4321,#4322,#4323);
#4321 = CARTESIAN_POINT('',(37.708,-82.1327,-3.6E-02));
#4322 = DIRECTION('',(-0.,-0.,-1.));
#4323 = DIRECTION('',(-0.,-1.,0.));
#4324 = ADVANCED_FACE('',(#4325),#4336,.F.);
#4325 = FACE_BOUND('',#4326,.T.);
#4326 = EDGE_LOOP('',(#4327,#4328,#4334,#4335));
#4327 = ORIENTED_EDGE('',*,*,#818,.T.);
#4328 = ORIENTED_EDGE('',*,*,#4329,.T.);
#4329 = EDGE_CURVE('',#819,#2370,#4330,.T.);
#4330 = LINE('',#4331,#4332);
#4331 = CARTESIAN_POINT('',(38.2545,-81.7659,-3.6E-02));
#4332 = VECTOR('',#4333,1.);
#4333 = DIRECTION('',(0.,0.,1.));
#4334 = ORIENTED_EDGE('',*,*,#2369,.F.);
#4335 = ORIENTED_EDGE('',*,*,#4329,.F.);
#4336 = CYLINDRICAL_SURFACE('',#4337,0.15);
#4337 = AXIS2_PLACEMENT_3D('',#4338,#4339,#4340);
#4338 = CARTESIAN_POINT('',(38.2545,-81.6159,-3.6E-02));
#4339 = DIRECTION('',(-0.,-0.,-1.));
#4340 = DIRECTION('',(-0.,-1.,0.));
#4341 = ADVANCED_FACE('',(#4342),#4353,.F.);
#4342 = FACE_BOUND('',#4343,.T.);
#4343 = EDGE_LOOP('',(#4344,#4345,#4351,#4352));
#4344 = ORIENTED_EDGE('',*,*,#829,.T.);
#4345 = ORIENTED_EDGE('',*,*,#4346,.T.);
#4346 = EDGE_CURVE('',#830,#2381,#4347,.T.);
#4347 = LINE('',#4348,#4349);
#4348 = CARTESIAN_POINT('',(38.1791,-80.6471,-3.6E-02));
#4349 = VECTOR('',#4350,1.);
#4350 = DIRECTION('',(0.,0.,1.));
#4351 = ORIENTED_EDGE('',*,*,#2380,.F.);
#4352 = ORIENTED_EDGE('',*,*,#4346,.F.);
#4353 = CYLINDRICAL_SURFACE('',#4354,0.15);
#4354 = AXIS2_PLACEMENT_3D('',#4355,#4356,#4357);
#4355 = CARTESIAN_POINT('',(38.1791,-80.4971,-3.6E-02));
#4356 = DIRECTION('',(-0.,-0.,-1.));
#4357 = DIRECTION('',(-0.,-1.,0.));
#4358 = ADVANCED_FACE('',(#4359),#4370,.F.);
#4359 = FACE_BOUND('',#4360,.T.);
#4360 = EDGE_LOOP('',(#4361,#4362,#4368,#4369));
#4361 = ORIENTED_EDGE('',*,*,#840,.T.);
#4362 = ORIENTED_EDGE('',*,*,#4363,.T.);
#4363 = EDGE_CURVE('',#841,#2392,#4364,.T.);
#4364 = LINE('',#4365,#4366);
#4365 = CARTESIAN_POINT('',(39.2138,-80.6077,-3.6E-02));
#4366 = VECTOR('',#4367,1.);
#4367 = DIRECTION('',(0.,0.,1.));
#4368 = ORIENTED_EDGE('',*,*,#2391,.F.);
#4369 = ORIENTED_EDGE('',*,*,#4363,.F.);
#4370 = CYLINDRICAL_SURFACE('',#4371,0.15);
#4371 = AXIS2_PLACEMENT_3D('',#4372,#4373,#4374);
#4372 = CARTESIAN_POINT('',(39.2138,-80.4577,-3.6E-02));
#4373 = DIRECTION('',(-0.,-0.,-1.));
#4374 = DIRECTION('',(-0.,-1.,0.));
#4375 = ADVANCED_FACE('',(#4376),#4387,.F.);
#4376 = FACE_BOUND('',#4377,.T.);
#4377 = EDGE_LOOP('',(#4378,#4379,#4385,#4386));
#4378 = ORIENTED_EDGE('',*,*,#851,.T.);
#4379 = ORIENTED_EDGE('',*,*,#4380,.T.);
#4380 = EDGE_CURVE('',#852,#2403,#4381,.T.);
#4381 = LINE('',#4382,#4383);
#4382 = CARTESIAN_POINT('',(41.5509,-81.0733,-3.6E-02));
#4383 = VECTOR('',#4384,1.);
#4384 = DIRECTION('',(0.,0.,1.));
#4385 = ORIENTED_EDGE('',*,*,#2402,.F.);
#4386 = ORIENTED_EDGE('',*,*,#4380,.F.);
#4387 = CYLINDRICAL_SURFACE('',#4388,0.15);
#4388 = AXIS2_PLACEMENT_3D('',#4389,#4390,#4391);
#4389 = CARTESIAN_POINT('',(41.5509,-80.9233,-3.6E-02));
#4390 = DIRECTION('',(-0.,-0.,-1.));
#4391 = DIRECTION('',(-0.,-1.,0.));
#4392 = ADVANCED_FACE('',(#4393),#4404,.F.);
#4393 = FACE_BOUND('',#4394,.T.);
#4394 = EDGE_LOOP('',(#4395,#4396,#4402,#4403));
#4395 = ORIENTED_EDGE('',*,*,#862,.T.);
#4396 = ORIENTED_EDGE('',*,*,#4397,.T.);
#4397 = EDGE_CURVE('',#863,#2414,#4398,.T.);
#4398 = LINE('',#4399,#4400);
#4399 = CARTESIAN_POINT('',(37.2684,-76.6714,-3.6E-02));
#4400 = VECTOR('',#4401,1.);
#4401 = DIRECTION('',(0.,0.,1.));
#4402 = ORIENTED_EDGE('',*,*,#2413,.F.);
#4403 = ORIENTED_EDGE('',*,*,#4397,.F.);
#4404 = CYLINDRICAL_SURFACE('',#4405,0.15);
#4405 = AXIS2_PLACEMENT_3D('',#4406,#4407,#4408);
#4406 = CARTESIAN_POINT('',(37.2684,-76.5214,-3.6E-02));
#4407 = DIRECTION('',(-0.,-0.,-1.));
#4408 = DIRECTION('',(-0.,-1.,0.));
#4409 = ADVANCED_FACE('',(#4410),#4421,.F.);
#4410 = FACE_BOUND('',#4411,.T.);
#4411 = EDGE_LOOP('',(#4412,#4413,#4419,#4420));
#4412 = ORIENTED_EDGE('',*,*,#873,.T.);
#4413 = ORIENTED_EDGE('',*,*,#4414,.T.);
#4414 = EDGE_CURVE('',#874,#2425,#4415,.T.);
#4415 = LINE('',#4416,#4417);
#4416 = CARTESIAN_POINT('',(42.5161,-76.418,-3.6E-02));
#4417 = VECTOR('',#4418,1.);
#4418 = DIRECTION('',(0.,0.,1.));
#4419 = ORIENTED_EDGE('',*,*,#2424,.F.);
#4420 = ORIENTED_EDGE('',*,*,#4414,.F.);
#4421 = CYLINDRICAL_SURFACE('',#4422,0.15);
#4422 = AXIS2_PLACEMENT_3D('',#4423,#4424,#4425);
#4423 = CARTESIAN_POINT('',(42.5161,-76.268,-3.6E-02));
#4424 = DIRECTION('',(-0.,-0.,-1.));
#4425 = DIRECTION('',(-0.,-1.,0.));
#4426 = ADVANCED_FACE('',(#4427),#4443,.F.);
#4427 = FACE_BOUND('',#4428,.T.);
#4428 = EDGE_LOOP('',(#4429,#4430,#4436,#4437));
#4429 = ORIENTED_EDGE('',*,*,#884,.T.);
#4430 = ORIENTED_EDGE('',*,*,#4431,.T.);
#4431 = EDGE_CURVE('',#887,#2438,#4432,.T.);
#4432 = LINE('',#4433,#4434);
#4433 = CARTESIAN_POINT('',(44.67,-90.365,-4.6E-02));
#4434 = VECTOR('',#4435,1.);
#4435 = DIRECTION('',(0.,0.,1.));
#4436 = ORIENTED_EDGE('',*,*,#2435,.F.);
#4437 = ORIENTED_EDGE('',*,*,#4438,.F.);
#4438 = EDGE_CURVE('',#885,#2436,#4439,.T.);
#4439 = LINE('',#4440,#4441);
#4440 = CARTESIAN_POINT('',(44.17,-90.365,-4.6E-02));
#4441 = VECTOR('',#4442,1.);
#4442 = DIRECTION('',(0.,0.,1.));
#4443 = CYLINDRICAL_SURFACE('',#4444,0.25);
#4444 = AXIS2_PLACEMENT_3D('',#4445,#4446,#4447);
#4445 = CARTESIAN_POINT('',(44.42,-90.365,-4.6E-02));
#4446 = DIRECTION('',(-0.,-0.,-1.));
#4447 = DIRECTION('',(1.,0.,-0.));
#4448 = ADVANCED_FACE('',(#4449),#4460,.T.);
#4449 = FACE_BOUND('',#4450,.T.);
#4450 = EDGE_LOOP('',(#4451,#4452,#4453,#4454));
#4451 = ORIENTED_EDGE('',*,*,#912,.T.);
#4452 = ORIENTED_EDGE('',*,*,#4438,.T.);
#4453 = ORIENTED_EDGE('',*,*,#2463,.F.);
#4454 = ORIENTED_EDGE('',*,*,#4455,.F.);
#4455 = EDGE_CURVE('',#904,#2455,#4456,.T.);
#4456 = LINE('',#4457,#4458);
#4457 = CARTESIAN_POINT('',(44.17,-91.515,-4.6E-02));
#4458 = VECTOR('',#4459,1.);
#4459 = DIRECTION('',(0.,0.,1.));
#4460 = PLANE('',#4461);
#4461 = AXIS2_PLACEMENT_3D('',#4462,#4463,#4464);
#4462 = CARTESIAN_POINT('',(44.17,-90.365,-4.6E-02));
#4463 = DIRECTION('',(1.,0.,-0.));
#4464 = DIRECTION('',(0.,-1.,0.));
#4465 = ADVANCED_FACE('',(#4466),#4477,.F.);
#4466 = FACE_BOUND('',#4467,.T.);
#4467 = EDGE_LOOP('',(#4468,#4469,#4470,#4471));
#4468 = ORIENTED_EDGE('',*,*,#903,.T.);
#4469 = ORIENTED_EDGE('',*,*,#4455,.T.);
#4470 = ORIENTED_EDGE('',*,*,#2454,.F.);
#4471 = ORIENTED_EDGE('',*,*,#4472,.F.);
#4472 = EDGE_CURVE('',#896,#2447,#4473,.T.);
#4473 = LINE('',#4474,#4475);
#4474 = CARTESIAN_POINT('',(44.67,-91.515,-4.6E-02));
#4475 = VECTOR('',#4476,1.);
#4476 = DIRECTION('',(0.,0.,1.));
#4477 = CYLINDRICAL_SURFACE('',#4478,0.25);
#4478 = AXIS2_PLACEMENT_3D('',#4479,#4480,#4481);
#4479 = CARTESIAN_POINT('',(44.42,-91.515,-4.6E-02));
#4480 = DIRECTION('',(-0.,-0.,-1.));
#4481 = DIRECTION('',(-1.,0.,-0.));
#4482 = ADVANCED_FACE('',(#4483),#4489,.T.);
#4483 = FACE_BOUND('',#4484,.T.);
#4484 = EDGE_LOOP('',(#4485,#4486,#4487,#4488));
#4485 = ORIENTED_EDGE('',*,*,#895,.T.);
#4486 = ORIENTED_EDGE('',*,*,#4472,.T.);
#4487 = ORIENTED_EDGE('',*,*,#2446,.F.);
#4488 = ORIENTED_EDGE('',*,*,#4431,.F.);
#4489 = PLANE('',#4490);
#4490 = AXIS2_PLACEMENT_3D('',#4491,#4492,#4493);
#4491 = CARTESIAN_POINT('',(44.67,-91.515,-4.6E-02));
#4492 = DIRECTION('',(-1.,0.,0.));
#4493 = DIRECTION('',(0.,1.,0.));
#4494 = ADVANCED_FACE('',(#4495),#4511,.F.);
#4495 = FACE_BOUND('',#4496,.T.);
#4496 = EDGE_LOOP('',(#4497,#4498,#4504,#4505));
#4497 = ORIENTED_EDGE('',*,*,#920,.T.);
#4498 = ORIENTED_EDGE('',*,*,#4499,.T.);
#4499 = EDGE_CURVE('',#923,#2474,#4500,.T.);
#4500 = LINE('',#4501,#4502);
#4501 = CARTESIAN_POINT('',(44.67,-85.725,-4.6E-02));
#4502 = VECTOR('',#4503,1.);
#4503 = DIRECTION('',(0.,0.,1.));
#4504 = ORIENTED_EDGE('',*,*,#2471,.F.);
#4505 = ORIENTED_EDGE('',*,*,#4506,.F.);
#4506 = EDGE_CURVE('',#921,#2472,#4507,.T.);
#4507 = LINE('',#4508,#4509);
#4508 = CARTESIAN_POINT('',(44.17,-85.725,-4.6E-02));
#4509 = VECTOR('',#4510,1.);
#4510 = DIRECTION('',(0.,0.,1.));
#4511 = CYLINDRICAL_SURFACE('',#4512,0.25);
#4512 = AXIS2_PLACEMENT_3D('',#4513,#4514,#4515);
#4513 = CARTESIAN_POINT('',(44.42,-85.725,-4.6E-02));
#4514 = DIRECTION('',(-0.,-0.,-1.));
#4515 = DIRECTION('',(1.,0.,-0.));
#4516 = ADVANCED_FACE('',(#4517),#4528,.T.);
#4517 = FACE_BOUND('',#4518,.T.);
#4518 = EDGE_LOOP('',(#4519,#4520,#4521,#4522));
#4519 = ORIENTED_EDGE('',*,*,#948,.T.);
#4520 = ORIENTED_EDGE('',*,*,#4506,.T.);
#4521 = ORIENTED_EDGE('',*,*,#2499,.F.);
#4522 = ORIENTED_EDGE('',*,*,#4523,.F.);
#4523 = EDGE_CURVE('',#940,#2491,#4524,.T.);
#4524 = LINE('',#4525,#4526);
#4525 = CARTESIAN_POINT('',(44.17,-86.875,-4.6E-02));
#4526 = VECTOR('',#4527,1.);
#4527 = DIRECTION('',(0.,0.,1.));
#4528 = PLANE('',#4529);
#4529 = AXIS2_PLACEMENT_3D('',#4530,#4531,#4532);
#4530 = CARTESIAN_POINT('',(44.17,-85.725,-4.6E-02));
#4531 = DIRECTION('',(1.,0.,-0.));
#4532 = DIRECTION('',(0.,-1.,0.));
#4533 = ADVANCED_FACE('',(#4534),#4545,.F.);
#4534 = FACE_BOUND('',#4535,.T.);
#4535 = EDGE_LOOP('',(#4536,#4537,#4538,#4539));
#4536 = ORIENTED_EDGE('',*,*,#939,.T.);
#4537 = ORIENTED_EDGE('',*,*,#4523,.T.);
#4538 = ORIENTED_EDGE('',*,*,#2490,.F.);
#4539 = ORIENTED_EDGE('',*,*,#4540,.F.);
#4540 = EDGE_CURVE('',#932,#2483,#4541,.T.);
#4541 = LINE('',#4542,#4543);
#4542 = CARTESIAN_POINT('',(44.67,-86.875,-4.6E-02));
#4543 = VECTOR('',#4544,1.);
#4544 = DIRECTION('',(0.,0.,1.));
#4545 = CYLINDRICAL_SURFACE('',#4546,0.25);
#4546 = AXIS2_PLACEMENT_3D('',#4547,#4548,#4549);
#4547 = CARTESIAN_POINT('',(44.42,-86.875,-4.6E-02));
#4548 = DIRECTION('',(-0.,-0.,-1.));
#4549 = DIRECTION('',(-1.,0.,-0.));
#4550 = ADVANCED_FACE('',(#4551),#4557,.T.);
#4551 = FACE_BOUND('',#4552,.T.);
#4552 = EDGE_LOOP('',(#4553,#4554,#4555,#4556));
#4553 = ORIENTED_EDGE('',*,*,#931,.T.);
#4554 = ORIENTED_EDGE('',*,*,#4540,.T.);
#4555 = ORIENTED_EDGE('',*,*,#2482,.F.);
#4556 = ORIENTED_EDGE('',*,*,#4499,.F.);
#4557 = PLANE('',#4558);
#4558 = AXIS2_PLACEMENT_3D('',#4559,#4560,#4561);
#4559 = CARTESIAN_POINT('',(44.67,-86.875,-4.6E-02));
#4560 = DIRECTION('',(-1.,0.,0.));
#4561 = DIRECTION('',(0.,1.,0.));
#4562 = ADVANCED_FACE('',(#4563),#4574,.F.);
#4563 = FACE_BOUND('',#4564,.T.);
#4564 = EDGE_LOOP('',(#4565,#4566,#4572,#4573));
#4565 = ORIENTED_EDGE('',*,*,#956,.T.);
#4566 = ORIENTED_EDGE('',*,*,#4567,.T.);
#4567 = EDGE_CURVE('',#957,#2508,#4568,.T.);
#4568 = LINE('',#4569,#4570);
#4569 = CARTESIAN_POINT('',(46.25,-86.54,-4.6E-02));
#4570 = VECTOR('',#4571,1.);
#4571 = DIRECTION('',(0.,0.,1.));
#4572 = ORIENTED_EDGE('',*,*,#2507,.F.);
#4573 = ORIENTED_EDGE('',*,*,#4567,.F.);
#4574 = CYLINDRICAL_SURFACE('',#4575,0.325);
#4575 = AXIS2_PLACEMENT_3D('',#4576,#4577,#4578);
#4576 = CARTESIAN_POINT('',(46.25,-86.215,-4.6E-02));
#4577 = DIRECTION('',(-0.,-0.,-1.));
#4578 = DIRECTION('',(-0.,-1.,0.));
#4579 = ADVANCED_FACE('',(#4580),#4591,.F.);
#4580 = FACE_BOUND('',#4581,.T.);
#4581 = EDGE_LOOP('',(#4582,#4583,#4589,#4590));
#4582 = ORIENTED_EDGE('',*,*,#967,.T.);
#4583 = ORIENTED_EDGE('',*,*,#4584,.T.);
#4584 = EDGE_CURVE('',#968,#2519,#4585,.T.);
#4585 = LINE('',#4586,#4587);
#4586 = CARTESIAN_POINT('',(43.3344,-84.1633,-3.6E-02));
#4587 = VECTOR('',#4588,1.);
#4588 = DIRECTION('',(0.,0.,1.));
#4589 = ORIENTED_EDGE('',*,*,#2518,.F.);
#4590 = ORIENTED_EDGE('',*,*,#4584,.F.);
#4591 = CYLINDRICAL_SURFACE('',#4592,0.15);
#4592 = AXIS2_PLACEMENT_3D('',#4593,#4594,#4595);
#4593 = CARTESIAN_POINT('',(43.3344,-84.0133,-3.6E-02));
#4594 = DIRECTION('',(-0.,-0.,-1.));
#4595 = DIRECTION('',(-0.,-1.,0.));
#4596 = ADVANCED_FACE('',(#4597),#4608,.F.);
#4597 = FACE_BOUND('',#4598,.T.);
#4598 = EDGE_LOOP('',(#4599,#4600,#4606,#4607));
#4599 = ORIENTED_EDGE('',*,*,#978,.T.);
#4600 = ORIENTED_EDGE('',*,*,#4601,.T.);
#4601 = EDGE_CURVE('',#979,#2530,#4602,.T.);
#4602 = LINE('',#4603,#4604);
#4603 = CARTESIAN_POINT('',(48.6702,-83.9181,-3.6E-02));
#4604 = VECTOR('',#4605,1.);
#4605 = DIRECTION('',(0.,0.,1.));
#4606 = ORIENTED_EDGE('',*,*,#2529,.F.);
#4607 = ORIENTED_EDGE('',*,*,#4601,.F.);
#4608 = CYLINDRICAL_SURFACE('',#4609,0.15);
#4609 = AXIS2_PLACEMENT_3D('',#4610,#4611,#4612);
#4610 = CARTESIAN_POINT('',(48.6702,-83.7681,-3.6E-02));
#4611 = DIRECTION('',(-0.,-0.,-1.));
#4612 = DIRECTION('',(-0.,-1.,0.));
#4613 = ADVANCED_FACE('',(#4614),#4630,.F.);
#4614 = FACE_BOUND('',#4615,.T.);
#4615 = EDGE_LOOP('',(#4616,#4617,#4623,#4624));
#4616 = ORIENTED_EDGE('',*,*,#989,.T.);
#4617 = ORIENTED_EDGE('',*,*,#4618,.T.);
#4618 = EDGE_CURVE('',#992,#2543,#4619,.T.);
#4619 = LINE('',#4620,#4621);
#4620 = CARTESIAN_POINT('',(55.83,-90.365,-4.6E-02));
#4621 = VECTOR('',#4622,1.);
#4622 = DIRECTION('',(0.,0.,1.));
#4623 = ORIENTED_EDGE('',*,*,#2540,.F.);
#4624 = ORIENTED_EDGE('',*,*,#4625,.F.);
#4625 = EDGE_CURVE('',#990,#2541,#4626,.T.);
#4626 = LINE('',#4627,#4628);
#4627 = CARTESIAN_POINT('',(55.33,-90.365,-4.6E-02));
#4628 = VECTOR('',#4629,1.);
#4629 = DIRECTION('',(0.,0.,1.));
#4630 = CYLINDRICAL_SURFACE('',#4631,0.25);
#4631 = AXIS2_PLACEMENT_3D('',#4632,#4633,#4634);
#4632 = CARTESIAN_POINT('',(55.58,-90.365,-4.6E-02));
#4633 = DIRECTION('',(-0.,-0.,-1.));
#4634 = DIRECTION('',(1.,0.,-0.));
#4635 = ADVANCED_FACE('',(#4636),#4647,.T.);
#4636 = FACE_BOUND('',#4637,.T.);
#4637 = EDGE_LOOP('',(#4638,#4639,#4640,#4641));
#4638 = ORIENTED_EDGE('',*,*,#1017,.T.);
#4639 = ORIENTED_EDGE('',*,*,#4625,.T.);
#4640 = ORIENTED_EDGE('',*,*,#2568,.F.);
#4641 = ORIENTED_EDGE('',*,*,#4642,.F.);
#4642 = EDGE_CURVE('',#1009,#2560,#4643,.T.);
#4643 = LINE('',#4644,#4645);
#4644 = CARTESIAN_POINT('',(55.33,-91.515,-4.6E-02));
#4645 = VECTOR('',#4646,1.);
#4646 = DIRECTION('',(0.,0.,1.));
#4647 = PLANE('',#4648);
#4648 = AXIS2_PLACEMENT_3D('',#4649,#4650,#4651);
#4649 = CARTESIAN_POINT('',(55.33,-90.365,-4.6E-02));
#4650 = DIRECTION('',(1.,0.,-0.));
#4651 = DIRECTION('',(0.,-1.,0.));
#4652 = ADVANCED_FACE('',(#4653),#4664,.F.);
#4653 = FACE_BOUND('',#4654,.T.);
#4654 = EDGE_LOOP('',(#4655,#4656,#4657,#4658));
#4655 = ORIENTED_EDGE('',*,*,#1008,.T.);
#4656 = ORIENTED_EDGE('',*,*,#4642,.T.);
#4657 = ORIENTED_EDGE('',*,*,#2559,.F.);
#4658 = ORIENTED_EDGE('',*,*,#4659,.F.);
#4659 = EDGE_CURVE('',#1001,#2552,#4660,.T.);
#4660 = LINE('',#4661,#4662);
#4661 = CARTESIAN_POINT('',(55.83,-91.515,-4.6E-02));
#4662 = VECTOR('',#4663,1.);
#4663 = DIRECTION('',(0.,0.,1.));
#4664 = CYLINDRICAL_SURFACE('',#4665,0.25);
#4665 = AXIS2_PLACEMENT_3D('',#4666,#4667,#4668);
#4666 = CARTESIAN_POINT('',(55.58,-91.515,-4.6E-02));
#4667 = DIRECTION('',(-0.,-0.,-1.));
#4668 = DIRECTION('',(-1.,0.,-0.));
#4669 = ADVANCED_FACE('',(#4670),#4676,.T.);
#4670 = FACE_BOUND('',#4671,.T.);
#4671 = EDGE_LOOP('',(#4672,#4673,#4674,#4675));
#4672 = ORIENTED_EDGE('',*,*,#1000,.T.);
#4673 = ORIENTED_EDGE('',*,*,#4659,.T.);
#4674 = ORIENTED_EDGE('',*,*,#2551,.F.);
#4675 = ORIENTED_EDGE('',*,*,#4618,.F.);
#4676 = PLANE('',#4677);
#4677 = AXIS2_PLACEMENT_3D('',#4678,#4679,#4680);
#4678 = CARTESIAN_POINT('',(55.83,-91.515,-4.6E-02));
#4679 = DIRECTION('',(-1.,0.,0.));
#4680 = DIRECTION('',(0.,1.,0.));
#4681 = ADVANCED_FACE('',(#4682),#4693,.F.);
#4682 = FACE_BOUND('',#4683,.T.);
#4683 = EDGE_LOOP('',(#4684,#4685,#4691,#4692));
#4684 = ORIENTED_EDGE('',*,*,#1025,.T.);
#4685 = ORIENTED_EDGE('',*,*,#4686,.T.);
#4686 = EDGE_CURVE('',#1026,#2577,#4687,.T.);
#4687 = LINE('',#4688,#4689);
#4688 = CARTESIAN_POINT('',(51.0567,-84.1181,-3.6E-02));
#4689 = VECTOR('',#4690,1.);
#4690 = DIRECTION('',(0.,0.,1.));
#4691 = ORIENTED_EDGE('',*,*,#2576,.F.);
#4692 = ORIENTED_EDGE('',*,*,#4686,.F.);
#4693 = CYLINDRICAL_SURFACE('',#4694,0.15);
#4694 = AXIS2_PLACEMENT_3D('',#4695,#4696,#4697);
#4695 = CARTESIAN_POINT('',(51.0567,-83.9681,-3.6E-02));
#4696 = DIRECTION('',(-0.,-0.,-1.));
#4697 = DIRECTION('',(-0.,-1.,0.));
#4698 = ADVANCED_FACE('',(#4699),#4710,.F.);
#4699 = FACE_BOUND('',#4700,.T.);
#4700 = EDGE_LOOP('',(#4701,#4702,#4708,#4709));
#4701 = ORIENTED_EDGE('',*,*,#1036,.T.);
#4702 = ORIENTED_EDGE('',*,*,#4703,.T.);
#4703 = EDGE_CURVE('',#1037,#2588,#4704,.T.);
#4704 = LINE('',#4705,#4706);
#4705 = CARTESIAN_POINT('',(52.1125,-83.4338,-3.6E-02));
#4706 = VECTOR('',#4707,1.);
#4707 = DIRECTION('',(0.,0.,1.));
#4708 = ORIENTED_EDGE('',*,*,#2587,.F.);
#4709 = ORIENTED_EDGE('',*,*,#4703,.F.);
#4710 = CYLINDRICAL_SURFACE('',#4711,0.15);
#4711 = AXIS2_PLACEMENT_3D('',#4712,#4713,#4714);
#4712 = CARTESIAN_POINT('',(52.1125,-83.2838,-3.6E-02));
#4713 = DIRECTION('',(-0.,-0.,-1.));
#4714 = DIRECTION('',(-0.,-1.,0.));
#4715 = ADVANCED_FACE('',(#4716),#4727,.F.);
#4716 = FACE_BOUND('',#4717,.T.);
#4717 = EDGE_LOOP('',(#4718,#4719,#4725,#4726));
#4718 = ORIENTED_EDGE('',*,*,#1047,.T.);
#4719 = ORIENTED_EDGE('',*,*,#4720,.T.);
#4720 = EDGE_CURVE('',#1048,#2599,#4721,.T.);
#4721 = LINE('',#4722,#4723);
#4722 = CARTESIAN_POINT('',(53.75,-86.54,-4.6E-02));
#4723 = VECTOR('',#4724,1.);
#4724 = DIRECTION('',(0.,0.,1.));
#4725 = ORIENTED_EDGE('',*,*,#2598,.F.);
#4726 = ORIENTED_EDGE('',*,*,#4720,.F.);
#4727 = CYLINDRICAL_SURFACE('',#4728,0.325);
#4728 = AXIS2_PLACEMENT_3D('',#4729,#4730,#4731);
#4729 = CARTESIAN_POINT('',(53.75,-86.215,-4.6E-02));
#4730 = DIRECTION('',(-0.,-0.,-1.));
#4731 = DIRECTION('',(-0.,-1.,0.));
#4732 = ADVANCED_FACE('',(#4733),#4749,.F.);
#4733 = FACE_BOUND('',#4734,.T.);
#4734 = EDGE_LOOP('',(#4735,#4736,#4742,#4743));
#4735 = ORIENTED_EDGE('',*,*,#1058,.T.);
#4736 = ORIENTED_EDGE('',*,*,#4737,.T.);
#4737 = EDGE_CURVE('',#1061,#2612,#4738,.T.);
#4738 = LINE('',#4739,#4740);
#4739 = CARTESIAN_POINT('',(55.83,-85.725,-4.6E-02));
#4740 = VECTOR('',#4741,1.);
#4741 = DIRECTION('',(0.,0.,1.));
#4742 = ORIENTED_EDGE('',*,*,#2609,.F.);
#4743 = ORIENTED_EDGE('',*,*,#4744,.F.);
#4744 = EDGE_CURVE('',#1059,#2610,#4745,.T.);
#4745 = LINE('',#4746,#4747);
#4746 = CARTESIAN_POINT('',(55.33,-85.725,-4.6E-02));
#4747 = VECTOR('',#4748,1.);
#4748 = DIRECTION('',(0.,0.,1.));
#4749 = CYLINDRICAL_SURFACE('',#4750,0.25);
#4750 = AXIS2_PLACEMENT_3D('',#4751,#4752,#4753);
#4751 = CARTESIAN_POINT('',(55.58,-85.725,-4.6E-02));
#4752 = DIRECTION('',(-0.,-0.,-1.));
#4753 = DIRECTION('',(1.,0.,-0.));
#4754 = ADVANCED_FACE('',(#4755),#4766,.T.);
#4755 = FACE_BOUND('',#4756,.T.);
#4756 = EDGE_LOOP('',(#4757,#4758,#4759,#4760));
#4757 = ORIENTED_EDGE('',*,*,#1086,.T.);
#4758 = ORIENTED_EDGE('',*,*,#4744,.T.);
#4759 = ORIENTED_EDGE('',*,*,#2637,.F.);
#4760 = ORIENTED_EDGE('',*,*,#4761,.F.);
#4761 = EDGE_CURVE('',#1078,#2629,#4762,.T.);
#4762 = LINE('',#4763,#4764);
#4763 = CARTESIAN_POINT('',(55.33,-86.875,-4.6E-02));
#4764 = VECTOR('',#4765,1.);
#4765 = DIRECTION('',(0.,0.,1.));
#4766 = PLANE('',#4767);
#4767 = AXIS2_PLACEMENT_3D('',#4768,#4769,#4770);
#4768 = CARTESIAN_POINT('',(55.33,-85.725,-4.6E-02));
#4769 = DIRECTION('',(1.,0.,-0.));
#4770 = DIRECTION('',(0.,-1.,0.));
#4771 = ADVANCED_FACE('',(#4772),#4783,.F.);
#4772 = FACE_BOUND('',#4773,.T.);
#4773 = EDGE_LOOP('',(#4774,#4775,#4776,#4777));
#4774 = ORIENTED_EDGE('',*,*,#1077,.T.);
#4775 = ORIENTED_EDGE('',*,*,#4761,.T.);
#4776 = ORIENTED_EDGE('',*,*,#2628,.F.);
#4777 = ORIENTED_EDGE('',*,*,#4778,.F.);
#4778 = EDGE_CURVE('',#1070,#2621,#4779,.T.);
#4779 = LINE('',#4780,#4781);
#4780 = CARTESIAN_POINT('',(55.83,-86.875,-4.6E-02));
#4781 = VECTOR('',#4782,1.);
#4782 = DIRECTION('',(0.,0.,1.));
#4783 = CYLINDRICAL_SURFACE('',#4784,0.25);
#4784 = AXIS2_PLACEMENT_3D('',#4785,#4786,#4787);
#4785 = CARTESIAN_POINT('',(55.58,-86.875,-4.6E-02));
#4786 = DIRECTION('',(-0.,-0.,-1.));
#4787 = DIRECTION('',(-1.,0.,-0.));
#4788 = ADVANCED_FACE('',(#4789),#4795,.T.);
#4789 = FACE_BOUND('',#4790,.T.);
#4790 = EDGE_LOOP('',(#4791,#4792,#4793,#4794));
#4791 = ORIENTED_EDGE('',*,*,#1069,.T.);
#4792 = ORIENTED_EDGE('',*,*,#4778,.T.);
#4793 = ORIENTED_EDGE('',*,*,#2620,.F.);
#4794 = ORIENTED_EDGE('',*,*,#4737,.F.);
#4795 = PLANE('',#4796);
#4796 = AXIS2_PLACEMENT_3D('',#4797,#4798,#4799);
#4797 = CARTESIAN_POINT('',(55.83,-86.875,-4.6E-02));
#4798 = DIRECTION('',(-1.,0.,0.));
#4799 = DIRECTION('',(0.,1.,0.));
#4800 = ADVANCED_FACE('',(#4801),#4812,.F.);
#4801 = FACE_BOUND('',#4802,.T.);
#4802 = EDGE_LOOP('',(#4803,#4804,#4810,#4811));
#4803 = ORIENTED_EDGE('',*,*,#1094,.T.);
#4804 = ORIENTED_EDGE('',*,*,#4805,.T.);
#4805 = EDGE_CURVE('',#1095,#2646,#4806,.T.);
#4806 = LINE('',#4807,#4808);
#4807 = CARTESIAN_POINT('',(53.926,-83.7612,-3.6E-02));
#4808 = VECTOR('',#4809,1.);
#4809 = DIRECTION('',(0.,0.,1.));
#4810 = ORIENTED_EDGE('',*,*,#2645,.F.);
#4811 = ORIENTED_EDGE('',*,*,#4805,.F.);
#4812 = CYLINDRICAL_SURFACE('',#4813,0.15);
#4813 = AXIS2_PLACEMENT_3D('',#4814,#4815,#4816);
#4814 = CARTESIAN_POINT('',(53.926,-83.6112,-3.6E-02));
#4815 = DIRECTION('',(-0.,-0.,-1.));
#4816 = DIRECTION('',(-0.,-1.,0.));
#4817 = ADVANCED_FACE('',(#4818),#4829,.F.);
#4818 = FACE_BOUND('',#4819,.T.);
#4819 = EDGE_LOOP('',(#4820,#4821,#4827,#4828));
#4820 = ORIENTED_EDGE('',*,*,#1105,.T.);
#4821 = ORIENTED_EDGE('',*,*,#4822,.T.);
#4822 = EDGE_CURVE('',#1106,#2657,#4823,.T.);
#4823 = LINE('',#4824,#4825);
#4824 = CARTESIAN_POINT('',(44.4327,-81.8572,-3.6E-02));
#4825 = VECTOR('',#4826,1.);
#4826 = DIRECTION('',(0.,0.,1.));
#4827 = ORIENTED_EDGE('',*,*,#2656,.F.);
#4828 = ORIENTED_EDGE('',*,*,#4822,.F.);
#4829 = CYLINDRICAL_SURFACE('',#4830,0.15);
#4830 = AXIS2_PLACEMENT_3D('',#4831,#4832,#4833);
#4831 = CARTESIAN_POINT('',(44.4327,-81.7072,-3.6E-02));
#4832 = DIRECTION('',(-0.,-0.,-1.));
#4833 = DIRECTION('',(-0.,-1.,0.));
#4834 = ADVANCED_FACE('',(#4835),#4846,.F.);
#4835 = FACE_BOUND('',#4836,.T.);
#4836 = EDGE_LOOP('',(#4837,#4838,#4844,#4845));
#4837 = ORIENTED_EDGE('',*,*,#1116,.T.);
#4838 = ORIENTED_EDGE('',*,*,#4839,.T.);
#4839 = EDGE_CURVE('',#1117,#2668,#4840,.T.);
#4840 = LINE('',#4841,#4842);
#4841 = CARTESIAN_POINT('',(47.9278,-81.8524,-3.6E-02));
#4842 = VECTOR('',#4843,1.);
#4843 = DIRECTION('',(0.,0.,1.));
#4844 = ORIENTED_EDGE('',*,*,#2667,.F.);
#4845 = ORIENTED_EDGE('',*,*,#4839,.F.);
#4846 = CYLINDRICAL_SURFACE('',#4847,0.15);
#4847 = AXIS2_PLACEMENT_3D('',#4848,#4849,#4850);
#4848 = CARTESIAN_POINT('',(47.9278,-81.7024,-3.6E-02));
#4849 = DIRECTION('',(-0.,-0.,-1.));
#4850 = DIRECTION('',(-4.736951571734E-14,-1.,0.));
#4851 = ADVANCED_FACE('',(#4852),#4863,.F.);
#4852 = FACE_BOUND('',#4853,.T.);
#4853 = EDGE_LOOP('',(#4854,#4855,#4861,#4862));
#4854 = ORIENTED_EDGE('',*,*,#1127,.T.);
#4855 = ORIENTED_EDGE('',*,*,#4856,.T.);
#4856 = EDGE_CURVE('',#1128,#2679,#4857,.T.);
#4857 = LINE('',#4858,#4859);
#4858 = CARTESIAN_POINT('',(48.9853,-81.3092,-3.6E-02));
#4859 = VECTOR('',#4860,1.);
#4860 = DIRECTION('',(0.,0.,1.));
#4861 = ORIENTED_EDGE('',*,*,#2678,.F.);
#4862 = ORIENTED_EDGE('',*,*,#4856,.F.);
#4863 = CYLINDRICAL_SURFACE('',#4864,0.15);
#4864 = AXIS2_PLACEMENT_3D('',#4865,#4866,#4867);
#4865 = CARTESIAN_POINT('',(48.9853,-81.1592,-3.6E-02));
#4866 = DIRECTION('',(-0.,0.,-1.));
#4867 = DIRECTION('',(4.736951571734E-14,-1.,-0.));
#4868 = ADVANCED_FACE('',(#4869),#4880,.F.);
#4869 = FACE_BOUND('',#4870,.T.);
#4870 = EDGE_LOOP('',(#4871,#4872,#4878,#4879));
#4871 = ORIENTED_EDGE('',*,*,#1138,.T.);
#4872 = ORIENTED_EDGE('',*,*,#4873,.T.);
#4873 = EDGE_CURVE('',#1139,#2690,#4874,.T.);
#4874 = LINE('',#4875,#4876);
#4875 = CARTESIAN_POINT('',(48.9853,-78.8093,-3.6E-02));
#4876 = VECTOR('',#4877,1.);
#4877 = DIRECTION('',(0.,0.,1.));
#4878 = ORIENTED_EDGE('',*,*,#2689,.F.);
#4879 = ORIENTED_EDGE('',*,*,#4873,.F.);
#4880 = CYLINDRICAL_SURFACE('',#4881,0.15);
#4881 = AXIS2_PLACEMENT_3D('',#4882,#4883,#4884);
#4882 = CARTESIAN_POINT('',(48.9853,-78.6593,-3.6E-02));
#4883 = DIRECTION('',(-0.,0.,-1.));
#4884 = DIRECTION('',(4.736951571734E-14,-1.,-0.));
#4885 = ADVANCED_FACE('',(#4886),#4897,.F.);
#4886 = FACE_BOUND('',#4887,.T.);
#4887 = EDGE_LOOP('',(#4888,#4889,#4895,#4896));
#4888 = ORIENTED_EDGE('',*,*,#1149,.T.);
#4889 = ORIENTED_EDGE('',*,*,#4890,.T.);
#4890 = EDGE_CURVE('',#1150,#2701,#4891,.T.);
#4891 = LINE('',#4892,#4893);
#4892 = CARTESIAN_POINT('',(51.,-82.15,-3.6E-02));
#4893 = VECTOR('',#4894,1.);
#4894 = DIRECTION('',(0.,0.,1.));
#4895 = ORIENTED_EDGE('',*,*,#2700,.F.);
#4896 = ORIENTED_EDGE('',*,*,#4890,.F.);
#4897 = CYLINDRICAL_SURFACE('',#4898,0.15);
#4898 = AXIS2_PLACEMENT_3D('',#4899,#4900,#4901);
#4899 = CARTESIAN_POINT('',(51.,-82.,-3.6E-02));
#4900 = DIRECTION('',(-0.,-0.,-1.));
#4901 = DIRECTION('',(-0.,-1.,0.));
#4902 = ADVANCED_FACE('',(#4903),#4914,.F.);
#4903 = FACE_BOUND('',#4904,.T.);
#4904 = EDGE_LOOP('',(#4905,#4906,#4912,#4913));
#4905 = ORIENTED_EDGE('',*,*,#1160,.T.);
#4906 = ORIENTED_EDGE('',*,*,#4907,.T.);
#4907 = EDGE_CURVE('',#1161,#2712,#4908,.T.);
#4908 = LINE('',#4909,#4910);
#4909 = CARTESIAN_POINT('',(36.9395,-63.2231,-3.6E-02));
#4910 = VECTOR('',#4911,1.);
#4911 = DIRECTION('',(0.,0.,1.));
#4912 = ORIENTED_EDGE('',*,*,#2711,.F.);
#4913 = ORIENTED_EDGE('',*,*,#4907,.F.);
#4914 = CYLINDRICAL_SURFACE('',#4915,0.15);
#4915 = AXIS2_PLACEMENT_3D('',#4916,#4917,#4918);
#4916 = CARTESIAN_POINT('',(36.9395,-63.0731,-3.6E-02));
#4917 = DIRECTION('',(-0.,0.,-1.));
#4918 = DIRECTION('',(4.736951571734E-14,-1.,-0.));
#4919 = ADVANCED_FACE('',(#4920),#4931,.F.);
#4920 = FACE_BOUND('',#4921,.T.);
#4921 = EDGE_LOOP('',(#4922,#4923,#4929,#4930));
#4922 = ORIENTED_EDGE('',*,*,#1171,.T.);
#4923 = ORIENTED_EDGE('',*,*,#4924,.T.);
#4924 = EDGE_CURVE('',#1172,#2723,#4925,.T.);
#4925 = LINE('',#4926,#4927);
#4926 = CARTESIAN_POINT('',(39.3455,-64.15,-3.6E-02));
#4927 = VECTOR('',#4928,1.);
#4928 = DIRECTION('',(0.,0.,1.));
#4929 = ORIENTED_EDGE('',*,*,#2722,.F.);
#4930 = ORIENTED_EDGE('',*,*,#4924,.F.);
#4931 = CYLINDRICAL_SURFACE('',#4932,0.15);
#4932 = AXIS2_PLACEMENT_3D('',#4933,#4934,#4935);
#4933 = CARTESIAN_POINT('',(39.3455,-64.,-3.6E-02));
#4934 = DIRECTION('',(-0.,-0.,-1.));
#4935 = DIRECTION('',(-0.,-1.,0.));
#4936 = ADVANCED_FACE('',(#4937),#4948,.F.);
#4937 = FACE_BOUND('',#4938,.T.);
#4938 = EDGE_LOOP('',(#4939,#4940,#4946,#4947));
#4939 = ORIENTED_EDGE('',*,*,#1182,.T.);
#4940 = ORIENTED_EDGE('',*,*,#4941,.T.);
#4941 = EDGE_CURVE('',#1183,#2734,#4942,.T.);
#4942 = LINE('',#4943,#4944);
#4943 = CARTESIAN_POINT('',(48.8377,-71.694,-3.6E-02));
#4944 = VECTOR('',#4945,1.);
#4945 = DIRECTION('',(0.,0.,1.));
#4946 = ORIENTED_EDGE('',*,*,#2733,.F.);
#4947 = ORIENTED_EDGE('',*,*,#4941,.F.);
#4948 = CYLINDRICAL_SURFACE('',#4949,0.15);
#4949 = AXIS2_PLACEMENT_3D('',#4950,#4951,#4952);
#4950 = CARTESIAN_POINT('',(48.8377,-71.544,-3.6E-02));
#4951 = DIRECTION('',(-0.,-0.,-1.));
#4952 = DIRECTION('',(-0.,-1.,0.));
#4953 = ADVANCED_FACE('',(#4954),#4965,.F.);
#4954 = FACE_BOUND('',#4955,.T.);
#4955 = EDGE_LOOP('',(#4956,#4957,#4963,#4964));
#4956 = ORIENTED_EDGE('',*,*,#1193,.T.);
#4957 = ORIENTED_EDGE('',*,*,#4958,.T.);
#4958 = EDGE_CURVE('',#1194,#2745,#4959,.T.);
#4959 = LINE('',#4960,#4961);
#4960 = CARTESIAN_POINT('',(48.1359,-67.9869,-3.6E-02));
#4961 = VECTOR('',#4962,1.);
#4962 = DIRECTION('',(0.,0.,1.));
#4963 = ORIENTED_EDGE('',*,*,#2744,.F.);
#4964 = ORIENTED_EDGE('',*,*,#4958,.F.);
#4965 = CYLINDRICAL_SURFACE('',#4966,0.15);
#4966 = AXIS2_PLACEMENT_3D('',#4967,#4968,#4969);
#4967 = CARTESIAN_POINT('',(48.1359,-67.8369,-3.6E-02));
#4968 = DIRECTION('',(-0.,-0.,-1.));
#4969 = DIRECTION('',(-0.,-1.,0.));
#4970 = ADVANCED_FACE('',(#4971),#4982,.F.);
#4971 = FACE_BOUND('',#4972,.T.);
#4972 = EDGE_LOOP('',(#4973,#4974,#4980,#4981));
#4973 = ORIENTED_EDGE('',*,*,#1204,.T.);
#4974 = ORIENTED_EDGE('',*,*,#4975,.T.);
#4975 = EDGE_CURVE('',#1205,#2756,#4976,.T.);
#4976 = LINE('',#4977,#4978);
#4977 = CARTESIAN_POINT('',(48.1359,-64.4474,-3.6E-02));
#4978 = VECTOR('',#4979,1.);
#4979 = DIRECTION('',(0.,0.,1.));
#4980 = ORIENTED_EDGE('',*,*,#2755,.F.);
#4981 = ORIENTED_EDGE('',*,*,#4975,.F.);
#4982 = CYLINDRICAL_SURFACE('',#4983,0.15);
#4983 = AXIS2_PLACEMENT_3D('',#4984,#4985,#4986);
#4984 = CARTESIAN_POINT('',(48.1359,-64.2974,-3.6E-02));
#4985 = DIRECTION('',(-0.,-0.,-1.));
#4986 = DIRECTION('',(-0.,-1.,0.));
#4987 = ADVANCED_FACE('',(#4988),#4999,.F.);
#4988 = FACE_BOUND('',#4989,.T.);
#4989 = EDGE_LOOP('',(#4990,#4991,#4997,#4998));
#4990 = ORIENTED_EDGE('',*,*,#1215,.T.);
#4991 = ORIENTED_EDGE('',*,*,#4992,.T.);
#4992 = EDGE_CURVE('',#1216,#2767,#4993,.T.);
#4993 = LINE('',#4994,#4995);
#4994 = CARTESIAN_POINT('',(48.3884,-61.51,-3.6E-02));
#4995 = VECTOR('',#4996,1.);
#4996 = DIRECTION('',(0.,0.,1.));
#4997 = ORIENTED_EDGE('',*,*,#2766,.F.);
#4998 = ORIENTED_EDGE('',*,*,#4992,.F.);
#4999 = CYLINDRICAL_SURFACE('',#5000,0.15);
#5000 = AXIS2_PLACEMENT_3D('',#5001,#5002,#5003);
#5001 = CARTESIAN_POINT('',(48.3884,-61.36,-3.6E-02));
#5002 = DIRECTION('',(-0.,-0.,-1.));
#5003 = DIRECTION('',(-4.736951571734E-14,-1.,0.));
#5004 = ADVANCED_FACE('',(#5005),#5016,.F.);
#5005 = FACE_BOUND('',#5006,.T.);
#5006 = EDGE_LOOP('',(#5007,#5008,#5014,#5015));
#5007 = ORIENTED_EDGE('',*,*,#1226,.T.);
#5008 = ORIENTED_EDGE('',*,*,#5009,.T.);
#5009 = EDGE_CURVE('',#1227,#2778,#5010,.T.);
#5010 = LINE('',#5011,#5012);
#5011 = CARTESIAN_POINT('',(14.0495,-53.8229,-3.6E-02));
#5012 = VECTOR('',#5013,1.);
#5013 = DIRECTION('',(0.,0.,1.));
#5014 = ORIENTED_EDGE('',*,*,#2777,.F.);
#5015 = ORIENTED_EDGE('',*,*,#5009,.F.);
#5016 = CYLINDRICAL_SURFACE('',#5017,0.15);
#5017 = AXIS2_PLACEMENT_3D('',#5018,#5019,#5020);
#5018 = CARTESIAN_POINT('',(14.0495,-53.6729,-3.6E-02));
#5019 = DIRECTION('',(-0.,-0.,-1.));
#5020 = DIRECTION('',(-0.,-1.,0.));
#5021 = ADVANCED_FACE('',(#5022),#5033,.F.);
#5022 = FACE_BOUND('',#5023,.T.);
#5023 = EDGE_LOOP('',(#5024,#5025,#5031,#5032));
#5024 = ORIENTED_EDGE('',*,*,#1237,.T.);
#5025 = ORIENTED_EDGE('',*,*,#5026,.T.);
#5026 = EDGE_CURVE('',#1238,#2789,#5027,.T.);
#5027 = LINE('',#5028,#5029);
#5028 = CARTESIAN_POINT('',(16.4318,-51.7874,-3.6E-02));
#5029 = VECTOR('',#5030,1.);
#5030 = DIRECTION('',(0.,0.,1.));
#5031 = ORIENTED_EDGE('',*,*,#2788,.F.);
#5032 = ORIENTED_EDGE('',*,*,#5026,.F.);
#5033 = CYLINDRICAL_SURFACE('',#5034,0.15);
#5034 = AXIS2_PLACEMENT_3D('',#5035,#5036,#5037);
#5035 = CARTESIAN_POINT('',(16.4318,-51.6374,-3.6E-02));
#5036 = DIRECTION('',(-0.,-0.,-1.));
#5037 = DIRECTION('',(-2.368475785867E-14,-1.,0.));
#5038 = ADVANCED_FACE('',(#5039),#5050,.F.);
#5039 = FACE_BOUND('',#5040,.T.);
#5040 = EDGE_LOOP('',(#5041,#5042,#5048,#5049));
#5041 = ORIENTED_EDGE('',*,*,#1248,.T.);
#5042 = ORIENTED_EDGE('',*,*,#5043,.T.);
#5043 = EDGE_CURVE('',#1249,#2800,#5044,.T.);
#5044 = LINE('',#5045,#5046);
#5045 = CARTESIAN_POINT('',(10.8348,-46.0223,-3.6E-02));
#5046 = VECTOR('',#5047,1.);
#5047 = DIRECTION('',(0.,0.,1.));
#5048 = ORIENTED_EDGE('',*,*,#2799,.F.);
#5049 = ORIENTED_EDGE('',*,*,#5043,.F.);
#5050 = CYLINDRICAL_SURFACE('',#5051,0.15);
#5051 = AXIS2_PLACEMENT_3D('',#5052,#5053,#5054);
#5052 = CARTESIAN_POINT('',(10.8348,-45.8723,-3.6E-02));
#5053 = DIRECTION('',(-0.,-0.,-1.));
#5054 = DIRECTION('',(-0.,-1.,0.));
#5055 = ADVANCED_FACE('',(#5056),#5067,.F.);
#5056 = FACE_BOUND('',#5057,.T.);
#5057 = EDGE_LOOP('',(#5058,#5059,#5065,#5066));
#5058 = ORIENTED_EDGE('',*,*,#1259,.T.);
#5059 = ORIENTED_EDGE('',*,*,#5060,.T.);
#5060 = EDGE_CURVE('',#1260,#2811,#5061,.T.);
#5061 = LINE('',#5062,#5063);
#5062 = CARTESIAN_POINT('',(38.1893,-54.4156,-3.6E-02));
#5063 = VECTOR('',#5064,1.);
#5064 = DIRECTION('',(0.,0.,1.));
#5065 = ORIENTED_EDGE('',*,*,#2810,.F.);
#5066 = ORIENTED_EDGE('',*,*,#5060,.F.);
#5067 = CYLINDRICAL_SURFACE('',#5068,0.15);
#5068 = AXIS2_PLACEMENT_3D('',#5069,#5070,#5071);
#5069 = CARTESIAN_POINT('',(38.1893,-54.2656,-3.6E-02));
#5070 = DIRECTION('',(-0.,-0.,-1.));
#5071 = DIRECTION('',(-0.,-1.,0.));
#5072 = ADVANCED_FACE('',(#5073),#5084,.F.);
#5073 = FACE_BOUND('',#5074,.T.);
#5074 = EDGE_LOOP('',(#5075,#5076,#5082,#5083));
#5075 = ORIENTED_EDGE('',*,*,#1270,.T.);
#5076 = ORIENTED_EDGE('',*,*,#5077,.T.);
#5077 = EDGE_CURVE('',#1271,#2822,#5078,.T.);
#5078 = LINE('',#5079,#5080);
#5079 = CARTESIAN_POINT('',(34.3262,-45.3138,-3.6E-02));
#5080 = VECTOR('',#5081,1.);
#5081 = DIRECTION('',(0.,0.,1.));
#5082 = ORIENTED_EDGE('',*,*,#2821,.F.);
#5083 = ORIENTED_EDGE('',*,*,#5077,.F.);
#5084 = CYLINDRICAL_SURFACE('',#5085,0.15);
#5085 = AXIS2_PLACEMENT_3D('',#5086,#5087,#5088);
#5086 = CARTESIAN_POINT('',(34.3262,-45.1638,-3.6E-02));
#5087 = DIRECTION('',(-0.,-0.,-1.));
#5088 = DIRECTION('',(-0.,-1.,0.));
#5089 = ADVANCED_FACE('',(#5090),#5101,.F.);
#5090 = FACE_BOUND('',#5091,.T.);
#5091 = EDGE_LOOP('',(#5092,#5093,#5099,#5100));
#5092 = ORIENTED_EDGE('',*,*,#1281,.T.);
#5093 = ORIENTED_EDGE('',*,*,#5094,.T.);
#5094 = EDGE_CURVE('',#1282,#2833,#5095,.T.);
#5095 = LINE('',#5096,#5097);
#5096 = CARTESIAN_POINT('',(33.4854,-39.7146,-3.6E-02));
#5097 = VECTOR('',#5098,1.);
#5098 = DIRECTION('',(0.,0.,1.));
#5099 = ORIENTED_EDGE('',*,*,#2832,.F.);
#5100 = ORIENTED_EDGE('',*,*,#5094,.F.);
#5101 = CYLINDRICAL_SURFACE('',#5102,0.15);
#5102 = AXIS2_PLACEMENT_3D('',#5103,#5104,#5105);
#5103 = CARTESIAN_POINT('',(33.4854,-39.5646,-3.6E-02));
#5104 = DIRECTION('',(-0.,-0.,-1.));
#5105 = DIRECTION('',(-0.,-1.,0.));
#5106 = ADVANCED_FACE('',(#5107),#5118,.F.);
#5107 = FACE_BOUND('',#5108,.T.);
#5108 = EDGE_LOOP('',(#5109,#5110,#5116,#5117));
#5109 = ORIENTED_EDGE('',*,*,#1292,.T.);
#5110 = ORIENTED_EDGE('',*,*,#5111,.T.);
#5111 = EDGE_CURVE('',#1293,#2844,#5112,.T.);
#5112 = LINE('',#5113,#5114);
#5113 = CARTESIAN_POINT('',(40.2125,-42.1377,-3.6E-02));
#5114 = VECTOR('',#5115,1.);
#5115 = DIRECTION('',(0.,0.,1.));
#5116 = ORIENTED_EDGE('',*,*,#2843,.F.);
#5117 = ORIENTED_EDGE('',*,*,#5111,.F.);
#5118 = CYLINDRICAL_SURFACE('',#5119,0.15);
#5119 = AXIS2_PLACEMENT_3D('',#5120,#5121,#5122);
#5120 = CARTESIAN_POINT('',(40.2125,-41.9877,-3.6E-02));
#5121 = DIRECTION('',(-0.,-0.,-1.));
#5122 = DIRECTION('',(-0.,-1.,0.));
#5123 = ADVANCED_FACE('',(#5124),#5135,.F.);
#5124 = FACE_BOUND('',#5125,.T.);
#5125 = EDGE_LOOP('',(#5126,#5127,#5133,#5134));
#5126 = ORIENTED_EDGE('',*,*,#1303,.T.);
#5127 = ORIENTED_EDGE('',*,*,#5128,.T.);
#5128 = EDGE_CURVE('',#1304,#2855,#5129,.T.);
#5129 = LINE('',#5130,#5131);
#5130 = CARTESIAN_POINT('',(48.7837,-51.85,-3.6E-02));
#5131 = VECTOR('',#5132,1.);
#5132 = DIRECTION('',(0.,0.,1.));
#5133 = ORIENTED_EDGE('',*,*,#2854,.F.);
#5134 = ORIENTED_EDGE('',*,*,#5128,.F.);
#5135 = CYLINDRICAL_SURFACE('',#5136,0.15);
#5136 = AXIS2_PLACEMENT_3D('',#5137,#5138,#5139);
#5137 = CARTESIAN_POINT('',(48.7837,-51.7,-3.6E-02));
#5138 = DIRECTION('',(-0.,0.,-1.));
#5139 = DIRECTION('',(4.736951571734E-14,-1.,-0.));
#5140 = ADVANCED_FACE('',(#5141),#5152,.F.);
#5141 = FACE_BOUND('',#5142,.T.);
#5142 = EDGE_LOOP('',(#5143,#5144,#5150,#5151));
#5143 = ORIENTED_EDGE('',*,*,#1314,.T.);
#5144 = ORIENTED_EDGE('',*,*,#5145,.T.);
#5145 = EDGE_CURVE('',#1315,#2866,#5146,.T.);
#5146 = LINE('',#5147,#5148);
#5147 = CARTESIAN_POINT('',(50.0967,-49.9408,-3.6E-02));
#5148 = VECTOR('',#5149,1.);
#5149 = DIRECTION('',(0.,0.,1.));
#5150 = ORIENTED_EDGE('',*,*,#2865,.F.);
#5151 = ORIENTED_EDGE('',*,*,#5145,.F.);
#5152 = CYLINDRICAL_SURFACE('',#5153,0.15);
#5153 = AXIS2_PLACEMENT_3D('',#5154,#5155,#5156);
#5154 = CARTESIAN_POINT('',(50.0967,-49.7908,-3.6E-02));
#5155 = DIRECTION('',(-0.,-0.,-1.));
#5156 = DIRECTION('',(-0.,-1.,0.));
#5157 = ADVANCED_FACE('',(#5158),#5169,.F.);
#5158 = FACE_BOUND('',#5159,.T.);
#5159 = EDGE_LOOP('',(#5160,#5161,#5167,#5168));
#5160 = ORIENTED_EDGE('',*,*,#1325,.T.);
#5161 = ORIENTED_EDGE('',*,*,#5162,.T.);
#5162 = EDGE_CURVE('',#1326,#2877,#5163,.T.);
#5163 = LINE('',#5164,#5165);
#5164 = CARTESIAN_POINT('',(51.3008,-47.9608,-3.6E-02));
#5165 = VECTOR('',#5166,1.);
#5166 = DIRECTION('',(0.,0.,1.));
#5167 = ORIENTED_EDGE('',*,*,#2876,.F.);
#5168 = ORIENTED_EDGE('',*,*,#5162,.F.);
#5169 = CYLINDRICAL_SURFACE('',#5170,0.15);
#5170 = AXIS2_PLACEMENT_3D('',#5171,#5172,#5173);
#5171 = CARTESIAN_POINT('',(51.3008,-47.8108,-3.6E-02));
#5172 = DIRECTION('',(-0.,0.,-1.));
#5173 = DIRECTION('',(4.736951571734E-14,-1.,-0.));
#5174 = ADVANCED_FACE('',(#5175),#5186,.F.);
#5175 = FACE_BOUND('',#5176,.T.);
#5176 = EDGE_LOOP('',(#5177,#5178,#5184,#5185));
#5177 = ORIENTED_EDGE('',*,*,#1336,.T.);
#5178 = ORIENTED_EDGE('',*,*,#5179,.T.);
#5179 = EDGE_CURVE('',#1337,#2888,#5180,.T.);
#5180 = LINE('',#5181,#5182);
#5181 = CARTESIAN_POINT('',(51.3328,-46.4406,-3.6E-02));
#5182 = VECTOR('',#5183,1.);
#5183 = DIRECTION('',(0.,0.,1.));
#5184 = ORIENTED_EDGE('',*,*,#2887,.F.);
#5185 = ORIENTED_EDGE('',*,*,#5179,.F.);
#5186 = CYLINDRICAL_SURFACE('',#5187,0.15);
#5187 = AXIS2_PLACEMENT_3D('',#5188,#5189,#5190);
#5188 = CARTESIAN_POINT('',(51.3328,-46.2906,-3.6E-02));
#5189 = DIRECTION('',(-0.,-0.,-1.));
#5190 = DIRECTION('',(-0.,-1.,0.));
#5191 = ADVANCED_FACE('',(#5192),#5203,.F.);
#5192 = FACE_BOUND('',#5193,.T.);
#5193 = EDGE_LOOP('',(#5194,#5195,#5201,#5202));
#5194 = ORIENTED_EDGE('',*,*,#1347,.T.);
#5195 = ORIENTED_EDGE('',*,*,#5196,.T.);
#5196 = EDGE_CURVE('',#1348,#2899,#5197,.T.);
#5197 = LINE('',#5198,#5199);
#5198 = CARTESIAN_POINT('',(54.8452,-49.9893,-3.6E-02));
#5199 = VECTOR('',#5200,1.);
#5200 = DIRECTION('',(0.,0.,1.));
#5201 = ORIENTED_EDGE('',*,*,#2898,.F.);
#5202 = ORIENTED_EDGE('',*,*,#5196,.F.);
#5203 = CYLINDRICAL_SURFACE('',#5204,0.15);
#5204 = AXIS2_PLACEMENT_3D('',#5205,#5206,#5207);
#5205 = CARTESIAN_POINT('',(54.8452,-49.8393,-3.6E-02));
#5206 = DIRECTION('',(-0.,-0.,-1.));
#5207 = DIRECTION('',(-0.,-1.,0.));
#5208 = ADVANCED_FACE('',(#5209),#5220,.F.);
#5209 = FACE_BOUND('',#5210,.T.);
#5210 = EDGE_LOOP('',(#5211,#5212,#5218,#5219));
#5211 = ORIENTED_EDGE('',*,*,#1358,.T.);
#5212 = ORIENTED_EDGE('',*,*,#5213,.T.);
#5213 = EDGE_CURVE('',#1359,#2910,#5214,.T.);
#5214 = LINE('',#5215,#5216);
#5215 = CARTESIAN_POINT('',(52.1372,-38.9893,-3.6E-02));
#5216 = VECTOR('',#5217,1.);
#5217 = DIRECTION('',(0.,0.,1.));
#5218 = ORIENTED_EDGE('',*,*,#2909,.F.);
#5219 = ORIENTED_EDGE('',*,*,#5213,.F.);
#5220 = CYLINDRICAL_SURFACE('',#5221,0.15);
#5221 = AXIS2_PLACEMENT_3D('',#5222,#5223,#5224);
#5222 = CARTESIAN_POINT('',(52.1372,-38.8393,-3.6E-02));
#5223 = DIRECTION('',(-0.,-0.,-1.));
#5224 = DIRECTION('',(-0.,-1.,0.));
#5225 = ADVANCED_FACE('',(#5226),#5237,.F.);
#5226 = FACE_BOUND('',#5227,.T.);
#5227 = EDGE_LOOP('',(#5228,#5229,#5235,#5236));
#5228 = ORIENTED_EDGE('',*,*,#1369,.T.);
#5229 = ORIENTED_EDGE('',*,*,#5230,.T.);
#5230 = EDGE_CURVE('',#1370,#2921,#5231,.T.);
#5231 = LINE('',#5232,#5233);
#5232 = CARTESIAN_POINT('',(54.1825,-41.193,-3.6E-02));
#5233 = VECTOR('',#5234,1.);
#5234 = DIRECTION('',(0.,0.,1.));
#5235 = ORIENTED_EDGE('',*,*,#2920,.F.);
#5236 = ORIENTED_EDGE('',*,*,#5230,.F.);
#5237 = CYLINDRICAL_SURFACE('',#5238,0.15);
#5238 = AXIS2_PLACEMENT_3D('',#5239,#5240,#5241);
#5239 = CARTESIAN_POINT('',(54.1825,-41.043,-3.6E-02));
#5240 = DIRECTION('',(-0.,-0.,-1.));
#5241 = DIRECTION('',(-4.736951571734E-14,-1.,0.));
#5242 = ADVANCED_FACE('',(#5243),#5254,.F.);
#5243 = FACE_BOUND('',#5244,.T.);
#5244 = EDGE_LOOP('',(#5245,#5246,#5252,#5253));
#5245 = ORIENTED_EDGE('',*,*,#1380,.T.);
#5246 = ORIENTED_EDGE('',*,*,#5247,.T.);
#5247 = EDGE_CURVE('',#1381,#2932,#5248,.T.);
#5248 = LINE('',#5249,#5250);
#5249 = CARTESIAN_POINT('',(32.662,-36.2577,-3.6E-02));
#5250 = VECTOR('',#5251,1.);
#5251 = DIRECTION('',(0.,0.,1.));
#5252 = ORIENTED_EDGE('',*,*,#2931,.F.);
#5253 = ORIENTED_EDGE('',*,*,#5247,.F.);
#5254 = CYLINDRICAL_SURFACE('',#5255,0.15);
#5255 = AXIS2_PLACEMENT_3D('',#5256,#5257,#5258);
#5256 = CARTESIAN_POINT('',(32.662,-36.1077,-3.6E-02));
#5257 = DIRECTION('',(-0.,-0.,-1.));
#5258 = DIRECTION('',(-0.,-1.,0.));
#5259 = ADVANCED_FACE('',(#5260),#5271,.F.);
#5260 = FACE_BOUND('',#5261,.T.);
#5261 = EDGE_LOOP('',(#5262,#5263,#5269,#5270));
#5262 = ORIENTED_EDGE('',*,*,#1391,.T.);
#5263 = ORIENTED_EDGE('',*,*,#5264,.T.);
#5264 = EDGE_CURVE('',#1392,#2943,#5265,.T.);
#5265 = LINE('',#5266,#5267);
#5266 = CARTESIAN_POINT('',(32.67,-35.4652,-3.6E-02));
#5267 = VECTOR('',#5268,1.);
#5268 = DIRECTION('',(0.,0.,1.));
#5269 = ORIENTED_EDGE('',*,*,#2942,.F.);
#5270 = ORIENTED_EDGE('',*,*,#5264,.F.);
#5271 = CYLINDRICAL_SURFACE('',#5272,0.15);
#5272 = AXIS2_PLACEMENT_3D('',#5273,#5274,#5275);
#5273 = CARTESIAN_POINT('',(32.67,-35.3152,-3.6E-02));
#5274 = DIRECTION('',(-0.,-0.,-1.));
#5275 = DIRECTION('',(-0.,-1.,0.));
#5276 = ADVANCED_FACE('',(#5277),#5288,.F.);
#5277 = FACE_BOUND('',#5278,.T.);
#5278 = EDGE_LOOP('',(#5279,#5280,#5286,#5287));
#5279 = ORIENTED_EDGE('',*,*,#1402,.T.);
#5280 = ORIENTED_EDGE('',*,*,#5281,.T.);
#5281 = EDGE_CURVE('',#1403,#2954,#5282,.T.);
#5282 = LINE('',#5283,#5284);
#5283 = CARTESIAN_POINT('',(32.6687,-32.3013,-3.6E-02));
#5284 = VECTOR('',#5285,1.);
#5285 = DIRECTION('',(0.,0.,1.));
#5286 = ORIENTED_EDGE('',*,*,#2953,.F.);
#5287 = ORIENTED_EDGE('',*,*,#5281,.F.);
#5288 = CYLINDRICAL_SURFACE('',#5289,0.15);
#5289 = AXIS2_PLACEMENT_3D('',#5290,#5291,#5292);
#5290 = CARTESIAN_POINT('',(32.6687,-32.1513,-3.6E-02));
#5291 = DIRECTION('',(-0.,-0.,-1.));
#5292 = DIRECTION('',(-0.,-1.,0.));
#5293 = ADVANCED_FACE('',(#5294),#5305,.F.);
#5294 = FACE_BOUND('',#5295,.T.);
#5295 = EDGE_LOOP('',(#5296,#5297,#5303,#5304));
#5296 = ORIENTED_EDGE('',*,*,#1413,.T.);
#5297 = ORIENTED_EDGE('',*,*,#5298,.T.);
#5298 = EDGE_CURVE('',#1414,#2965,#5299,.T.);
#5299 = LINE('',#5300,#5301);
#5300 = CARTESIAN_POINT('',(35.8586,-31.2325,-3.6E-02));
#5301 = VECTOR('',#5302,1.);
#5302 = DIRECTION('',(0.,0.,1.));
#5303 = ORIENTED_EDGE('',*,*,#2964,.F.);
#5304 = ORIENTED_EDGE('',*,*,#5298,.F.);
#5305 = CYLINDRICAL_SURFACE('',#5306,0.15);
#5306 = AXIS2_PLACEMENT_3D('',#5307,#5308,#5309);
#5307 = CARTESIAN_POINT('',(35.8586,-31.0825,-3.6E-02));
#5308 = DIRECTION('',(-0.,0.,-1.));
#5309 = DIRECTION('',(4.736951571734E-14,-1.,-0.));
#5310 = ADVANCED_FACE('',(#5311),#5322,.F.);
#5311 = FACE_BOUND('',#5312,.T.);
#5312 = EDGE_LOOP('',(#5313,#5314,#5320,#5321));
#5313 = ORIENTED_EDGE('',*,*,#1424,.T.);
#5314 = ORIENTED_EDGE('',*,*,#5315,.T.);
#5315 = EDGE_CURVE('',#1425,#2976,#5316,.T.);
#5316 = LINE('',#5317,#5318);
#5317 = CARTESIAN_POINT('',(41.4176,-36.6824,-3.6E-02));
#5318 = VECTOR('',#5319,1.);
#5319 = DIRECTION('',(0.,0.,1.));
#5320 = ORIENTED_EDGE('',*,*,#2975,.F.);
#5321 = ORIENTED_EDGE('',*,*,#5315,.F.);
#5322 = CYLINDRICAL_SURFACE('',#5323,0.15);
#5323 = AXIS2_PLACEMENT_3D('',#5324,#5325,#5326);
#5324 = CARTESIAN_POINT('',(41.4176,-36.5324,-3.6E-02));
#5325 = DIRECTION('',(-0.,-0.,-1.));
#5326 = DIRECTION('',(-0.,-1.,0.));
#5327 = ADVANCED_FACE('',(#5328),#5339,.F.);
#5328 = FACE_BOUND('',#5329,.T.);
#5329 = EDGE_LOOP('',(#5330,#5331,#5337,#5338));
#5330 = ORIENTED_EDGE('',*,*,#1435,.T.);
#5331 = ORIENTED_EDGE('',*,*,#5332,.T.);
#5332 = EDGE_CURVE('',#1436,#2987,#5333,.T.);
#5333 = LINE('',#5334,#5335);
#5334 = CARTESIAN_POINT('',(38.8167,-32.2,-3.6E-02));
#5335 = VECTOR('',#5336,1.);
#5336 = DIRECTION('',(0.,0.,1.));
#5337 = ORIENTED_EDGE('',*,*,#2986,.F.);
#5338 = ORIENTED_EDGE('',*,*,#5332,.F.);
#5339 = CYLINDRICAL_SURFACE('',#5340,0.15);
#5340 = AXIS2_PLACEMENT_3D('',#5341,#5342,#5343);
#5341 = CARTESIAN_POINT('',(38.8167,-32.05,-3.6E-02));
#5342 = DIRECTION('',(-0.,-0.,-1.));
#5343 = DIRECTION('',(-0.,-1.,0.));
#5344 = ADVANCED_FACE('',(#5345),#5356,.F.);
#5345 = FACE_BOUND('',#5346,.T.);
#5346 = EDGE_LOOP('',(#5347,#5348,#5354,#5355));
#5347 = ORIENTED_EDGE('',*,*,#1446,.T.);
#5348 = ORIENTED_EDGE('',*,*,#5349,.T.);
#5349 = EDGE_CURVE('',#1447,#2998,#5350,.T.);
#5350 = LINE('',#5351,#5352);
#5351 = CARTESIAN_POINT('',(34.8679,-22.3312,-3.6E-02));
#5352 = VECTOR('',#5353,1.);
#5353 = DIRECTION('',(0.,0.,1.));
#5354 = ORIENTED_EDGE('',*,*,#2997,.F.);
#5355 = ORIENTED_EDGE('',*,*,#5349,.F.);
#5356 = CYLINDRICAL_SURFACE('',#5357,0.15);
#5357 = AXIS2_PLACEMENT_3D('',#5358,#5359,#5360);
#5358 = CARTESIAN_POINT('',(34.8679,-22.1812,-3.6E-02));
#5359 = DIRECTION('',(-0.,-0.,-1.));
#5360 = DIRECTION('',(-0.,-1.,0.));
#5361 = ADVANCED_FACE('',(#5362),#5373,.F.);
#5362 = FACE_BOUND('',#5363,.T.);
#5363 = EDGE_LOOP('',(#5364,#5365,#5371,#5372));
#5364 = ORIENTED_EDGE('',*,*,#1457,.T.);
#5365 = ORIENTED_EDGE('',*,*,#5366,.T.);
#5366 = EDGE_CURVE('',#1458,#3009,#5367,.T.);
#5367 = LINE('',#5368,#5369);
#5368 = CARTESIAN_POINT('',(36.7825,-21.5003,-3.6E-02));
#5369 = VECTOR('',#5370,1.);
#5370 = DIRECTION('',(0.,0.,1.));
#5371 = ORIENTED_EDGE('',*,*,#3008,.F.);
#5372 = ORIENTED_EDGE('',*,*,#5366,.F.);
#5373 = CYLINDRICAL_SURFACE('',#5374,0.15);
#5374 = AXIS2_PLACEMENT_3D('',#5375,#5376,#5377);
#5375 = CARTESIAN_POINT('',(36.7825,-21.3503,-3.6E-02));
#5376 = DIRECTION('',(-0.,-0.,-1.));
#5377 = DIRECTION('',(-0.,-1.,0.));
#5378 = ADVANCED_FACE('',(#5379),#5390,.F.);
#5379 = FACE_BOUND('',#5380,.T.);
#5380 = EDGE_LOOP('',(#5381,#5382,#5388,#5389));
#5381 = ORIENTED_EDGE('',*,*,#1468,.T.);
#5382 = ORIENTED_EDGE('',*,*,#5383,.T.);
#5383 = EDGE_CURVE('',#1469,#3020,#5384,.T.);
#5384 = LINE('',#5385,#5386);
#5385 = CARTESIAN_POINT('',(38.2328,-23.8095,-3.6E-02));
#5386 = VECTOR('',#5387,1.);
#5387 = DIRECTION('',(0.,0.,1.));
#5388 = ORIENTED_EDGE('',*,*,#3019,.F.);
#5389 = ORIENTED_EDGE('',*,*,#5383,.F.);
#5390 = CYLINDRICAL_SURFACE('',#5391,0.15);
#5391 = AXIS2_PLACEMENT_3D('',#5392,#5393,#5394);
#5392 = CARTESIAN_POINT('',(38.2328,-23.6595,-3.6E-02));
#5393 = DIRECTION('',(-0.,-0.,-1.));
#5394 = DIRECTION('',(-0.,-1.,0.));
#5395 = ADVANCED_FACE('',(#5396),#5407,.F.);
#5396 = FACE_BOUND('',#5397,.T.);
#5397 = EDGE_LOOP('',(#5398,#5399,#5405,#5406));
#5398 = ORIENTED_EDGE('',*,*,#1479,.T.);
#5399 = ORIENTED_EDGE('',*,*,#5400,.T.);
#5400 = EDGE_CURVE('',#1480,#3031,#5401,.T.);
#5401 = LINE('',#5402,#5403);
#5402 = CARTESIAN_POINT('',(40.2055,-26.6213,-3.6E-02));
#5403 = VECTOR('',#5404,1.);
#5404 = DIRECTION('',(0.,0.,1.));
#5405 = ORIENTED_EDGE('',*,*,#3030,.F.);
#5406 = ORIENTED_EDGE('',*,*,#5400,.F.);
#5407 = CYLINDRICAL_SURFACE('',#5408,0.15);
#5408 = AXIS2_PLACEMENT_3D('',#5409,#5410,#5411);
#5409 = CARTESIAN_POINT('',(40.2055,-26.4713,-3.6E-02));
#5410 = DIRECTION('',(-0.,-0.,-1.));
#5411 = DIRECTION('',(-0.,-1.,0.));
#5412 = ADVANCED_FACE('',(#5413),#5424,.F.);
#5413 = FACE_BOUND('',#5414,.T.);
#5414 = EDGE_LOOP('',(#5415,#5416,#5422,#5423));
#5415 = ORIENTED_EDGE('',*,*,#1490,.T.);
#5416 = ORIENTED_EDGE('',*,*,#5417,.T.);
#5417 = EDGE_CURVE('',#1491,#3042,#5418,.T.);
#5418 = LINE('',#5419,#5420);
#5419 = CARTESIAN_POINT('',(41.,-26.6176,-3.6E-02));
#5420 = VECTOR('',#5421,1.);
#5421 = DIRECTION('',(0.,0.,1.));
#5422 = ORIENTED_EDGE('',*,*,#3041,.F.);
#5423 = ORIENTED_EDGE('',*,*,#5417,.F.);
#5424 = CYLINDRICAL_SURFACE('',#5425,0.15);
#5425 = AXIS2_PLACEMENT_3D('',#5426,#5427,#5428);
#5426 = CARTESIAN_POINT('',(41.,-26.4676,-3.6E-02));
#5427 = DIRECTION('',(-0.,-0.,-1.));
#5428 = DIRECTION('',(-0.,-1.,0.));
#5429 = ADVANCED_FACE('',(#5430),#5441,.F.);
#5430 = FACE_BOUND('',#5431,.T.);
#5431 = EDGE_LOOP('',(#5432,#5433,#5439,#5440));
#5432 = ORIENTED_EDGE('',*,*,#1501,.T.);
#5433 = ORIENTED_EDGE('',*,*,#5434,.T.);
#5434 = EDGE_CURVE('',#1502,#3053,#5435,.T.);
#5435 = LINE('',#5436,#5437);
#5436 = CARTESIAN_POINT('',(42.3996,-26.6021,-3.6E-02));
#5437 = VECTOR('',#5438,1.);
#5438 = DIRECTION('',(0.,0.,1.));
#5439 = ORIENTED_EDGE('',*,*,#3052,.F.);
#5440 = ORIENTED_EDGE('',*,*,#5434,.F.);
#5441 = CYLINDRICAL_SURFACE('',#5442,0.15);
#5442 = AXIS2_PLACEMENT_3D('',#5443,#5444,#5445);
#5443 = CARTESIAN_POINT('',(42.3996,-26.4521,-3.6E-02));
#5444 = DIRECTION('',(-0.,-0.,-1.));
#5445 = DIRECTION('',(-0.,-1.,0.));
#5446 = ADVANCED_FACE('',(#5447),#5458,.F.);
#5447 = FACE_BOUND('',#5448,.T.);
#5448 = EDGE_LOOP('',(#5449,#5450,#5456,#5457));
#5449 = ORIENTED_EDGE('',*,*,#1512,.T.);
#5450 = ORIENTED_EDGE('',*,*,#5451,.T.);
#5451 = EDGE_CURVE('',#1513,#3064,#5452,.T.);
#5452 = LINE('',#5453,#5454);
#5453 = CARTESIAN_POINT('',(37.5606,-21.5336,-3.6E-02));
#5454 = VECTOR('',#5455,1.);
#5455 = DIRECTION('',(0.,0.,1.));
#5456 = ORIENTED_EDGE('',*,*,#3063,.F.);
#5457 = ORIENTED_EDGE('',*,*,#5451,.F.);
#5458 = CYLINDRICAL_SURFACE('',#5459,0.15);
#5459 = AXIS2_PLACEMENT_3D('',#5460,#5461,#5462);
#5460 = CARTESIAN_POINT('',(37.5606,-21.3836,-3.6E-02));
#5461 = DIRECTION('',(-0.,-0.,-1.));
#5462 = DIRECTION('',(-0.,-1.,0.));
#5463 = ADVANCED_FACE('',(#5464),#5475,.F.);
#5464 = FACE_BOUND('',#5465,.T.);
#5465 = EDGE_LOOP('',(#5466,#5467,#5473,#5474));
#5466 = ORIENTED_EDGE('',*,*,#1523,.T.);
#5467 = ORIENTED_EDGE('',*,*,#5468,.T.);
#5468 = EDGE_CURVE('',#1524,#3075,#5469,.T.);
#5469 = LINE('',#5470,#5471);
#5470 = CARTESIAN_POINT('',(41.8419,-21.6158,-3.6E-02));
#5471 = VECTOR('',#5472,1.);
#5472 = DIRECTION('',(0.,0.,1.));
#5473 = ORIENTED_EDGE('',*,*,#3074,.F.);
#5474 = ORIENTED_EDGE('',*,*,#5468,.F.);
#5475 = CYLINDRICAL_SURFACE('',#5476,0.15);
#5476 = AXIS2_PLACEMENT_3D('',#5477,#5478,#5479);
#5477 = CARTESIAN_POINT('',(41.8419,-21.4658,-3.6E-02));
#5478 = DIRECTION('',(-0.,0.,-1.));
#5479 = DIRECTION('',(4.736951571734E-14,-1.,-0.));
#5480 = ADVANCED_FACE('',(#5481),#5492,.F.);
#5481 = FACE_BOUND('',#5482,.T.);
#5482 = EDGE_LOOP('',(#5483,#5484,#5490,#5491));
#5483 = ORIENTED_EDGE('',*,*,#1534,.T.);
#5484 = ORIENTED_EDGE('',*,*,#5485,.T.);
#5485 = EDGE_CURVE('',#1535,#3086,#5486,.T.);
#5486 = LINE('',#5487,#5488);
#5487 = CARTESIAN_POINT('',(44.,-31.2378,-3.6E-02));
#5488 = VECTOR('',#5489,1.);
#5489 = DIRECTION('',(0.,0.,1.));
#5490 = ORIENTED_EDGE('',*,*,#3085,.F.);
#5491 = ORIENTED_EDGE('',*,*,#5485,.F.);
#5492 = CYLINDRICAL_SURFACE('',#5493,0.15);
#5493 = AXIS2_PLACEMENT_3D('',#5494,#5495,#5496);
#5494 = CARTESIAN_POINT('',(44.,-31.0878,-3.6E-02));
#5495 = DIRECTION('',(-0.,-0.,-1.));
#5496 = DIRECTION('',(-0.,-1.,0.));
#5497 = ADVANCED_FACE('',(#5498),#5509,.F.);
#5498 = FACE_BOUND('',#5499,.T.);
#5499 = EDGE_LOOP('',(#5500,#5501,#5507,#5508));
#5500 = ORIENTED_EDGE('',*,*,#1545,.T.);
#5501 = ORIENTED_EDGE('',*,*,#5502,.T.);
#5502 = EDGE_CURVE('',#1546,#3097,#5503,.T.);
#5503 = LINE('',#5504,#5505);
#5504 = CARTESIAN_POINT('',(46.6424,-31.828,-3.6E-02));
#5505 = VECTOR('',#5506,1.);
#5506 = DIRECTION('',(0.,0.,1.));
#5507 = ORIENTED_EDGE('',*,*,#3096,.F.);
#5508 = ORIENTED_EDGE('',*,*,#5502,.F.);
#5509 = CYLINDRICAL_SURFACE('',#5510,0.15);
#5510 = AXIS2_PLACEMENT_3D('',#5511,#5512,#5513);
#5511 = CARTESIAN_POINT('',(46.6424,-31.678,-3.6E-02));
#5512 = DIRECTION('',(-0.,-0.,-1.));
#5513 = DIRECTION('',(-0.,-1.,0.));
#5514 = ADVANCED_FACE('',(#5515),#5526,.F.);
#5515 = FACE_BOUND('',#5516,.T.);
#5516 = EDGE_LOOP('',(#5517,#5518,#5524,#5525));
#5517 = ORIENTED_EDGE('',*,*,#1556,.T.);
#5518 = ORIENTED_EDGE('',*,*,#5519,.T.);
#5519 = EDGE_CURVE('',#1557,#3108,#5520,.T.);
#5520 = LINE('',#5521,#5522);
#5521 = CARTESIAN_POINT('',(52.1372,-30.7268,-3.6E-02));
#5522 = VECTOR('',#5523,1.);
#5523 = DIRECTION('',(0.,0.,1.));
#5524 = ORIENTED_EDGE('',*,*,#3107,.F.);
#5525 = ORIENTED_EDGE('',*,*,#5519,.F.);
#5526 = CYLINDRICAL_SURFACE('',#5527,0.15);
#5527 = AXIS2_PLACEMENT_3D('',#5528,#5529,#5530);
#5528 = CARTESIAN_POINT('',(52.1372,-30.5768,-3.6E-02));
#5529 = DIRECTION('',(-0.,-0.,-1.));
#5530 = DIRECTION('',(-0.,-1.,0.));
#5531 = ADVANCED_FACE('',(#5532),#5543,.F.);
#5532 = FACE_BOUND('',#5533,.T.);
#5533 = EDGE_LOOP('',(#5534,#5535,#5541,#5542));
#5534 = ORIENTED_EDGE('',*,*,#1567,.T.);
#5535 = ORIENTED_EDGE('',*,*,#5536,.T.);
#5536 = EDGE_CURVE('',#1568,#3119,#5537,.T.);
#5537 = LINE('',#5538,#5539);
#5538 = CARTESIAN_POINT('',(53.2557,-30.6153,-3.6E-02));
#5539 = VECTOR('',#5540,1.);
#5540 = DIRECTION('',(0.,0.,1.));
#5541 = ORIENTED_EDGE('',*,*,#3118,.F.);
#5542 = ORIENTED_EDGE('',*,*,#5536,.F.);
#5543 = CYLINDRICAL_SURFACE('',#5544,0.15);
#5544 = AXIS2_PLACEMENT_3D('',#5545,#5546,#5547);
#5545 = CARTESIAN_POINT('',(53.2557,-30.4653,-3.6E-02));
#5546 = DIRECTION('',(-0.,-0.,-1.));
#5547 = DIRECTION('',(-4.736951571734E-14,-1.,0.));
#5548 = ADVANCED_FACE('',(#5549),#5560,.F.);
#5549 = FACE_BOUND('',#5550,.T.);
#5550 = EDGE_LOOP('',(#5551,#5552,#5558,#5559));
#5551 = ORIENTED_EDGE('',*,*,#1578,.T.);
#5552 = ORIENTED_EDGE('',*,*,#5553,.T.);
#5553 = EDGE_CURVE('',#1579,#3130,#5554,.T.);
#5554 = LINE('',#5555,#5556);
#5555 = CARTESIAN_POINT('',(43.4,-26.6084,-3.6E-02));
#5556 = VECTOR('',#5557,1.);
#5557 = DIRECTION('',(0.,0.,1.));
#5558 = ORIENTED_EDGE('',*,*,#3129,.F.);
#5559 = ORIENTED_EDGE('',*,*,#5553,.F.);
#5560 = CYLINDRICAL_SURFACE('',#5561,0.15);
#5561 = AXIS2_PLACEMENT_3D('',#5562,#5563,#5564);
#5562 = CARTESIAN_POINT('',(43.4,-26.4584,-3.6E-02));
#5563 = DIRECTION('',(-0.,-0.,-1.));
#5564 = DIRECTION('',(-0.,-1.,0.));
#5565 = ADVANCED_FACE('',(#5566),#5577,.F.);
#5566 = FACE_BOUND('',#5567,.T.);
#5567 = EDGE_LOOP('',(#5568,#5569,#5575,#5576));
#5568 = ORIENTED_EDGE('',*,*,#1589,.T.);
#5569 = ORIENTED_EDGE('',*,*,#5570,.T.);
#5570 = EDGE_CURVE('',#1590,#3141,#5571,.T.);
#5571 = LINE('',#5572,#5573);
#5572 = CARTESIAN_POINT('',(45.0889,-27.5032,-3.6E-02));
#5573 = VECTOR('',#5574,1.);
#5574 = DIRECTION('',(0.,0.,1.));
#5575 = ORIENTED_EDGE('',*,*,#3140,.F.);
#5576 = ORIENTED_EDGE('',*,*,#5570,.F.);
#5577 = CYLINDRICAL_SURFACE('',#5578,0.15);
#5578 = AXIS2_PLACEMENT_3D('',#5579,#5580,#5581);
#5579 = CARTESIAN_POINT('',(45.0889,-27.3532,-3.6E-02));
#5580 = DIRECTION('',(-0.,0.,-1.));
#5581 = DIRECTION('',(4.736951571734E-14,-1.,-0.));
#5582 = ADVANCED_FACE('',(#5583),#5594,.F.);
#5583 = FACE_BOUND('',#5584,.T.);
#5584 = EDGE_LOOP('',(#5585,#5586,#5592,#5593));
#5585 = ORIENTED_EDGE('',*,*,#1600,.T.);
#5586 = ORIENTED_EDGE('',*,*,#5587,.T.);
#5587 = EDGE_CURVE('',#1601,#3152,#5588,.T.);
#5588 = LINE('',#5589,#5590);
#5589 = CARTESIAN_POINT('',(45.09,-26.7047,-3.6E-02));
#5590 = VECTOR('',#5591,1.);
#5591 = DIRECTION('',(0.,0.,1.));
#5592 = ORIENTED_EDGE('',*,*,#3151,.F.);
#5593 = ORIENTED_EDGE('',*,*,#5587,.F.);
#5594 = CYLINDRICAL_SURFACE('',#5595,0.15);
#5595 = AXIS2_PLACEMENT_3D('',#5596,#5597,#5598);
#5596 = CARTESIAN_POINT('',(45.09,-26.5547,-3.6E-02));
#5597 = DIRECTION('',(-0.,-0.,-1.));
#5598 = DIRECTION('',(-0.,-1.,0.));
#5599 = ADVANCED_FACE('',(#5600),#5611,.F.);
#5600 = FACE_BOUND('',#5601,.T.);
#5601 = EDGE_LOOP('',(#5602,#5603,#5609,#5610));
#5602 = ORIENTED_EDGE('',*,*,#1611,.T.);
#5603 = ORIENTED_EDGE('',*,*,#5604,.T.);
#5604 = EDGE_CURVE('',#1612,#3163,#5605,.T.);
#5605 = LINE('',#5606,#5607);
#5606 = CARTESIAN_POINT('',(46.8734,-24.5599,-3.6E-02));
#5607 = VECTOR('',#5608,1.);
#5608 = DIRECTION('',(0.,0.,1.));
#5609 = ORIENTED_EDGE('',*,*,#3162,.F.);
#5610 = ORIENTED_EDGE('',*,*,#5604,.F.);
#5611 = CYLINDRICAL_SURFACE('',#5612,0.15);
#5612 = AXIS2_PLACEMENT_3D('',#5613,#5614,#5615);
#5613 = CARTESIAN_POINT('',(46.8734,-24.4099,-3.6E-02));
#5614 = DIRECTION('',(-0.,-0.,-1.));
#5615 = DIRECTION('',(-4.736951571734E-14,-1.,0.));
#5616 = ADVANCED_FACE('',(#5617),#5628,.F.);
#5617 = FACE_BOUND('',#5618,.T.);
#5618 = EDGE_LOOP('',(#5619,#5620,#5626,#5627));
#5619 = ORIENTED_EDGE('',*,*,#1622,.T.);
#5620 = ORIENTED_EDGE('',*,*,#5621,.T.);
#5621 = EDGE_CURVE('',#1623,#3174,#5622,.T.);
#5622 = LINE('',#5623,#5624);
#5623 = CARTESIAN_POINT('',(48.1639,-22.2784,-3.6E-02));
#5624 = VECTOR('',#5625,1.);
#5625 = DIRECTION('',(0.,0.,1.));
#5626 = ORIENTED_EDGE('',*,*,#3173,.F.);
#5627 = ORIENTED_EDGE('',*,*,#5621,.F.);
#5628 = CYLINDRICAL_SURFACE('',#5629,0.15);
#5629 = AXIS2_PLACEMENT_3D('',#5630,#5631,#5632);
#5630 = CARTESIAN_POINT('',(48.1639,-22.1284,-3.6E-02));
#5631 = DIRECTION('',(-0.,-0.,-1.));
#5632 = DIRECTION('',(-0.,-1.,0.));
#5633 = ADVANCED_FACE('',(#5634),#5645,.F.);
#5634 = FACE_BOUND('',#5635,.T.);
#5635 = EDGE_LOOP('',(#5636,#5637,#5643,#5644));
#5636 = ORIENTED_EDGE('',*,*,#1633,.T.);
#5637 = ORIENTED_EDGE('',*,*,#5638,.T.);
#5638 = EDGE_CURVE('',#1634,#3185,#5639,.T.);
#5639 = LINE('',#5640,#5641);
#5640 = CARTESIAN_POINT('',(48.2298,-18.6498,-3.6E-02));
#5641 = VECTOR('',#5642,1.);
#5642 = DIRECTION('',(0.,0.,1.));
#5643 = ORIENTED_EDGE('',*,*,#3184,.F.);
#5644 = ORIENTED_EDGE('',*,*,#5638,.F.);
#5645 = CYLINDRICAL_SURFACE('',#5646,0.15);
#5646 = AXIS2_PLACEMENT_3D('',#5647,#5648,#5649);
#5647 = CARTESIAN_POINT('',(48.2298,-18.4998,-3.6E-02));
#5648 = DIRECTION('',(-0.,-0.,-1.));
#5649 = DIRECTION('',(-0.,-1.,0.));
#5650 = ADVANCED_FACE('',(#5651),#5662,.F.);
#5651 = FACE_BOUND('',#5652,.T.);
#5652 = EDGE_LOOP('',(#5653,#5654,#5660,#5661));
#5653 = ORIENTED_EDGE('',*,*,#1644,.T.);
#5654 = ORIENTED_EDGE('',*,*,#5655,.T.);
#5655 = EDGE_CURVE('',#1645,#3196,#5656,.T.);
#5656 = LINE('',#5657,#5658);
#5657 = CARTESIAN_POINT('',(49.8,-26.6146,-3.6E-02));
#5658 = VECTOR('',#5659,1.);
#5659 = DIRECTION('',(0.,0.,1.));
#5660 = ORIENTED_EDGE('',*,*,#3195,.F.);
#5661 = ORIENTED_EDGE('',*,*,#5655,.F.);
#5662 = CYLINDRICAL_SURFACE('',#5663,0.15);
#5663 = AXIS2_PLACEMENT_3D('',#5664,#5665,#5666);
#5664 = CARTESIAN_POINT('',(49.8,-26.4646,-3.6E-02));
#5665 = DIRECTION('',(-0.,-0.,-1.));
#5666 = DIRECTION('',(-0.,-1.,0.));
#5667 = ADVANCED_FACE('',(#5668),#5679,.F.);
#5668 = FACE_BOUND('',#5669,.T.);
#5669 = EDGE_LOOP('',(#5670,#5671,#5677,#5678));
#5670 = ORIENTED_EDGE('',*,*,#1655,.T.);
#5671 = ORIENTED_EDGE('',*,*,#5672,.T.);
#5672 = EDGE_CURVE('',#1656,#3207,#5673,.T.);
#5673 = LINE('',#5674,#5675);
#5674 = CARTESIAN_POINT('',(53.1064,-27.039,-3.6E-02));
#5675 = VECTOR('',#5676,1.);
#5676 = DIRECTION('',(0.,0.,1.));
#5677 = ORIENTED_EDGE('',*,*,#3206,.F.);
#5678 = ORIENTED_EDGE('',*,*,#5672,.F.);
#5679 = CYLINDRICAL_SURFACE('',#5680,0.15);
#5680 = AXIS2_PLACEMENT_3D('',#5681,#5682,#5683);
#5681 = CARTESIAN_POINT('',(53.1064,-26.889,-3.6E-02));
#5682 = DIRECTION('',(-0.,-0.,-1.));
#5683 = DIRECTION('',(-0.,-1.,0.));
#5684 = ADVANCED_FACE('',(#5685),#5696,.F.);
#5685 = FACE_BOUND('',#5686,.T.);
#5686 = EDGE_LOOP('',(#5687,#5688,#5694,#5695));
#5687 = ORIENTED_EDGE('',*,*,#1666,.T.);
#5688 = ORIENTED_EDGE('',*,*,#5689,.T.);
#5689 = EDGE_CURVE('',#1667,#3218,#5690,.T.);
#5690 = LINE('',#5691,#5692);
#5691 = CARTESIAN_POINT('',(51.996,-21.3522,-3.6E-02));
#5692 = VECTOR('',#5693,1.);
#5693 = DIRECTION('',(0.,0.,1.));
#5694 = ORIENTED_EDGE('',*,*,#3217,.F.);
#5695 = ORIENTED_EDGE('',*,*,#5689,.F.);
#5696 = CYLINDRICAL_SURFACE('',#5697,0.15);
#5697 = AXIS2_PLACEMENT_3D('',#5698,#5699,#5700);
#5698 = CARTESIAN_POINT('',(51.996,-21.2022,-3.6E-02));
#5699 = DIRECTION('',(-0.,0.,-1.));
#5700 = DIRECTION('',(4.736951571734E-14,-1.,-0.));
#5701 = ADVANCED_FACE('',(#5702),#5713,.F.);
#5702 = FACE_BOUND('',#5703,.T.);
#5703 = EDGE_LOOP('',(#5704,#5705,#5711,#5712));
#5704 = ORIENTED_EDGE('',*,*,#1677,.T.);
#5705 = ORIENTED_EDGE('',*,*,#5706,.T.);
#5706 = EDGE_CURVE('',#1678,#3229,#5707,.T.);
#5707 = LINE('',#5708,#5709);
#5708 = CARTESIAN_POINT('',(50.0463,-20.7373,-3.6E-02));
#5709 = VECTOR('',#5710,1.);
#5710 = DIRECTION('',(0.,0.,1.));
#5711 = ORIENTED_EDGE('',*,*,#3228,.F.);
#5712 = ORIENTED_EDGE('',*,*,#5706,.F.);
#5713 = CYLINDRICAL_SURFACE('',#5714,0.15);
#5714 = AXIS2_PLACEMENT_3D('',#5715,#5716,#5717);
#5715 = CARTESIAN_POINT('',(50.0463,-20.5873,-3.6E-02));
#5716 = DIRECTION('',(-0.,-0.,-1.));
#5717 = DIRECTION('',(-0.,-1.,0.));
#5718 = ( GEOMETRIC_REPRESENTATION_CONTEXT(3) 
GLOBAL_UNCERTAINTY_ASSIGNED_CONTEXT((#5722)) 
GLOBAL_UNIT_ASSIGNED_CONTEXT((#5719,#5720,#5721)) REPRESENTATION_CONTEXT
('Context #1','3D Context with UNIT and UNCERTAINTY') );
#5719 = ( LENGTH_UNIT() NAMED_UNIT(*) SI_UNIT(.MILLI.,.METRE.) );
#5720 = ( NAMED_UNIT(*) PLANE_ANGLE_UNIT() SI_UNIT($,.RADIAN.) );
#5721 = ( NAMED_UNIT(*) SI_UNIT($,.STERADIAN.) SOLID_ANGLE_UNIT() );
#5722 = UNCERTAINTY_MEASURE_WITH_UNIT(LENGTH_MEASURE(1.E-07),#5719,
  'distance_accuracy_value','confusion accuracy');
#5723 = CONTEXT_DEPENDENT_SHAPE_REPRESENTATION(#5724,#5726);
#5724 = ( REPRESENTATION_RELATIONSHIP('','',#32,#10) 
REPRESENTATION_RELATIONSHIP_WITH_TRANSFORMATION(#5725) 
SHAPE_REPRESENTATION_RELATIONSHIP() );
#5725 = ITEM_DEFINED_TRANSFORMATION('','',#11,#15);
#5726 = PRODUCT_DEFINITION_SHAPE('Placement','Placement of an item',
  #5727);
#5727 = NEXT_ASSEMBLY_USAGE_OCCURRENCE('1','=>[0:1:1:2]','',#5,#27,$);
#5728 = PRODUCT_RELATED_PRODUCT_CATEGORY('part',$,(#29));
#5729 = MECHANICAL_DESIGN_GEOMETRIC_PRESENTATION_REPRESENTATION('',(
    #5730),#5718);
#5730 = STYLED_ITEM('color',(#5731),#33);
#5731 = PRESENTATION_STYLE_ASSIGNMENT((#5732));
#5732 = SURFACE_STYLE_USAGE(.BOTH.,#5733);
#5733 = SURFACE_SIDE_STYLE('',(#5734));
#5734 = SURFACE_STYLE_FILL_AREA(#5735);
#5735 = FILL_AREA_STYLE('',(#5736));
#5736 = FILL_AREA_STYLE_COLOUR('',#5737);
#5737 = COLOUR_RGB('',0.313304153717,0.484529207832,0.410020903123);
ENDSEC;
END-ISO-10303-21;
