ISO-10303-21;
HEADER;
FILE_DESCRIPTION(('Open CASCADE Model'),'2;1');
FILE_NAME('Open CASCADE Shape Model','2026-09-30T07:57:40',('Author'),(
    'Open CASCADE'),'Open CASCADE STEP processor 7.8','Open CASCADE 7.8'
  ,'Unknown');
FILE_SCHEMA(('AUTOMOTIVE_DESIGN { 1 0 10303 214 1 1 1 1 }'));
ENDSEC;
DATA;
#1 = APPLICATION_PROTOCOL_DEFINITION('international standard',
  'automotive_design',2000,#2);
#2 = APPLICATION_CONTEXT(
  'core data for automotive mechanical design processes');
#3 = SHAPE_DEFINITION_REPRESENTATION(#4,#10);
#4 = PRODUCT_DEFINITION_SHAPE('','',#5);
#5 = PRODUCT_DEFINITION('design','',#6,#9);
#6 = PRODUCT_DEFINITION_FORMATION('','',#7);
#7 = PRODUCT('Open CASCADE STEP translator 7.8 5',
  'Open CASCADE STEP translator 7.8 5','',(#8));
#8 = PRODUCT_CONTEXT('',#2,'mechanical');
#9 = PRODUCT_DEFINITION_CONTEXT('part definition',#2,'design');
#10 = ADVANCED_BREP_SHAPE_REPRESENTATION('',(#11,#15),#13437);
#11 = AXIS2_PLACEMENT_3D('',#12,#13,#14);
#12 = CARTESIAN_POINT('',(0.,0.,0.));
#13 = DIRECTION('',(0.,0.,1.));
#14 = DIRECTION('',(1.,0.,-0.));
#15 = MANIFOLD_SOLID_BREP('',#16);
#16 = CLOSED_SHELL('',(#17,#147,#223,#299,#5267,#9515,#9542,#9569,#9596,
    #9623,#9650,#9677,#9704,#9731,#9738,#9765,#9792,#9819,#9846,#9873,
    #9900,#9927,#9954,#9981,#10008,#10055,#10082,#10109,#10116,#10143,
    #10170,#10197,#10224,#10251,#10278,#10305,#10332,#10359,#10386,
    #10413,#10440,#10467,#10494,#10521,#10548,#10575,#10602,#10629,
    #10656,#10683,#10710,#10737,#10764,#10791,#10818,#10845,#10872,
    #10899,#10926,#10953,#10980,#11007,#11034,#11061,#11088,#11115,
    #11142,#11169,#11196,#11223,#11250,#11277,#11304,#11331,#11358,
    #11385,#11432,#11459,#11486,#11493,#11540,#11567,#11594,#11601,
    #11628,#11655,#11682,#11729,#11756,#11783,#11790,#11817,#11844,
    #11871,#11918,#11945,#11972,#11979,#12006,#12033,#12060,#12087,
    #12114,#12141,#12168,#12195,#12222,#12249,#12276,#12303,#12330,
    #12357,#12384,#12411,#12438,#12465,#12492,#12519,#12546,#12573,
    #12600,#12627,#12654,#12681,#12708,#12735,#12762,#12789,#12816,
    #12843,#12870,#12897,#12924,#12951,#12978,#13005,#13032,#13059,
    #13086,#13113,#13140,#13167,#13194,#13221,#13248,#13275,#13302,
    #13329,#13356,#13383,#13410));
#17 = ADVANCED_FACE('',(#18),#32,.T.);
#18 = FACE_BOUND('',#19,.T.);
#19 = EDGE_LOOP('',(#20,#55,#88,#116));
#20 = ORIENTED_EDGE('',*,*,#21,.T.);
#21 = EDGE_CURVE('',#22,#24,#26,.T.);
#22 = VERTEX_POINT('',#23);
#23 = CARTESIAN_POINT('',(56.,8.881784197001E-16,4.5E-02));
#24 = VERTEX_POINT('',#25);
#25 = CARTESIAN_POINT('',(56.,8.881784197001E-16,0.755));
#26 = SURFACE_CURVE('',#27,(#31,#43),.PCURVE_S1.);
#27 = LINE('',#28,#29);
#28 = CARTESIAN_POINT('',(56.,8.881784197001E-16,4.5E-02));
#29 = VECTOR('',#30,1.);
#30 = DIRECTION('',(0.,0.,1.));
#31 = PCURVE('',#32,#37);
#32 = CYLINDRICAL_SURFACE('',#33,2.000000212955);
#33 = AXIS2_PLACEMENT_3D('',#34,#35,#36);
#34 = CARTESIAN_POINT('',(55.999999787045,-2.000000212955,4.5E-02));
#35 = DIRECTION('',(0.,0.,-1.));
#36 = DIRECTION('',(1.064773897809E-07,1.,0.));
#37 = DEFINITIONAL_REPRESENTATION('',(#38),#42);
#38 = LINE('',#39,#40);
#39 = CARTESIAN_POINT('',(0.,0.));
#40 = VECTOR('',#41,1.);
#41 = DIRECTION('',(0.,-1.));
#42 = ( GEOMETRIC_REPRESENTATION_CONTEXT(2) 
PARAMETRIC_REPRESENTATION_CONTEXT() REPRESENTATION_CONTEXT('2D SPACE',''
  ) );
#43 = PCURVE('',#44,#49);
#44 = PLANE('',#45);
#45 = AXIS2_PLACEMENT_3D('',#46,#47,#48);
#46 = CARTESIAN_POINT('',(2.,0.,4.5E-02));
#47 = DIRECTION('',(0.,1.,0.));
#48 = DIRECTION('',(1.,0.,0.));
#49 = DEFINITIONAL_REPRESENTATION('',(#50),#54);
#50 = LINE('',#51,#52);
#51 = CARTESIAN_POINT('',(54.,0.));
#52 = VECTOR('',#53,1.);
#53 = DIRECTION('',(0.,-1.));
#54 = ( GEOMETRIC_REPRESENTATION_CONTEXT(2) 
PARAMETRIC_REPRESENTATION_CONTEXT() REPRESENTATION_CONTEXT('2D SPACE',''
  ) );
#55 = ORIENTED_EDGE('',*,*,#56,.T.);
#56 = EDGE_CURVE('',#24,#57,#59,.T.);
#57 = VERTEX_POINT('',#58);
#58 = CARTESIAN_POINT('',(58.,-2.,0.755));
#59 = SURFACE_CURVE('',#60,(#65,#72),.PCURVE_S1.);
#60 = CIRCLE('',#61,2.000000212955);
#61 = AXIS2_PLACEMENT_3D('',#62,#63,#64);
#62 = CARTESIAN_POINT('',(55.999999787045,-2.000000212955,0.755));
#63 = DIRECTION('',(0.,0.,-1.));
#64 = DIRECTION('',(1.064773897809E-07,1.,0.));
#65 = PCURVE('',#32,#66);
#66 = DEFINITIONAL_REPRESENTATION('',(#67),#71);
#67 = LINE('',#68,#69);
#68 = CARTESIAN_POINT('',(0.,-0.71));
#69 = VECTOR('',#70,1.);
#70 = DIRECTION('',(1.,0.));
#71 = ( GEOMETRIC_REPRESENTATION_CONTEXT(2) 
PARAMETRIC_REPRESENTATION_CONTEXT() REPRESENTATION_CONTEXT('2D SPACE',''
  ) );
#72 = PCURVE('',#73,#78);
#73 = PLANE('',#74);
#74 = AXIS2_PLACEMENT_3D('',#75,#76,#77);
#75 = CARTESIAN_POINT('',(0.,0.,0.755));
#76 = DIRECTION('',(0.,0.,1.));
#77 = DIRECTION('',(1.,0.,0.));
#78 = DEFINITIONAL_REPRESENTATION('',(#79),#87);
#79 = ( BOUNDED_CURVE() B_SPLINE_CURVE(2,(#80,#81,#82,#83,#84,#85,#86),
.UNSPECIFIED.,.T.,.F.) B_SPLINE_CURVE_WITH_KNOTS((1,2,2,2,2,1),(
    -2.094395102393,0.,2.094395102393,4.188790204786,6.28318530718,
8.377580409573),.UNSPECIFIED.) CURVE() GEOMETRIC_REPRESENTATION_ITEM() 
RATIONAL_B_SPLINE_CURVE((1.,0.5,1.,0.5,1.,0.5,1.)) REPRESENTATION_ITEM(
  '') );
#80 = CARTESIAN_POINT('',(56.,-1.110223024625E-14));
#81 = CARTESIAN_POINT('',(59.464101983986,-3.68848548371E-07));
#82 = CARTESIAN_POINT('',(57.732050672561,-3.000000503857));
#83 = CARTESIAN_POINT('',(55.999999361135,-6.000000638865));
#84 = CARTESIAN_POINT('',(54.267948688574,-3.000000135008));
#85 = CARTESIAN_POINT('',(52.535898016013,3.688485228359E-07));
#86 = CARTESIAN_POINT('',(56.,-1.110223024625E-14));
#87 = ( GEOMETRIC_REPRESENTATION_CONTEXT(2) 
PARAMETRIC_REPRESENTATION_CONTEXT() REPRESENTATION_CONTEXT('2D SPACE',''
  ) );
#88 = ORIENTED_EDGE('',*,*,#89,.F.);
#89 = EDGE_CURVE('',#90,#57,#92,.T.);
#90 = VERTEX_POINT('',#91);
#91 = CARTESIAN_POINT('',(58.,-2.,4.5E-02));
#92 = SURFACE_CURVE('',#93,(#97,#104),.PCURVE_S1.);
#93 = LINE('',#94,#95);
#94 = CARTESIAN_POINT('',(58.,-2.,4.5E-02));
#95 = VECTOR('',#96,1.);
#96 = DIRECTION('',(0.,0.,1.));
#97 = PCURVE('',#32,#98);
#98 = DEFINITIONAL_REPRESENTATION('',(#99),#103);
#99 = LINE('',#100,#101);
#100 = CARTESIAN_POINT('',(1.57079611384,0.));
#101 = VECTOR('',#102,1.);
#102 = DIRECTION('',(0.,-1.));
#103 = ( GEOMETRIC_REPRESENTATION_CONTEXT(2) 
PARAMETRIC_REPRESENTATION_CONTEXT() REPRESENTATION_CONTEXT('2D SPACE',''
  ) );
#104 = PCURVE('',#105,#110);
#105 = PLANE('',#106);
#106 = AXIS2_PLACEMENT_3D('',#107,#108,#109);
#107 = CARTESIAN_POINT('',(58.,-2.,4.5E-02));
#108 = DIRECTION('',(1.,0.,0.));
#109 = DIRECTION('',(0.,-1.,0.));
#110 = DEFINITIONAL_REPRESENTATION('',(#111),#115);
#111 = LINE('',#112,#113);
#112 = CARTESIAN_POINT('',(0.,0.));
#113 = VECTOR('',#114,1.);
#114 = DIRECTION('',(0.,-1.));
#115 = ( GEOMETRIC_REPRESENTATION_CONTEXT(2) 
PARAMETRIC_REPRESENTATION_CONTEXT() REPRESENTATION_CONTEXT('2D SPACE',''
  ) );
#116 = ORIENTED_EDGE('',*,*,#117,.F.);
#117 = EDGE_CURVE('',#22,#90,#118,.T.);
#118 = SURFACE_CURVE('',#119,(#124,#131),.PCURVE_S1.);
#119 = CIRCLE('',#120,2.000000212955);
#120 = AXIS2_PLACEMENT_3D('',#121,#122,#123);
#121 = CARTESIAN_POINT('',(55.999999787045,-2.000000212955,4.5E-02));
#122 = DIRECTION('',(0.,0.,-1.));
#123 = DIRECTION('',(1.064773897809E-07,1.,0.));
#124 = PCURVE('',#32,#125);
#125 = DEFINITIONAL_REPRESENTATION('',(#126),#130);
#126 = LINE('',#127,#128);
#127 = CARTESIAN_POINT('',(0.,0.));
#128 = VECTOR('',#129,1.);
#129 = DIRECTION('',(1.,0.));
#130 = ( GEOMETRIC_REPRESENTATION_CONTEXT(2) 
PARAMETRIC_REPRESENTATION_CONTEXT() REPRESENTATION_CONTEXT('2D SPACE',''
  ) );
#131 = PCURVE('',#132,#137);
#132 = PLANE('',#133);
#133 = AXIS2_PLACEMENT_3D('',#134,#135,#136);
#134 = CARTESIAN_POINT('',(0.,0.,4.5E-02));
#135 = DIRECTION('',(0.,0.,1.));
#136 = DIRECTION('',(1.,0.,0.));
#137 = DEFINITIONAL_REPRESENTATION('',(#138),#146);
#138 = ( BOUNDED_CURVE() B_SPLINE_CURVE(2,(#139,#140,#141,#142,#143,#144
,#145),.UNSPECIFIED.,.T.,.F.) B_SPLINE_CURVE_WITH_KNOTS((1,2,2,2,2,1),(
    -2.094395102393,0.,2.094395102393,4.188790204786,6.28318530718,
8.377580409573),.UNSPECIFIED.) CURVE() GEOMETRIC_REPRESENTATION_ITEM() 
RATIONAL_B_SPLINE_CURVE((1.,0.5,1.,0.5,1.,0.5,1.)) REPRESENTATION_ITEM(
  '') );
#139 = CARTESIAN_POINT('',(56.,-1.110223024625E-14));
#140 = CARTESIAN_POINT('',(59.464101983986,-3.68848548371E-07));
#141 = CARTESIAN_POINT('',(57.732050672561,-3.000000503857));
#142 = CARTESIAN_POINT('',(55.999999361135,-6.000000638865));
#143 = CARTESIAN_POINT('',(54.267948688574,-3.000000135008));
#144 = CARTESIAN_POINT('',(52.535898016013,3.688485228359E-07));
#145 = CARTESIAN_POINT('',(56.,-1.110223024625E-14));
#146 = ( GEOMETRIC_REPRESENTATION_CONTEXT(2) 
PARAMETRIC_REPRESENTATION_CONTEXT() REPRESENTATION_CONTEXT('2D SPACE',''
  ) );
#147 = ADVANCED_FACE('',(#148),#44,.T.);
#148 = FACE_BOUND('',#149,.T.);
#149 = EDGE_LOOP('',(#150,#180,#201,#202));
#150 = ORIENTED_EDGE('',*,*,#151,.T.);
#151 = EDGE_CURVE('',#152,#154,#156,.T.);
#152 = VERTEX_POINT('',#153);
#153 = CARTESIAN_POINT('',(2.,0.,4.5E-02));
#154 = VERTEX_POINT('',#155);
#155 = CARTESIAN_POINT('',(2.,0.,0.755));
#156 = SURFACE_CURVE('',#157,(#161,#168),.PCURVE_S1.);
#157 = LINE('',#158,#159);
#158 = CARTESIAN_POINT('',(2.,0.,4.5E-02));
#159 = VECTOR('',#160,1.);
#160 = DIRECTION('',(0.,0.,1.));
#161 = PCURVE('',#44,#162);
#162 = DEFINITIONAL_REPRESENTATION('',(#163),#167);
#163 = LINE('',#164,#165);
#164 = CARTESIAN_POINT('',(0.,0.));
#165 = VECTOR('',#166,1.);
#166 = DIRECTION('',(0.,-1.));
#167 = ( GEOMETRIC_REPRESENTATION_CONTEXT(2) 
PARAMETRIC_REPRESENTATION_CONTEXT() REPRESENTATION_CONTEXT('2D SPACE',''
  ) );
#168 = PCURVE('',#169,#174);
#169 = CYLINDRICAL_SURFACE('',#170,1.99999850585);
#170 = AXIS2_PLACEMENT_3D('',#171,#172,#173);
#171 = CARTESIAN_POINT('',(1.99999850585,-1.99999850585,4.5E-02));
#172 = DIRECTION('',(0.,0.,-1.));
#173 = DIRECTION('',(-1.,-7.47075741171E-07,-0.));
#174 = DEFINITIONAL_REPRESENTATION('',(#175),#179);
#175 = LINE('',#176,#177);
#176 = CARTESIAN_POINT('',(1.570797820946,0.));
#177 = VECTOR('',#178,1.);
#178 = DIRECTION('',(0.,-1.));
#179 = ( GEOMETRIC_REPRESENTATION_CONTEXT(2) 
PARAMETRIC_REPRESENTATION_CONTEXT() REPRESENTATION_CONTEXT('2D SPACE',''
  ) );
#180 = ORIENTED_EDGE('',*,*,#181,.T.);
#181 = EDGE_CURVE('',#154,#24,#182,.T.);
#182 = SURFACE_CURVE('',#183,(#187,#194),.PCURVE_S1.);
#183 = LINE('',#184,#185);
#184 = CARTESIAN_POINT('',(2.,0.,0.755));
#185 = VECTOR('',#186,1.);
#186 = DIRECTION('',(1.,0.,0.));
#187 = PCURVE('',#44,#188);
#188 = DEFINITIONAL_REPRESENTATION('',(#189),#193);
#189 = LINE('',#190,#191);
#190 = CARTESIAN_POINT('',(0.,-0.71));
#191 = VECTOR('',#192,1.);
#192 = DIRECTION('',(1.,0.));
#193 = ( GEOMETRIC_REPRESENTATION_CONTEXT(2) 
PARAMETRIC_REPRESENTATION_CONTEXT() REPRESENTATION_CONTEXT('2D SPACE',''
  ) );
#194 = PCURVE('',#73,#195);
#195 = DEFINITIONAL_REPRESENTATION('',(#196),#200);
#196 = LINE('',#197,#198);
#197 = CARTESIAN_POINT('',(2.,0.));
#198 = VECTOR('',#199,1.);
#199 = DIRECTION('',(1.,0.));
#200 = ( GEOMETRIC_REPRESENTATION_CONTEXT(2) 
PARAMETRIC_REPRESENTATION_CONTEXT() REPRESENTATION_CONTEXT('2D SPACE',''
  ) );
#201 = ORIENTED_EDGE('',*,*,#21,.F.);
#202 = ORIENTED_EDGE('',*,*,#203,.F.);
#203 = EDGE_CURVE('',#152,#22,#204,.T.);
#204 = SURFACE_CURVE('',#205,(#209,#216),.PCURVE_S1.);
#205 = LINE('',#206,#207);
#206 = CARTESIAN_POINT('',(2.,0.,4.5E-02));
#207 = VECTOR('',#208,1.);
#208 = DIRECTION('',(1.,0.,0.));
#209 = PCURVE('',#44,#210);
#210 = DEFINITIONAL_REPRESENTATION('',(#211),#215);
#211 = LINE('',#212,#213);
#212 = CARTESIAN_POINT('',(0.,0.));
#213 = VECTOR('',#214,1.);
#214 = DIRECTION('',(1.,0.));
#215 = ( GEOMETRIC_REPRESENTATION_CONTEXT(2) 
PARAMETRIC_REPRESENTATION_CONTEXT() REPRESENTATION_CONTEXT('2D SPACE',''
  ) );
#216 = PCURVE('',#132,#217);
#217 = DEFINITIONAL_REPRESENTATION('',(#218),#222);
#218 = LINE('',#219,#220);
#219 = CARTESIAN_POINT('',(2.,0.));
#220 = VECTOR('',#221,1.);
#221 = DIRECTION('',(1.,0.));
#222 = ( GEOMETRIC_REPRESENTATION_CONTEXT(2) 
PARAMETRIC_REPRESENTATION_CONTEXT() REPRESENTATION_CONTEXT('2D SPACE',''
  ) );
#223 = ADVANCED_FACE('',(#224),#105,.T.);
#224 = FACE_BOUND('',#225,.T.);
#225 = EDGE_LOOP('',(#226,#227,#250,#278));
#226 = ORIENTED_EDGE('',*,*,#89,.T.);
#227 = ORIENTED_EDGE('',*,*,#228,.T.);
#228 = EDGE_CURVE('',#57,#229,#231,.T.);
#229 = VERTEX_POINT('',#230);
#230 = CARTESIAN_POINT('',(58.,-90.64,0.755));
#231 = SURFACE_CURVE('',#232,(#236,#243),.PCURVE_S1.);
#232 = LINE('',#233,#234);
#233 = CARTESIAN_POINT('',(58.,-2.,0.755));
#234 = VECTOR('',#235,1.);
#235 = DIRECTION('',(0.,-1.,0.));
#236 = PCURVE('',#105,#237);
#237 = DEFINITIONAL_REPRESENTATION('',(#238),#242);
#238 = LINE('',#239,#240);
#239 = CARTESIAN_POINT('',(0.,-0.71));
#240 = VECTOR('',#241,1.);
#241 = DIRECTION('',(1.,0.));
#242 = ( GEOMETRIC_REPRESENTATION_CONTEXT(2) 
PARAMETRIC_REPRESENTATION_CONTEXT() REPRESENTATION_CONTEXT('2D SPACE',''
  ) );
#243 = PCURVE('',#73,#244);
#244 = DEFINITIONAL_REPRESENTATION('',(#245),#249);
#245 = LINE('',#246,#247);
#246 = CARTESIAN_POINT('',(58.,-2.));
#247 = VECTOR('',#248,1.);
#248 = DIRECTION('',(0.,-1.));
#249 = ( GEOMETRIC_REPRESENTATION_CONTEXT(2) 
PARAMETRIC_REPRESENTATION_CONTEXT() REPRESENTATION_CONTEXT('2D SPACE',''
  ) );
#250 = ORIENTED_EDGE('',*,*,#251,.F.);
#251 = EDGE_CURVE('',#252,#229,#254,.T.);
#252 = VERTEX_POINT('',#253);
#253 = CARTESIAN_POINT('',(58.,-90.64,4.5E-02));
#254 = SURFACE_CURVE('',#255,(#259,#266),.PCURVE_S1.);
#255 = LINE('',#256,#257);
#256 = CARTESIAN_POINT('',(58.,-90.64,4.5E-02));
#257 = VECTOR('',#258,1.);
#258 = DIRECTION('',(0.,0.,1.));
#259 = PCURVE('',#105,#260);
#260 = DEFINITIONAL_REPRESENTATION('',(#261),#265);
#261 = LINE('',#262,#263);
#262 = CARTESIAN_POINT('',(88.64,0.));
#263 = VECTOR('',#264,1.);
#264 = DIRECTION('',(0.,-1.));
#265 = ( GEOMETRIC_REPRESENTATION_CONTEXT(2) 
PARAMETRIC_REPRESENTATION_CONTEXT() REPRESENTATION_CONTEXT('2D SPACE',''
  ) );
#266 = PCURVE('',#267,#272);
#267 = CYLINDRICAL_SURFACE('',#268,2.000001920065);
#268 = AXIS2_PLACEMENT_3D('',#269,#270,#271);
#269 = CARTESIAN_POINT('',(55.999998079936,-90.63999807993,4.5E-02));
#270 = DIRECTION('',(0.,0.,-1.));
#271 = DIRECTION('',(1.,-9.600311179815E-07,0.));
#272 = DEFINITIONAL_REPRESENTATION('',(#273),#277);
#273 = LINE('',#274,#275);
#274 = CARTESIAN_POINT('',(0.,0.));
#275 = VECTOR('',#276,1.);
#276 = DIRECTION('',(0.,-1.));
#277 = ( GEOMETRIC_REPRESENTATION_CONTEXT(2) 
PARAMETRIC_REPRESENTATION_CONTEXT() REPRESENTATION_CONTEXT('2D SPACE',''
  ) );
#278 = ORIENTED_EDGE('',*,*,#279,.F.);
#279 = EDGE_CURVE('',#90,#252,#280,.T.);
#280 = SURFACE_CURVE('',#281,(#285,#292),.PCURVE_S1.);
#281 = LINE('',#282,#283);
#282 = CARTESIAN_POINT('',(58.,-2.,4.5E-02));
#283 = VECTOR('',#284,1.);
#284 = DIRECTION('',(0.,-1.,0.));
#285 = PCURVE('',#105,#286);
#286 = DEFINITIONAL_REPRESENTATION('',(#287),#291);
#287 = LINE('',#288,#289);
#288 = CARTESIAN_POINT('',(0.,0.));
#289 = VECTOR('',#290,1.);
#290 = DIRECTION('',(1.,0.));
#291 = ( GEOMETRIC_REPRESENTATION_CONTEXT(2) 
PARAMETRIC_REPRESENTATION_CONTEXT() REPRESENTATION_CONTEXT('2D SPACE',''
  ) );
#292 = PCURVE('',#132,#293);
#293 = DEFINITIONAL_REPRESENTATION('',(#294),#298);
#294 = LINE('',#295,#296);
#295 = CARTESIAN_POINT('',(58.,-2.));
#296 = VECTOR('',#297,1.);
#297 = DIRECTION('',(0.,-1.));
#298 = ( GEOMETRIC_REPRESENTATION_CONTEXT(2) 
PARAMETRIC_REPRESENTATION_CONTEXT() REPRESENTATION_CONTEXT('2D SPACE',''
  ) );
#299 = ADVANCED_FACE('',(#300,#560,#595,#630,#665,#700,#735,#770,#805,
    #840,#875,#910,#1026,#1061,#1096,#1131,#1166,#1201,#1236,#1271,#1306
    ,#1341,#1376,#1411,#1446,#1481,#1516,#1551,#1586,#1621,#1656,#1691,
    #1726,#1761,#1796,#1831,#1866,#1901,#1936,#1971,#2006,#2041,#2076,
    #2111,#2146,#2181,#2216,#2251,#2286,#2321,#2356,#2391,#2426,#2461,
    #2496,#2531,#2566,#2601,#2636,#2671,#2795,#2919,#2954,#2989,#3024,
    #3148,#3183,#3218,#3253,#3377,#3412,#3447,#3482,#3517,#3552,#3587,
    #3622,#3657,#3692,#3727,#3762,#3797,#3832,#3867,#3902,#3937,#3972,
    #4007,#4042,#4077,#4112,#4147,#4182,#4217,#4252,#4287,#4322,#4357,
    #4392,#4427,#4462,#4497,#4532,#4567,#4602,#4637,#4672,#4707,#4742,
    #4777,#4812,#4847,#4882,#4917,#4952,#4987,#5022,#5057,#5092,#5127,
    #5162,#5197,#5232),#132,.F.);
#300 = FACE_BOUND('',#301,.F.);
#301 = EDGE_LOOP('',(#302,#303,#304,#332,#360,#393,#421,#449,#477,#505,
    #533,#559));
#302 = ORIENTED_EDGE('',*,*,#117,.F.);
#303 = ORIENTED_EDGE('',*,*,#203,.F.);
#304 = ORIENTED_EDGE('',*,*,#305,.F.);
#305 = EDGE_CURVE('',#306,#152,#308,.T.);
#306 = VERTEX_POINT('',#307);
#307 = CARTESIAN_POINT('',(0.,-2.,4.5E-02));
#308 = SURFACE_CURVE('',#309,(#314,#325),.PCURVE_S1.);
#309 = CIRCLE('',#310,1.99999850585);
#310 = AXIS2_PLACEMENT_3D('',#311,#312,#313);
#311 = CARTESIAN_POINT('',(1.99999850585,-1.99999850585,4.5E-02));
#312 = DIRECTION('',(0.,0.,-1.));
#313 = DIRECTION('',(-1.,-7.47075741171E-07,-0.));
#314 = PCURVE('',#132,#315);
#315 = DEFINITIONAL_REPRESENTATION('',(#316),#324);
#316 = ( BOUNDED_CURVE() B_SPLINE_CURVE(2,(#317,#318,#319,#320,#321,#322
,#323),.UNSPECIFIED.,.T.,.F.) B_SPLINE_CURVE_WITH_KNOTS((1,2,2,2,2,1),(
    -2.094395102393,0.,2.094395102393,4.188790204786,6.28318530718,
8.377580409573),.UNSPECIFIED.) CURVE() GEOMETRIC_REPRESENTATION_ITEM() 
RATIONAL_B_SPLINE_CURVE((1.,0.5,1.,0.5,1.,0.5,1.)) REPRESENTATION_ITEM(
  '') );
#317 = CARTESIAN_POINT('',(5.579980921766E-13,-2.));
#318 = CARTESIAN_POINT('',(-2.587943790155E-06,1.464099027193));
#319 = CARTESIAN_POINT('',(2.999996464803,-0.267948245178));
#320 = CARTESIAN_POINT('',(5.999995517549,-1.999995517549));
#321 = CARTESIAN_POINT('',(2.999999052747,-3.732047272371));
#322 = CARTESIAN_POINT('',(2.58794490926E-06,-5.464099027193));
#323 = CARTESIAN_POINT('',(5.579980921766E-13,-2.));
#324 = ( GEOMETRIC_REPRESENTATION_CONTEXT(2) 
PARAMETRIC_REPRESENTATION_CONTEXT() REPRESENTATION_CONTEXT('2D SPACE',''
  ) );
#325 = PCURVE('',#169,#326);
#326 = DEFINITIONAL_REPRESENTATION('',(#327),#331);
#327 = LINE('',#328,#329);
#328 = CARTESIAN_POINT('',(0.,0.));
#329 = VECTOR('',#330,1.);
#330 = DIRECTION('',(1.,0.));
#331 = ( GEOMETRIC_REPRESENTATION_CONTEXT(2) 
PARAMETRIC_REPRESENTATION_CONTEXT() REPRESENTATION_CONTEXT('2D SPACE',''
  ) );
#332 = ORIENTED_EDGE('',*,*,#333,.F.);
#333 = EDGE_CURVE('',#334,#306,#336,.T.);
#334 = VERTEX_POINT('',#335);
#335 = CARTESIAN_POINT('',(-2.22044604925E-16,-90.64,4.5E-02));
#336 = SURFACE_CURVE('',#337,(#341,#348),.PCURVE_S1.);
#337 = LINE('',#338,#339);
#338 = CARTESIAN_POINT('',(0.,-90.64,4.5E-02));
#339 = VECTOR('',#340,1.);
#340 = DIRECTION('',(0.,1.,0.));
#341 = PCURVE('',#132,#342);
#342 = DEFINITIONAL_REPRESENTATION('',(#343),#347);
#343 = LINE('',#344,#345);
#344 = CARTESIAN_POINT('',(0.,-90.64));
#345 = VECTOR('',#346,1.);
#346 = DIRECTION('',(0.,1.));
#347 = ( GEOMETRIC_REPRESENTATION_CONTEXT(2) 
PARAMETRIC_REPRESENTATION_CONTEXT() REPRESENTATION_CONTEXT('2D SPACE',''
  ) );
#348 = PCURVE('',#349,#354);
#349 = PLANE('',#350);
#350 = AXIS2_PLACEMENT_3D('',#351,#352,#353);
#351 = CARTESIAN_POINT('',(0.,-90.64,4.5E-02));
#352 = DIRECTION('',(-1.,0.,0.));
#353 = DIRECTION('',(0.,1.,0.));
#354 = DEFINITIONAL_REPRESENTATION('',(#355),#359);
#355 = LINE('',#356,#357);
#356 = CARTESIAN_POINT('',(0.,0.));
#357 = VECTOR('',#358,1.);
#358 = DIRECTION('',(1.,0.));
#359 = ( GEOMETRIC_REPRESENTATION_CONTEXT(2) 
PARAMETRIC_REPRESENTATION_CONTEXT() REPRESENTATION_CONTEXT('2D SPACE',''
  ) );
#360 = ORIENTED_EDGE('',*,*,#361,.F.);
#361 = EDGE_CURVE('',#362,#334,#364,.T.);
#362 = VERTEX_POINT('',#363);
#363 = CARTESIAN_POINT('',(2.,-92.64,4.5E-02));
#364 = SURFACE_CURVE('',#365,(#370,#381),.PCURVE_S1.);
#365 = CIRCLE('',#366,2.000000212955);
#366 = AXIS2_PLACEMENT_3D('',#367,#368,#369);
#367 = CARTESIAN_POINT('',(2.000000212955,-90.63999978704,4.5E-02));
#368 = DIRECTION('',(0.,0.,-1.));
#369 = DIRECTION('',(-1.064773820094E-07,-1.,-0.));
#370 = PCURVE('',#132,#371);
#371 = DEFINITIONAL_REPRESENTATION('',(#372),#380);
#372 = ( BOUNDED_CURVE() B_SPLINE_CURVE(2,(#373,#374,#375,#376,#377,#378
,#379),.UNSPECIFIED.,.T.,.F.) B_SPLINE_CURVE_WITH_KNOTS((1,2,2,2,2,1),(
    -2.094395102393,0.,2.094395102393,4.188790204786,6.28318530718,
8.377580409573),.UNSPECIFIED.) CURVE() GEOMETRIC_REPRESENTATION_ITEM() 
RATIONAL_B_SPLINE_CURVE((1.,0.5,1.,0.5,1.,0.5,1.)) REPRESENTATION_ITEM(
  '') );
#373 = CARTESIAN_POINT('',(2.,-92.63999999999));
#374 = CARTESIAN_POINT('',(-1.464101983986,-92.63999963114));
#375 = CARTESIAN_POINT('',(0.267949327439,-89.63999949613));
#376 = CARTESIAN_POINT('',(2.000000638865,-86.63999936113));
#377 = CARTESIAN_POINT('',(3.732051311426,-89.63999986498));
#378 = CARTESIAN_POINT('',(5.464101983987,-92.64000036884));
#379 = CARTESIAN_POINT('',(2.,-92.63999999999));
#380 = ( GEOMETRIC_REPRESENTATION_CONTEXT(2) 
PARAMETRIC_REPRESENTATION_CONTEXT() REPRESENTATION_CONTEXT('2D SPACE',''
  ) );
#381 = PCURVE('',#382,#387);
#382 = CYLINDRICAL_SURFACE('',#383,2.000000212955);
#383 = AXIS2_PLACEMENT_3D('',#384,#385,#386);
#384 = CARTESIAN_POINT('',(2.000000212955,-90.63999978704,4.5E-02));
#385 = DIRECTION('',(0.,0.,-1.));
#386 = DIRECTION('',(-1.064773820094E-07,-1.,-0.));
#387 = DEFINITIONAL_REPRESENTATION('',(#388),#392);
#388 = LINE('',#389,#390);
#389 = CARTESIAN_POINT('',(0.,0.));
#390 = VECTOR('',#391,1.);
#391 = DIRECTION('',(1.,0.));
#392 = ( GEOMETRIC_REPRESENTATION_CONTEXT(2) 
PARAMETRIC_REPRESENTATION_CONTEXT() REPRESENTATION_CONTEXT('2D SPACE',''
  ) );
#393 = ORIENTED_EDGE('',*,*,#394,.F.);
#394 = EDGE_CURVE('',#395,#362,#397,.T.);
#395 = VERTEX_POINT('',#396);
#396 = CARTESIAN_POINT('',(45.325,-92.64,4.5E-02));
#397 = SURFACE_CURVE('',#398,(#402,#409),.PCURVE_S1.);
#398 = LINE('',#399,#400);
#399 = CARTESIAN_POINT('',(45.325,-92.64,4.5E-02));
#400 = VECTOR('',#401,1.);
#401 = DIRECTION('',(-1.,0.,0.));
#402 = PCURVE('',#132,#403);
#403 = DEFINITIONAL_REPRESENTATION('',(#404),#408);
#404 = LINE('',#405,#406);
#405 = CARTESIAN_POINT('',(45.325,-92.64));
#406 = VECTOR('',#407,1.);
#407 = DIRECTION('',(-1.,0.));
#408 = ( GEOMETRIC_REPRESENTATION_CONTEXT(2) 
PARAMETRIC_REPRESENTATION_CONTEXT() REPRESENTATION_CONTEXT('2D SPACE',''
  ) );
#409 = PCURVE('',#410,#415);
#410 = PLANE('',#411);
#411 = AXIS2_PLACEMENT_3D('',#412,#413,#414);
#412 = CARTESIAN_POINT('',(45.325,-92.64,4.5E-02));
#413 = DIRECTION('',(0.,-1.,0.));
#414 = DIRECTION('',(-1.,0.,0.));
#415 = DEFINITIONAL_REPRESENTATION('',(#416),#420);
#416 = LINE('',#417,#418);
#417 = CARTESIAN_POINT('',(0.,-0.));
#418 = VECTOR('',#419,1.);
#419 = DIRECTION('',(1.,0.));
#420 = ( GEOMETRIC_REPRESENTATION_CONTEXT(2) 
PARAMETRIC_REPRESENTATION_CONTEXT() REPRESENTATION_CONTEXT('2D SPACE',''
  ) );
#421 = ORIENTED_EDGE('',*,*,#422,.F.);
#422 = EDGE_CURVE('',#423,#395,#425,.T.);
#423 = VERTEX_POINT('',#424);
#424 = CARTESIAN_POINT('',(45.325,-86.59,4.5E-02));
#425 = SURFACE_CURVE('',#426,(#430,#437),.PCURVE_S1.);
#426 = LINE('',#427,#428);
#427 = CARTESIAN_POINT('',(45.325,-86.59,4.5E-02));
#428 = VECTOR('',#429,1.);
#429 = DIRECTION('',(0.,-1.,0.));
#430 = PCURVE('',#132,#431);
#431 = DEFINITIONAL_REPRESENTATION('',(#432),#436);
#432 = LINE('',#433,#434);
#433 = CARTESIAN_POINT('',(45.325,-86.59));
#434 = VECTOR('',#435,1.);
#435 = DIRECTION('',(0.,-1.));
#436 = ( GEOMETRIC_REPRESENTATION_CONTEXT(2) 
PARAMETRIC_REPRESENTATION_CONTEXT() REPRESENTATION_CONTEXT('2D SPACE',''
  ) );
#437 = PCURVE('',#438,#443);
#438 = PLANE('',#439);
#439 = AXIS2_PLACEMENT_3D('',#440,#441,#442);
#440 = CARTESIAN_POINT('',(45.325,-86.59,4.5E-02));
#441 = DIRECTION('',(1.,0.,0.));
#442 = DIRECTION('',(0.,-1.,0.));
#443 = DEFINITIONAL_REPRESENTATION('',(#444),#448);
#444 = LINE('',#445,#446);
#445 = CARTESIAN_POINT('',(0.,0.));
#446 = VECTOR('',#447,1.);
#447 = DIRECTION('',(1.,0.));
#448 = ( GEOMETRIC_REPRESENTATION_CONTEXT(2) 
PARAMETRIC_REPRESENTATION_CONTEXT() REPRESENTATION_CONTEXT('2D SPACE',''
  ) );
#449 = ORIENTED_EDGE('',*,*,#450,.F.);
#450 = EDGE_CURVE('',#451,#423,#453,.T.);
#451 = VERTEX_POINT('',#452);
#452 = CARTESIAN_POINT('',(54.675,-86.59,4.5E-02));
#453 = SURFACE_CURVE('',#454,(#458,#465),.PCURVE_S1.);
#454 = LINE('',#455,#456);
#455 = CARTESIAN_POINT('',(54.675,-86.59,4.5E-02));
#456 = VECTOR('',#457,1.);
#457 = DIRECTION('',(-1.,0.,0.));
#458 = PCURVE('',#132,#459);
#459 = DEFINITIONAL_REPRESENTATION('',(#460),#464);
#460 = LINE('',#461,#462);
#461 = CARTESIAN_POINT('',(54.675,-86.59));
#462 = VECTOR('',#463,1.);
#463 = DIRECTION('',(-1.,0.));
#464 = ( GEOMETRIC_REPRESENTATION_CONTEXT(2) 
PARAMETRIC_REPRESENTATION_CONTEXT() REPRESENTATION_CONTEXT('2D SPACE',''
  ) );
#465 = PCURVE('',#466,#471);
#466 = PLANE('',#467);
#467 = AXIS2_PLACEMENT_3D('',#468,#469,#470);
#468 = CARTESIAN_POINT('',(54.675,-86.59,4.5E-02));
#469 = DIRECTION('',(0.,-1.,0.));
#470 = DIRECTION('',(-1.,0.,0.));
#471 = DEFINITIONAL_REPRESENTATION('',(#472),#476);
#472 = LINE('',#473,#474);
#473 = CARTESIAN_POINT('',(0.,-0.));
#474 = VECTOR('',#475,1.);
#475 = DIRECTION('',(1.,0.));
#476 = ( GEOMETRIC_REPRESENTATION_CONTEXT(2) 
PARAMETRIC_REPRESENTATION_CONTEXT() REPRESENTATION_CONTEXT('2D SPACE',''
  ) );
#477 = ORIENTED_EDGE('',*,*,#478,.F.);
#478 = EDGE_CURVE('',#479,#451,#481,.T.);
#479 = VERTEX_POINT('',#480);
#480 = CARTESIAN_POINT('',(54.675,-92.64,4.5E-02));
#481 = SURFACE_CURVE('',#482,(#486,#493),.PCURVE_S1.);
#482 = LINE('',#483,#484);
#483 = CARTESIAN_POINT('',(54.675,-92.64,4.5E-02));
#484 = VECTOR('',#485,1.);
#485 = DIRECTION('',(0.,1.,0.));
#486 = PCURVE('',#132,#487);
#487 = DEFINITIONAL_REPRESENTATION('',(#488),#492);
#488 = LINE('',#489,#490);
#489 = CARTESIAN_POINT('',(54.675,-92.64));
#490 = VECTOR('',#491,1.);
#491 = DIRECTION('',(0.,1.));
#492 = ( GEOMETRIC_REPRESENTATION_CONTEXT(2) 
PARAMETRIC_REPRESENTATION_CONTEXT() REPRESENTATION_CONTEXT('2D SPACE',''
  ) );
#493 = PCURVE('',#494,#499);
#494 = PLANE('',#495);
#495 = AXIS2_PLACEMENT_3D('',#496,#497,#498);
#496 = CARTESIAN_POINT('',(54.675,-92.64,4.5E-02));
#497 = DIRECTION('',(-1.,0.,0.));
#498 = DIRECTION('',(0.,1.,0.));
#499 = DEFINITIONAL_REPRESENTATION('',(#500),#504);
#500 = LINE('',#501,#502);
#501 = CARTESIAN_POINT('',(0.,0.));
#502 = VECTOR('',#503,1.);
#503 = DIRECTION('',(1.,0.));
#504 = ( GEOMETRIC_REPRESENTATION_CONTEXT(2) 
PARAMETRIC_REPRESENTATION_CONTEXT() REPRESENTATION_CONTEXT('2D SPACE',''
  ) );
#505 = ORIENTED_EDGE('',*,*,#506,.F.);
#506 = EDGE_CURVE('',#507,#479,#509,.T.);
#507 = VERTEX_POINT('',#508);
#508 = CARTESIAN_POINT('',(56.,-92.64,4.5E-02));
#509 = SURFACE_CURVE('',#510,(#514,#521),.PCURVE_S1.);
#510 = LINE('',#511,#512);
#511 = CARTESIAN_POINT('',(56.,-92.64,4.5E-02));
#512 = VECTOR('',#513,1.);
#513 = DIRECTION('',(-1.,0.,0.));
#514 = PCURVE('',#132,#515);
#515 = DEFINITIONAL_REPRESENTATION('',(#516),#520);
#516 = LINE('',#517,#518);
#517 = CARTESIAN_POINT('',(56.,-92.64));
#518 = VECTOR('',#519,1.);
#519 = DIRECTION('',(-1.,0.));
#520 = ( GEOMETRIC_REPRESENTATION_CONTEXT(2) 
PARAMETRIC_REPRESENTATION_CONTEXT() REPRESENTATION_CONTEXT('2D SPACE',''
  ) );
#521 = PCURVE('',#522,#527);
#522 = PLANE('',#523);
#523 = AXIS2_PLACEMENT_3D('',#524,#525,#526);
#524 = CARTESIAN_POINT('',(56.,-92.64,4.5E-02));
#525 = DIRECTION('',(0.,-1.,0.));
#526 = DIRECTION('',(-1.,0.,0.));
#527 = DEFINITIONAL_REPRESENTATION('',(#528),#532);
#528 = LINE('',#529,#530);
#529 = CARTESIAN_POINT('',(0.,-0.));
#530 = VECTOR('',#531,1.);
#531 = DIRECTION('',(1.,0.));
#532 = ( GEOMETRIC_REPRESENTATION_CONTEXT(2) 
PARAMETRIC_REPRESENTATION_CONTEXT() REPRESENTATION_CONTEXT('2D SPACE',''
  ) );
#533 = ORIENTED_EDGE('',*,*,#534,.F.);
#534 = EDGE_CURVE('',#252,#507,#535,.T.);
#535 = SURFACE_CURVE('',#536,(#541,#552),.PCURVE_S1.);
#536 = CIRCLE('',#537,2.000001920065);
#537 = AXIS2_PLACEMENT_3D('',#538,#539,#540);
#538 = CARTESIAN_POINT('',(55.999998079936,-90.63999807993,4.5E-02));
#539 = DIRECTION('',(0.,0.,-1.));
#540 = DIRECTION('',(1.,-9.600311179815E-07,0.));
#541 = PCURVE('',#132,#542);
#542 = DEFINITIONAL_REPRESENTATION('',(#543),#551);
#543 = ( BOUNDED_CURVE() B_SPLINE_CURVE(2,(#544,#545,#546,#547,#548,#549
,#550),.UNSPECIFIED.,.T.,.F.) B_SPLINE_CURVE_WITH_KNOTS((1,2,2,2,2,1),(
    -2.094395102393,0.,2.094395102393,4.188790204786,6.28318530718,
8.377580409573),.UNSPECIFIED.) CURVE() GEOMETRIC_REPRESENTATION_ITEM() 
RATIONAL_B_SPLINE_CURVE((1.,0.5,1.,0.5,1.,0.5,1.)) REPRESENTATION_ITEM(
  '') );
#544 = CARTESIAN_POINT('',(58.,-90.63999999999));
#545 = CARTESIAN_POINT('',(57.999996674352,-94.10410494078));
#546 = CARTESIAN_POINT('',(54.99999545708,-92.37204959029));
#547 = CARTESIAN_POINT('',(51.999994239808,-90.6399942398));
#548 = CARTESIAN_POINT('',(54.999998782728,-88.9079446495));
#549 = CARTESIAN_POINT('',(58.000003325649,-87.1758950592));
#550 = CARTESIAN_POINT('',(58.,-90.63999999999));
#551 = ( GEOMETRIC_REPRESENTATION_CONTEXT(2) 
PARAMETRIC_REPRESENTATION_CONTEXT() REPRESENTATION_CONTEXT('2D SPACE',''
  ) );
#552 = PCURVE('',#267,#553);
#553 = DEFINITIONAL_REPRESENTATION('',(#554),#558);
#554 = LINE('',#555,#556);
#555 = CARTESIAN_POINT('',(0.,0.));
#556 = VECTOR('',#557,1.);
#557 = DIRECTION('',(1.,0.));
#558 = ( GEOMETRIC_REPRESENTATION_CONTEXT(2) 
PARAMETRIC_REPRESENTATION_CONTEXT() REPRESENTATION_CONTEXT('2D SPACE',''
  ) );
#559 = ORIENTED_EDGE('',*,*,#279,.F.);
#560 = FACE_BOUND('',#561,.F.);
#561 = EDGE_LOOP('',(#562));
#562 = ORIENTED_EDGE('',*,*,#563,.T.);
#563 = EDGE_CURVE('',#564,#564,#566,.T.);
#564 = VERTEX_POINT('',#565);
#565 = CARTESIAN_POINT('',(9.0584,-86.9894,4.5E-02));
#566 = SURFACE_CURVE('',#567,(#572,#583),.PCURVE_S1.);
#567 = CIRCLE('',#568,0.15);
#568 = AXIS2_PLACEMENT_3D('',#569,#570,#571);
#569 = CARTESIAN_POINT('',(9.0584,-86.8394,4.5E-02));
#570 = DIRECTION('',(0.,-0.,-1.));
#571 = DIRECTION('',(1.184237892933E-14,-1.,0.));
#572 = PCURVE('',#132,#573);
#573 = DEFINITIONAL_REPRESENTATION('',(#574),#582);
#574 = ( BOUNDED_CURVE() B_SPLINE_CURVE(2,(#575,#576,#577,#578,#579,#580
,#581),.UNSPECIFIED.,.T.,.F.) B_SPLINE_CURVE_WITH_KNOTS((1,2,2,2,2,1),(
    -2.094395102393,0.,2.094395102393,4.188790204786,6.28318530718,
8.377580409573),.UNSPECIFIED.) CURVE() GEOMETRIC_REPRESENTATION_ITEM() 
RATIONAL_B_SPLINE_CURVE((1.,0.5,1.,0.5,1.,0.5,1.)) REPRESENTATION_ITEM(
  '') );
#575 = CARTESIAN_POINT('',(9.0584,-86.9894));
#576 = CARTESIAN_POINT('',(8.798592378865,-86.9894));
#577 = CARTESIAN_POINT('',(8.928496189432,-86.7644));
#578 = CARTESIAN_POINT('',(9.0584,-86.5394));
#579 = CARTESIAN_POINT('',(9.188303810568,-86.7644));
#580 = CARTESIAN_POINT('',(9.318207621135,-86.9894));
#581 = CARTESIAN_POINT('',(9.0584,-86.9894));
#582 = ( GEOMETRIC_REPRESENTATION_CONTEXT(2) 
PARAMETRIC_REPRESENTATION_CONTEXT() REPRESENTATION_CONTEXT('2D SPACE',''
  ) );
#583 = PCURVE('',#584,#589);
#584 = CYLINDRICAL_SURFACE('',#585,0.15);
#585 = AXIS2_PLACEMENT_3D('',#586,#587,#588);
#586 = CARTESIAN_POINT('',(9.0584,-86.8394,9.E-03));
#587 = DIRECTION('',(0.,0.,-1.));
#588 = DIRECTION('',(1.184237892933E-14,-1.,0.));
#589 = DEFINITIONAL_REPRESENTATION('',(#590),#594);
#590 = LINE('',#591,#592);
#591 = CARTESIAN_POINT('',(0.,-3.6E-02));
#592 = VECTOR('',#593,1.);
#593 = DIRECTION('',(1.,0.));
#594 = ( GEOMETRIC_REPRESENTATION_CONTEXT(2) 
PARAMETRIC_REPRESENTATION_CONTEXT() REPRESENTATION_CONTEXT('2D SPACE',''
  ) );
#595 = FACE_BOUND('',#596,.F.);
#596 = EDGE_LOOP('',(#597));
#597 = ORIENTED_EDGE('',*,*,#598,.T.);
#598 = EDGE_CURVE('',#599,#599,#601,.T.);
#599 = VERTEX_POINT('',#600);
#600 = CARTESIAN_POINT('',(16.3406,-84.0587,4.5E-02));
#601 = SURFACE_CURVE('',#602,(#607,#618),.PCURVE_S1.);
#602 = CIRCLE('',#603,0.15);
#603 = AXIS2_PLACEMENT_3D('',#604,#605,#606);
#604 = CARTESIAN_POINT('',(16.3406,-83.9087,4.5E-02));
#605 = DIRECTION('',(-0.,0.,-1.));
#606 = DIRECTION('',(-2.368475785867E-14,-1.,0.));
#607 = PCURVE('',#132,#608);
#608 = DEFINITIONAL_REPRESENTATION('',(#609),#617);
#609 = ( BOUNDED_CURVE() B_SPLINE_CURVE(2,(#610,#611,#612,#613,#614,#615
,#616),.UNSPECIFIED.,.T.,.F.) B_SPLINE_CURVE_WITH_KNOTS((1,2,2,2,2,1),(
    -2.094395102393,0.,2.094395102393,4.188790204786,6.28318530718,
8.377580409573),.UNSPECIFIED.) CURVE() GEOMETRIC_REPRESENTATION_ITEM() 
RATIONAL_B_SPLINE_CURVE((1.,0.5,1.,0.5,1.,0.5,1.)) REPRESENTATION_ITEM(
  '') );
#610 = CARTESIAN_POINT('',(16.3406,-84.0587));
#611 = CARTESIAN_POINT('',(16.080792378865,-84.0587));
#612 = CARTESIAN_POINT('',(16.210696189432,-83.8337));
#613 = CARTESIAN_POINT('',(16.3406,-83.6087));
#614 = CARTESIAN_POINT('',(16.470503810568,-83.8337));
#615 = CARTESIAN_POINT('',(16.600407621135,-84.0587));
#616 = CARTESIAN_POINT('',(16.3406,-84.0587));
#617 = ( GEOMETRIC_REPRESENTATION_CONTEXT(2) 
PARAMETRIC_REPRESENTATION_CONTEXT() REPRESENTATION_CONTEXT('2D SPACE',''
  ) );
#618 = PCURVE('',#619,#624);
#619 = CYLINDRICAL_SURFACE('',#620,0.15);
#620 = AXIS2_PLACEMENT_3D('',#621,#622,#623);
#621 = CARTESIAN_POINT('',(16.3406,-83.9087,9.E-03));
#622 = DIRECTION('',(-0.,-0.,-1.));
#623 = DIRECTION('',(-2.368475785867E-14,-1.,0.));
#624 = DEFINITIONAL_REPRESENTATION('',(#625),#629);
#625 = LINE('',#626,#627);
#626 = CARTESIAN_POINT('',(0.,-3.6E-02));
#627 = VECTOR('',#628,1.);
#628 = DIRECTION('',(1.,0.));
#629 = ( GEOMETRIC_REPRESENTATION_CONTEXT(2) 
PARAMETRIC_REPRESENTATION_CONTEXT() REPRESENTATION_CONTEXT('2D SPACE',''
  ) );
#630 = FACE_BOUND('',#631,.F.);
#631 = EDGE_LOOP('',(#632));
#632 = ORIENTED_EDGE('',*,*,#633,.T.);
#633 = EDGE_CURVE('',#634,#634,#636,.T.);
#634 = VERTEX_POINT('',#635);
#635 = CARTESIAN_POINT('',(5.8735,-79.0735,4.5E-02));
#636 = SURFACE_CURVE('',#637,(#642,#653),.PCURVE_S1.);
#637 = CIRCLE('',#638,0.15);
#638 = AXIS2_PLACEMENT_3D('',#639,#640,#641);
#639 = CARTESIAN_POINT('',(5.8735,-78.9235,4.5E-02));
#640 = DIRECTION('',(-0.,-0.,-1.));
#641 = DIRECTION('',(0.,-1.,0.));
#642 = PCURVE('',#132,#643);
#643 = DEFINITIONAL_REPRESENTATION('',(#644),#652);
#644 = ( BOUNDED_CURVE() B_SPLINE_CURVE(2,(#645,#646,#647,#648,#649,#650
,#651),.UNSPECIFIED.,.T.,.F.) B_SPLINE_CURVE_WITH_KNOTS((1,2,2,2,2,1),(
    -2.094395102393,0.,2.094395102393,4.188790204786,6.28318530718,
8.377580409573),.UNSPECIFIED.) CURVE() GEOMETRIC_REPRESENTATION_ITEM() 
RATIONAL_B_SPLINE_CURVE((1.,0.5,1.,0.5,1.,0.5,1.)) REPRESENTATION_ITEM(
  '') );
#645 = CARTESIAN_POINT('',(5.8735,-79.0735));
#646 = CARTESIAN_POINT('',(5.613692378865,-79.0735));
#647 = CARTESIAN_POINT('',(5.743596189432,-78.8485));
#648 = CARTESIAN_POINT('',(5.8735,-78.6235));
#649 = CARTESIAN_POINT('',(6.003403810568,-78.8485));
#650 = CARTESIAN_POINT('',(6.133307621135,-79.0735));
#651 = CARTESIAN_POINT('',(5.8735,-79.0735));
#652 = ( GEOMETRIC_REPRESENTATION_CONTEXT(2) 
PARAMETRIC_REPRESENTATION_CONTEXT() REPRESENTATION_CONTEXT('2D SPACE',''
  ) );
#653 = PCURVE('',#654,#659);
#654 = CYLINDRICAL_SURFACE('',#655,0.15);
#655 = AXIS2_PLACEMENT_3D('',#656,#657,#658);
#656 = CARTESIAN_POINT('',(5.8735,-78.9235,9.E-03));
#657 = DIRECTION('',(-0.,-0.,-1.));
#658 = DIRECTION('',(0.,-1.,0.));
#659 = DEFINITIONAL_REPRESENTATION('',(#660),#664);
#660 = LINE('',#661,#662);
#661 = CARTESIAN_POINT('',(0.,-3.6E-02));
#662 = VECTOR('',#663,1.);
#663 = DIRECTION('',(1.,0.));
#664 = ( GEOMETRIC_REPRESENTATION_CONTEXT(2) 
PARAMETRIC_REPRESENTATION_CONTEXT() REPRESENTATION_CONTEXT('2D SPACE',''
  ) );
#665 = FACE_BOUND('',#666,.F.);
#666 = EDGE_LOOP('',(#667));
#667 = ORIENTED_EDGE('',*,*,#668,.T.);
#668 = EDGE_CURVE('',#669,#669,#671,.T.);
#669 = VERTEX_POINT('',#670);
#670 = CARTESIAN_POINT('',(10.5587,-82.368,4.5E-02));
#671 = SURFACE_CURVE('',#672,(#677,#688),.PCURVE_S1.);
#672 = CIRCLE('',#673,0.15);
#673 = AXIS2_PLACEMENT_3D('',#674,#675,#676);
#674 = CARTESIAN_POINT('',(10.5587,-82.218,4.5E-02));
#675 = DIRECTION('',(-0.,-0.,-1.));
#676 = DIRECTION('',(0.,-1.,0.));
#677 = PCURVE('',#132,#678);
#678 = DEFINITIONAL_REPRESENTATION('',(#679),#687);
#679 = ( BOUNDED_CURVE() B_SPLINE_CURVE(2,(#680,#681,#682,#683,#684,#685
,#686),.UNSPECIFIED.,.T.,.F.) B_SPLINE_CURVE_WITH_KNOTS((1,2,2,2,2,1),(
    -2.094395102393,0.,2.094395102393,4.188790204786,6.28318530718,
8.377580409573),.UNSPECIFIED.) CURVE() GEOMETRIC_REPRESENTATION_ITEM() 
RATIONAL_B_SPLINE_CURVE((1.,0.5,1.,0.5,1.,0.5,1.)) REPRESENTATION_ITEM(
  '') );
#680 = CARTESIAN_POINT('',(10.5587,-82.368));
#681 = CARTESIAN_POINT('',(10.298892378865,-82.368));
#682 = CARTESIAN_POINT('',(10.428796189432,-82.143));
#683 = CARTESIAN_POINT('',(10.5587,-81.918));
#684 = CARTESIAN_POINT('',(10.688603810568,-82.143));
#685 = CARTESIAN_POINT('',(10.818507621135,-82.368));
#686 = CARTESIAN_POINT('',(10.5587,-82.368));
#687 = ( GEOMETRIC_REPRESENTATION_CONTEXT(2) 
PARAMETRIC_REPRESENTATION_CONTEXT() REPRESENTATION_CONTEXT('2D SPACE',''
  ) );
#688 = PCURVE('',#689,#694);
#689 = CYLINDRICAL_SURFACE('',#690,0.15);
#690 = AXIS2_PLACEMENT_3D('',#691,#692,#693);
#691 = CARTESIAN_POINT('',(10.5587,-82.218,9.E-03));
#692 = DIRECTION('',(-0.,-0.,-1.));
#693 = DIRECTION('',(0.,-1.,0.));
#694 = DEFINITIONAL_REPRESENTATION('',(#695),#699);
#695 = LINE('',#696,#697);
#696 = CARTESIAN_POINT('',(0.,-3.6E-02));
#697 = VECTOR('',#698,1.);
#698 = DIRECTION('',(1.,0.));
#699 = ( GEOMETRIC_REPRESENTATION_CONTEXT(2) 
PARAMETRIC_REPRESENTATION_CONTEXT() REPRESENTATION_CONTEXT('2D SPACE',''
  ) );
#700 = FACE_BOUND('',#701,.F.);
#701 = EDGE_LOOP('',(#702));
#702 = ORIENTED_EDGE('',*,*,#703,.T.);
#703 = EDGE_CURVE('',#704,#704,#706,.T.);
#704 = VERTEX_POINT('',#705);
#705 = CARTESIAN_POINT('',(9.8781,-79.0781,4.5E-02));
#706 = SURFACE_CURVE('',#707,(#712,#723),.PCURVE_S1.);
#707 = CIRCLE('',#708,0.15);
#708 = AXIS2_PLACEMENT_3D('',#709,#710,#711);
#709 = CARTESIAN_POINT('',(9.8781,-78.9281,4.5E-02));
#710 = DIRECTION('',(-0.,-0.,-1.));
#711 = DIRECTION('',(0.,-1.,0.));
#712 = PCURVE('',#132,#713);
#713 = DEFINITIONAL_REPRESENTATION('',(#714),#722);
#714 = ( BOUNDED_CURVE() B_SPLINE_CURVE(2,(#715,#716,#717,#718,#719,#720
,#721),.UNSPECIFIED.,.T.,.F.) B_SPLINE_CURVE_WITH_KNOTS((1,2,2,2,2,1),(
    -2.094395102393,0.,2.094395102393,4.188790204786,6.28318530718,
8.377580409573),.UNSPECIFIED.) CURVE() GEOMETRIC_REPRESENTATION_ITEM() 
RATIONAL_B_SPLINE_CURVE((1.,0.5,1.,0.5,1.,0.5,1.)) REPRESENTATION_ITEM(
  '') );
#715 = CARTESIAN_POINT('',(9.8781,-79.0781));
#716 = CARTESIAN_POINT('',(9.618292378865,-79.0781));
#717 = CARTESIAN_POINT('',(9.748196189432,-78.8531));
#718 = CARTESIAN_POINT('',(9.8781,-78.6281));
#719 = CARTESIAN_POINT('',(10.008003810568,-78.8531));
#720 = CARTESIAN_POINT('',(10.137907621135,-79.0781));
#721 = CARTESIAN_POINT('',(9.8781,-79.0781));
#722 = ( GEOMETRIC_REPRESENTATION_CONTEXT(2) 
PARAMETRIC_REPRESENTATION_CONTEXT() REPRESENTATION_CONTEXT('2D SPACE',''
  ) );
#723 = PCURVE('',#724,#729);
#724 = CYLINDRICAL_SURFACE('',#725,0.15);
#725 = AXIS2_PLACEMENT_3D('',#726,#727,#728);
#726 = CARTESIAN_POINT('',(9.8781,-78.9281,9.E-03));
#727 = DIRECTION('',(-0.,-0.,-1.));
#728 = DIRECTION('',(0.,-1.,0.));
#729 = DEFINITIONAL_REPRESENTATION('',(#730),#734);
#730 = LINE('',#731,#732);
#731 = CARTESIAN_POINT('',(0.,-3.6E-02));
#732 = VECTOR('',#733,1.);
#733 = DIRECTION('',(1.,0.));
#734 = ( GEOMETRIC_REPRESENTATION_CONTEXT(2) 
PARAMETRIC_REPRESENTATION_CONTEXT() REPRESENTATION_CONTEXT('2D SPACE',''
  ) );
#735 = FACE_BOUND('',#736,.F.);
#736 = EDGE_LOOP('',(#737));
#737 = ORIENTED_EDGE('',*,*,#738,.T.);
#738 = EDGE_CURVE('',#739,#739,#741,.T.);
#739 = VERTEX_POINT('',#740);
#740 = CARTESIAN_POINT('',(12.2072,-81.6215,4.5E-02));
#741 = SURFACE_CURVE('',#742,(#747,#758),.PCURVE_S1.);
#742 = CIRCLE('',#743,0.15);
#743 = AXIS2_PLACEMENT_3D('',#744,#745,#746);
#744 = CARTESIAN_POINT('',(12.2072,-81.4715,4.5E-02));
#745 = DIRECTION('',(-0.,-0.,-1.));
#746 = DIRECTION('',(0.,-1.,0.));
#747 = PCURVE('',#132,#748);
#748 = DEFINITIONAL_REPRESENTATION('',(#749),#757);
#749 = ( BOUNDED_CURVE() B_SPLINE_CURVE(2,(#750,#751,#752,#753,#754,#755
,#756),.UNSPECIFIED.,.T.,.F.) B_SPLINE_CURVE_WITH_KNOTS((1,2,2,2,2,1),(
    -2.094395102393,0.,2.094395102393,4.188790204786,6.28318530718,
8.377580409573),.UNSPECIFIED.) CURVE() GEOMETRIC_REPRESENTATION_ITEM() 
RATIONAL_B_SPLINE_CURVE((1.,0.5,1.,0.5,1.,0.5,1.)) REPRESENTATION_ITEM(
  '') );
#750 = CARTESIAN_POINT('',(12.2072,-81.6215));
#751 = CARTESIAN_POINT('',(11.947392378865,-81.6215));
#752 = CARTESIAN_POINT('',(12.077296189432,-81.3965));
#753 = CARTESIAN_POINT('',(12.2072,-81.1715));
#754 = CARTESIAN_POINT('',(12.337103810568,-81.3965));
#755 = CARTESIAN_POINT('',(12.467007621135,-81.6215));
#756 = CARTESIAN_POINT('',(12.2072,-81.6215));
#757 = ( GEOMETRIC_REPRESENTATION_CONTEXT(2) 
PARAMETRIC_REPRESENTATION_CONTEXT() REPRESENTATION_CONTEXT('2D SPACE',''
  ) );
#758 = PCURVE('',#759,#764);
#759 = CYLINDRICAL_SURFACE('',#760,0.15);
#760 = AXIS2_PLACEMENT_3D('',#761,#762,#763);
#761 = CARTESIAN_POINT('',(12.2072,-81.4715,9.E-03));
#762 = DIRECTION('',(-0.,-0.,-1.));
#763 = DIRECTION('',(0.,-1.,0.));
#764 = DEFINITIONAL_REPRESENTATION('',(#765),#769);
#765 = LINE('',#766,#767);
#766 = CARTESIAN_POINT('',(0.,-3.6E-02));
#767 = VECTOR('',#768,1.);
#768 = DIRECTION('',(1.,0.));
#769 = ( GEOMETRIC_REPRESENTATION_CONTEXT(2) 
PARAMETRIC_REPRESENTATION_CONTEXT() REPRESENTATION_CONTEXT('2D SPACE',''
  ) );
#770 = FACE_BOUND('',#771,.F.);
#771 = EDGE_LOOP('',(#772));
#772 = ORIENTED_EDGE('',*,*,#773,.T.);
#773 = EDGE_CURVE('',#774,#774,#776,.T.);
#774 = VERTEX_POINT('',#775);
#775 = CARTESIAN_POINT('',(12.2072,-79.1379,4.5E-02));
#776 = SURFACE_CURVE('',#777,(#782,#793),.PCURVE_S1.);
#777 = CIRCLE('',#778,0.15);
#778 = AXIS2_PLACEMENT_3D('',#779,#780,#781);
#779 = CARTESIAN_POINT('',(12.2072,-78.9879,4.5E-02));
#780 = DIRECTION('',(-0.,-0.,-1.));
#781 = DIRECTION('',(0.,-1.,0.));
#782 = PCURVE('',#132,#783);
#783 = DEFINITIONAL_REPRESENTATION('',(#784),#792);
#784 = ( BOUNDED_CURVE() B_SPLINE_CURVE(2,(#785,#786,#787,#788,#789,#790
,#791),.UNSPECIFIED.,.T.,.F.) B_SPLINE_CURVE_WITH_KNOTS((1,2,2,2,2,1),(
    -2.094395102393,0.,2.094395102393,4.188790204786,6.28318530718,
8.377580409573),.UNSPECIFIED.) CURVE() GEOMETRIC_REPRESENTATION_ITEM() 
RATIONAL_B_SPLINE_CURVE((1.,0.5,1.,0.5,1.,0.5,1.)) REPRESENTATION_ITEM(
  '') );
#785 = CARTESIAN_POINT('',(12.2072,-79.1379));
#786 = CARTESIAN_POINT('',(11.947392378865,-79.1379));
#787 = CARTESIAN_POINT('',(12.077296189432,-78.9129));
#788 = CARTESIAN_POINT('',(12.2072,-78.6879));
#789 = CARTESIAN_POINT('',(12.337103810568,-78.9129));
#790 = CARTESIAN_POINT('',(12.467007621135,-79.1379));
#791 = CARTESIAN_POINT('',(12.2072,-79.1379));
#792 = ( GEOMETRIC_REPRESENTATION_CONTEXT(2) 
PARAMETRIC_REPRESENTATION_CONTEXT() REPRESENTATION_CONTEXT('2D SPACE',''
  ) );
#793 = PCURVE('',#794,#799);
#794 = CYLINDRICAL_SURFACE('',#795,0.15);
#795 = AXIS2_PLACEMENT_3D('',#796,#797,#798);
#796 = CARTESIAN_POINT('',(12.2072,-78.9879,9.E-03));
#797 = DIRECTION('',(-0.,-0.,-1.));
#798 = DIRECTION('',(0.,-1.,0.));
#799 = DEFINITIONAL_REPRESENTATION('',(#800),#804);
#800 = LINE('',#801,#802);
#801 = CARTESIAN_POINT('',(0.,-3.6E-02));
#802 = VECTOR('',#803,1.);
#803 = DIRECTION('',(1.,0.));
#804 = ( GEOMETRIC_REPRESENTATION_CONTEXT(2) 
PARAMETRIC_REPRESENTATION_CONTEXT() REPRESENTATION_CONTEXT('2D SPACE',''
  ) );
#805 = FACE_BOUND('',#806,.F.);
#806 = EDGE_LOOP('',(#807));
#807 = ORIENTED_EDGE('',*,*,#808,.T.);
#808 = EDGE_CURVE('',#809,#809,#811,.T.);
#809 = VERTEX_POINT('',#810);
#810 = CARTESIAN_POINT('',(16.84,-82.2892,4.5E-02));
#811 = SURFACE_CURVE('',#812,(#817,#828),.PCURVE_S1.);
#812 = CIRCLE('',#813,0.15);
#813 = AXIS2_PLACEMENT_3D('',#814,#815,#816);
#814 = CARTESIAN_POINT('',(16.84,-82.1392,4.5E-02));
#815 = DIRECTION('',(-0.,-0.,-1.));
#816 = DIRECTION('',(0.,-1.,0.));
#817 = PCURVE('',#132,#818);
#818 = DEFINITIONAL_REPRESENTATION('',(#819),#827);
#819 = ( BOUNDED_CURVE() B_SPLINE_CURVE(2,(#820,#821,#822,#823,#824,#825
,#826),.UNSPECIFIED.,.T.,.F.) B_SPLINE_CURVE_WITH_KNOTS((1,2,2,2,2,1),(
    -2.094395102393,0.,2.094395102393,4.188790204786,6.28318530718,
8.377580409573),.UNSPECIFIED.) CURVE() GEOMETRIC_REPRESENTATION_ITEM() 
RATIONAL_B_SPLINE_CURVE((1.,0.5,1.,0.5,1.,0.5,1.)) REPRESENTATION_ITEM(
  '') );
#820 = CARTESIAN_POINT('',(16.84,-82.2892));
#821 = CARTESIAN_POINT('',(16.580192378865,-82.2892));
#822 = CARTESIAN_POINT('',(16.710096189432,-82.0642));
#823 = CARTESIAN_POINT('',(16.84,-81.8392));
#824 = CARTESIAN_POINT('',(16.969903810568,-82.0642));
#825 = CARTESIAN_POINT('',(17.099807621135,-82.2892));
#826 = CARTESIAN_POINT('',(16.84,-82.2892));
#827 = ( GEOMETRIC_REPRESENTATION_CONTEXT(2) 
PARAMETRIC_REPRESENTATION_CONTEXT() REPRESENTATION_CONTEXT('2D SPACE',''
  ) );
#828 = PCURVE('',#829,#834);
#829 = CYLINDRICAL_SURFACE('',#830,0.15);
#830 = AXIS2_PLACEMENT_3D('',#831,#832,#833);
#831 = CARTESIAN_POINT('',(16.84,-82.1392,9.E-03));
#832 = DIRECTION('',(-0.,-0.,-1.));
#833 = DIRECTION('',(0.,-1.,0.));
#834 = DEFINITIONAL_REPRESENTATION('',(#835),#839);
#835 = LINE('',#836,#837);
#836 = CARTESIAN_POINT('',(0.,-3.6E-02));
#837 = VECTOR('',#838,1.);
#838 = DIRECTION('',(1.,0.));
#839 = ( GEOMETRIC_REPRESENTATION_CONTEXT(2) 
PARAMETRIC_REPRESENTATION_CONTEXT() REPRESENTATION_CONTEXT('2D SPACE',''
  ) );
#840 = FACE_BOUND('',#841,.F.);
#841 = EDGE_LOOP('',(#842));
#842 = ORIENTED_EDGE('',*,*,#843,.T.);
#843 = EDGE_CURVE('',#844,#844,#846,.T.);
#844 = VERTEX_POINT('',#845);
#845 = CARTESIAN_POINT('',(14.1265,-73.7468,4.5E-02));
#846 = SURFACE_CURVE('',#847,(#852,#863),.PCURVE_S1.);
#847 = CIRCLE('',#848,0.15);
#848 = AXIS2_PLACEMENT_3D('',#849,#850,#851);
#849 = CARTESIAN_POINT('',(14.1265,-73.5968,4.5E-02));
#850 = DIRECTION('',(-0.,-0.,-1.));
#851 = DIRECTION('',(0.,-1.,0.));
#852 = PCURVE('',#132,#853);
#853 = DEFINITIONAL_REPRESENTATION('',(#854),#862);
#854 = ( BOUNDED_CURVE() B_SPLINE_CURVE(2,(#855,#856,#857,#858,#859,#860
,#861),.UNSPECIFIED.,.T.,.F.) B_SPLINE_CURVE_WITH_KNOTS((1,2,2,2,2,1),(
    -2.094395102393,0.,2.094395102393,4.188790204786,6.28318530718,
8.377580409573),.UNSPECIFIED.) CURVE() GEOMETRIC_REPRESENTATION_ITEM() 
RATIONAL_B_SPLINE_CURVE((1.,0.5,1.,0.5,1.,0.5,1.)) REPRESENTATION_ITEM(
  '') );
#855 = CARTESIAN_POINT('',(14.1265,-73.7468));
#856 = CARTESIAN_POINT('',(13.866692378865,-73.7468));
#857 = CARTESIAN_POINT('',(13.996596189432,-73.5218));
#858 = CARTESIAN_POINT('',(14.1265,-73.2968));
#859 = CARTESIAN_POINT('',(14.256403810568,-73.5218));
#860 = CARTESIAN_POINT('',(14.386307621135,-73.7468));
#861 = CARTESIAN_POINT('',(14.1265,-73.7468));
#862 = ( GEOMETRIC_REPRESENTATION_CONTEXT(2) 
PARAMETRIC_REPRESENTATION_CONTEXT() REPRESENTATION_CONTEXT('2D SPACE',''
  ) );
#863 = PCURVE('',#864,#869);
#864 = CYLINDRICAL_SURFACE('',#865,0.15);
#865 = AXIS2_PLACEMENT_3D('',#866,#867,#868);
#866 = CARTESIAN_POINT('',(14.1265,-73.5968,9.E-03));
#867 = DIRECTION('',(-0.,-0.,-1.));
#868 = DIRECTION('',(0.,-1.,0.));
#869 = DEFINITIONAL_REPRESENTATION('',(#870),#874);
#870 = LINE('',#871,#872);
#871 = CARTESIAN_POINT('',(0.,-3.6E-02));
#872 = VECTOR('',#873,1.);
#873 = DIRECTION('',(1.,0.));
#874 = ( GEOMETRIC_REPRESENTATION_CONTEXT(2) 
PARAMETRIC_REPRESENTATION_CONTEXT() REPRESENTATION_CONTEXT('2D SPACE',''
  ) );
#875 = FACE_BOUND('',#876,.F.);
#876 = EDGE_LOOP('',(#877));
#877 = ORIENTED_EDGE('',*,*,#878,.T.);
#878 = EDGE_CURVE('',#879,#879,#881,.T.);
#879 = VERTEX_POINT('',#880);
#880 = CARTESIAN_POINT('',(21.9848,-84.0479,4.5E-02));
#881 = SURFACE_CURVE('',#882,(#887,#898),.PCURVE_S1.);
#882 = CIRCLE('',#883,0.15);
#883 = AXIS2_PLACEMENT_3D('',#884,#885,#886);
#884 = CARTESIAN_POINT('',(21.9848,-83.8979,4.5E-02));
#885 = DIRECTION('',(-0.,-0.,-1.));
#886 = DIRECTION('',(0.,-1.,0.));
#887 = PCURVE('',#132,#888);
#888 = DEFINITIONAL_REPRESENTATION('',(#889),#897);
#889 = ( BOUNDED_CURVE() B_SPLINE_CURVE(2,(#890,#891,#892,#893,#894,#895
,#896),.UNSPECIFIED.,.T.,.F.) B_SPLINE_CURVE_WITH_KNOTS((1,2,2,2,2,1),(
    -2.094395102393,0.,2.094395102393,4.188790204786,6.28318530718,
8.377580409573),.UNSPECIFIED.) CURVE() GEOMETRIC_REPRESENTATION_ITEM() 
RATIONAL_B_SPLINE_CURVE((1.,0.5,1.,0.5,1.,0.5,1.)) REPRESENTATION_ITEM(
  '') );
#890 = CARTESIAN_POINT('',(21.9848,-84.0479));
#891 = CARTESIAN_POINT('',(21.724992378865,-84.0479));
#892 = CARTESIAN_POINT('',(21.854896189432,-83.8229));
#893 = CARTESIAN_POINT('',(21.9848,-83.5979));
#894 = CARTESIAN_POINT('',(22.114703810568,-83.8229));
#895 = CARTESIAN_POINT('',(22.244607621135,-84.0479));
#896 = CARTESIAN_POINT('',(21.9848,-84.0479));
#897 = ( GEOMETRIC_REPRESENTATION_CONTEXT(2) 
PARAMETRIC_REPRESENTATION_CONTEXT() REPRESENTATION_CONTEXT('2D SPACE',''
  ) );
#898 = PCURVE('',#899,#904);
#899 = CYLINDRICAL_SURFACE('',#900,0.15);
#900 = AXIS2_PLACEMENT_3D('',#901,#902,#903);
#901 = CARTESIAN_POINT('',(21.9848,-83.8979,9.E-03));
#902 = DIRECTION('',(-0.,-0.,-1.));
#903 = DIRECTION('',(0.,-1.,0.));
#904 = DEFINITIONAL_REPRESENTATION('',(#905),#909);
#905 = LINE('',#906,#907);
#906 = CARTESIAN_POINT('',(0.,-3.6E-02));
#907 = VECTOR('',#908,1.);
#908 = DIRECTION('',(1.,0.));
#909 = ( GEOMETRIC_REPRESENTATION_CONTEXT(2) 
PARAMETRIC_REPRESENTATION_CONTEXT() REPRESENTATION_CONTEXT('2D SPACE',''
  ) );
#910 = FACE_BOUND('',#911,.F.);
#911 = EDGE_LOOP('',(#912,#943,#971,#1000));
#912 = ORIENTED_EDGE('',*,*,#913,.F.);
#913 = EDGE_CURVE('',#914,#916,#918,.T.);
#914 = VERTEX_POINT('',#915);
#915 = CARTESIAN_POINT('',(13.7,-88.,4.5E-02));
#916 = VERTEX_POINT('',#917);
#917 = CARTESIAN_POINT('',(13.7,-89.4,4.5E-02));
#918 = SURFACE_CURVE('',#919,(#924,#931),.PCURVE_S1.);
#919 = CIRCLE('',#920,0.7);
#920 = AXIS2_PLACEMENT_3D('',#921,#922,#923);
#921 = CARTESIAN_POINT('',(13.7,-88.7,4.5E-02));
#922 = DIRECTION('',(0.,0.,1.));
#923 = DIRECTION('',(-1.522591576629E-14,1.,0.));
#924 = PCURVE('',#132,#925);
#925 = DEFINITIONAL_REPRESENTATION('',(#926),#930);
#926 = CIRCLE('',#927,0.7);
#927 = AXIS2_PLACEMENT_2D('',#928,#929);
#928 = CARTESIAN_POINT('',(13.7,-88.7));
#929 = DIRECTION('',(-1.522591576629E-14,1.));
#930 = ( GEOMETRIC_REPRESENTATION_CONTEXT(2) 
PARAMETRIC_REPRESENTATION_CONTEXT() REPRESENTATION_CONTEXT('2D SPACE',''
  ) );
#931 = PCURVE('',#932,#937);
#932 = CYLINDRICAL_SURFACE('',#933,0.7);
#933 = AXIS2_PLACEMENT_3D('',#934,#935,#936);
#934 = CARTESIAN_POINT('',(13.7,-88.7,4.5E-02));
#935 = DIRECTION('',(-0.,-0.,-1.));
#936 = DIRECTION('',(-1.522591576629E-14,1.,0.));
#937 = DEFINITIONAL_REPRESENTATION('',(#938),#942);
#938 = LINE('',#939,#940);
#939 = CARTESIAN_POINT('',(6.28318530718,0.));
#940 = VECTOR('',#941,1.);
#941 = DIRECTION('',(-1.,0.));
#942 = ( GEOMETRIC_REPRESENTATION_CONTEXT(2) 
PARAMETRIC_REPRESENTATION_CONTEXT() REPRESENTATION_CONTEXT('2D SPACE',''
  ) );
#943 = ORIENTED_EDGE('',*,*,#944,.F.);
#944 = EDGE_CURVE('',#945,#914,#947,.T.);
#945 = VERTEX_POINT('',#946);
#946 = CARTESIAN_POINT('',(40.5,-88.,4.5E-02));
#947 = SURFACE_CURVE('',#948,(#952,#959),.PCURVE_S1.);
#948 = LINE('',#949,#950);
#949 = CARTESIAN_POINT('',(40.5,-88.,4.5E-02));
#950 = VECTOR('',#951,1.);
#951 = DIRECTION('',(-1.,0.,0.));
#952 = PCURVE('',#132,#953);
#953 = DEFINITIONAL_REPRESENTATION('',(#954),#958);
#954 = LINE('',#955,#956);
#955 = CARTESIAN_POINT('',(40.5,-88.));
#956 = VECTOR('',#957,1.);
#957 = DIRECTION('',(-1.,0.));
#958 = ( GEOMETRIC_REPRESENTATION_CONTEXT(2) 
PARAMETRIC_REPRESENTATION_CONTEXT() REPRESENTATION_CONTEXT('2D SPACE',''
  ) );
#959 = PCURVE('',#960,#965);
#960 = PLANE('',#961);
#961 = AXIS2_PLACEMENT_3D('',#962,#963,#964);
#962 = CARTESIAN_POINT('',(40.5,-88.,4.5E-02));
#963 = DIRECTION('',(0.,-1.,0.));
#964 = DIRECTION('',(-1.,0.,0.));
#965 = DEFINITIONAL_REPRESENTATION('',(#966),#970);
#966 = LINE('',#967,#968);
#967 = CARTESIAN_POINT('',(0.,-0.));
#968 = VECTOR('',#969,1.);
#969 = DIRECTION('',(1.,0.));
#970 = ( GEOMETRIC_REPRESENTATION_CONTEXT(2) 
PARAMETRIC_REPRESENTATION_CONTEXT() REPRESENTATION_CONTEXT('2D SPACE',''
  ) );
#971 = ORIENTED_EDGE('',*,*,#972,.F.);
#972 = EDGE_CURVE('',#973,#945,#975,.T.);
#973 = VERTEX_POINT('',#974);
#974 = CARTESIAN_POINT('',(40.5,-89.4,4.5E-02));
#975 = SURFACE_CURVE('',#976,(#981,#988),.PCURVE_S1.);
#976 = CIRCLE('',#977,0.7);
#977 = AXIS2_PLACEMENT_3D('',#978,#979,#980);
#978 = CARTESIAN_POINT('',(40.5,-88.7,4.5E-02));
#979 = DIRECTION('',(-0.,0.,1.));
#980 = DIRECTION('',(1.015061051086E-14,-1.,0.));
#981 = PCURVE('',#132,#982);
#982 = DEFINITIONAL_REPRESENTATION('',(#983),#987);
#983 = CIRCLE('',#984,0.7);
#984 = AXIS2_PLACEMENT_2D('',#985,#986);
#985 = CARTESIAN_POINT('',(40.5,-88.7));
#986 = DIRECTION('',(1.015061051086E-14,-1.));
#987 = ( GEOMETRIC_REPRESENTATION_CONTEXT(2) 
PARAMETRIC_REPRESENTATION_CONTEXT() REPRESENTATION_CONTEXT('2D SPACE',''
  ) );
#988 = PCURVE('',#989,#994);
#989 = CYLINDRICAL_SURFACE('',#990,0.7);
#990 = AXIS2_PLACEMENT_3D('',#991,#992,#993);
#991 = CARTESIAN_POINT('',(40.5,-88.7,4.5E-02));
#992 = DIRECTION('',(0.,0.,-1.));
#993 = DIRECTION('',(1.015061051086E-14,-1.,0.));
#994 = DEFINITIONAL_REPRESENTATION('',(#995),#999);
#995 = LINE('',#996,#997);
#996 = CARTESIAN_POINT('',(6.28318530718,0.));
#997 = VECTOR('',#998,1.);
#998 = DIRECTION('',(-1.,0.));
#999 = ( GEOMETRIC_REPRESENTATION_CONTEXT(2) 
PARAMETRIC_REPRESENTATION_CONTEXT() REPRESENTATION_CONTEXT('2D SPACE',''
  ) );
#1000 = ORIENTED_EDGE('',*,*,#1001,.F.);
#1001 = EDGE_CURVE('',#916,#973,#1002,.T.);
#1002 = SURFACE_CURVE('',#1003,(#1007,#1014),.PCURVE_S1.);
#1003 = LINE('',#1004,#1005);
#1004 = CARTESIAN_POINT('',(13.7,-89.4,4.5E-02));
#1005 = VECTOR('',#1006,1.);
#1006 = DIRECTION('',(1.,0.,0.));
#1007 = PCURVE('',#132,#1008);
#1008 = DEFINITIONAL_REPRESENTATION('',(#1009),#1013);
#1009 = LINE('',#1010,#1011);
#1010 = CARTESIAN_POINT('',(13.7,-89.4));
#1011 = VECTOR('',#1012,1.);
#1012 = DIRECTION('',(1.,0.));
#1013 = ( GEOMETRIC_REPRESENTATION_CONTEXT(2) 
PARAMETRIC_REPRESENTATION_CONTEXT() REPRESENTATION_CONTEXT('2D SPACE',''
  ) );
#1014 = PCURVE('',#1015,#1020);
#1015 = PLANE('',#1016);
#1016 = AXIS2_PLACEMENT_3D('',#1017,#1018,#1019);
#1017 = CARTESIAN_POINT('',(13.7,-89.4,4.5E-02));
#1018 = DIRECTION('',(0.,1.,0.));
#1019 = DIRECTION('',(1.,0.,0.));
#1020 = DEFINITIONAL_REPRESENTATION('',(#1021),#1025);
#1021 = LINE('',#1022,#1023);
#1022 = CARTESIAN_POINT('',(0.,0.));
#1023 = VECTOR('',#1024,1.);
#1024 = DIRECTION('',(1.,0.));
#1025 = ( GEOMETRIC_REPRESENTATION_CONTEXT(2) 
PARAMETRIC_REPRESENTATION_CONTEXT() REPRESENTATION_CONTEXT('2D SPACE',''
  ) );
#1026 = FACE_BOUND('',#1027,.F.);
#1027 = EDGE_LOOP('',(#1028));
#1028 = ORIENTED_EDGE('',*,*,#1029,.T.);
#1029 = EDGE_CURVE('',#1030,#1030,#1032,.T.);
#1030 = VERTEX_POINT('',#1031);
#1031 = CARTESIAN_POINT('',(25.34,-84.0085,4.5E-02));
#1032 = SURFACE_CURVE('',#1033,(#1038,#1049),.PCURVE_S1.);
#1033 = CIRCLE('',#1034,0.15);
#1034 = AXIS2_PLACEMENT_3D('',#1035,#1036,#1037);
#1035 = CARTESIAN_POINT('',(25.34,-83.8585,4.5E-02));
#1036 = DIRECTION('',(-0.,-0.,-1.));
#1037 = DIRECTION('',(0.,-1.,0.));
#1038 = PCURVE('',#132,#1039);
#1039 = DEFINITIONAL_REPRESENTATION('',(#1040),#1048);
#1040 = ( BOUNDED_CURVE() B_SPLINE_CURVE(2,(#1041,#1042,#1043,#1044,
#1045,#1046,#1047),.UNSPECIFIED.,.T.,.F.) B_SPLINE_CURVE_WITH_KNOTS((1,2
    ,2,2,2,1),(-2.094395102393,0.,2.094395102393,4.188790204786,
6.28318530718,8.377580409573),.UNSPECIFIED.) CURVE() 
GEOMETRIC_REPRESENTATION_ITEM() RATIONAL_B_SPLINE_CURVE((1.,0.5,1.,0.5,
1.,0.5,1.)) REPRESENTATION_ITEM('') );
#1041 = CARTESIAN_POINT('',(25.34,-84.0085));
#1042 = CARTESIAN_POINT('',(25.080192378865,-84.0085));
#1043 = CARTESIAN_POINT('',(25.210096189432,-83.7835));
#1044 = CARTESIAN_POINT('',(25.34,-83.5585));
#1045 = CARTESIAN_POINT('',(25.469903810568,-83.7835));
#1046 = CARTESIAN_POINT('',(25.599807621135,-84.0085));
#1047 = CARTESIAN_POINT('',(25.34,-84.0085));
#1048 = ( GEOMETRIC_REPRESENTATION_CONTEXT(2) 
PARAMETRIC_REPRESENTATION_CONTEXT() REPRESENTATION_CONTEXT('2D SPACE',''
  ) );
#1049 = PCURVE('',#1050,#1055);
#1050 = CYLINDRICAL_SURFACE('',#1051,0.15);
#1051 = AXIS2_PLACEMENT_3D('',#1052,#1053,#1054);
#1052 = CARTESIAN_POINT('',(25.34,-83.8585,9.E-03));
#1053 = DIRECTION('',(-0.,-0.,-1.));
#1054 = DIRECTION('',(0.,-1.,0.));
#1055 = DEFINITIONAL_REPRESENTATION('',(#1056),#1060);
#1056 = LINE('',#1057,#1058);
#1057 = CARTESIAN_POINT('',(0.,-3.6E-02));
#1058 = VECTOR('',#1059,1.);
#1059 = DIRECTION('',(1.,0.));
#1060 = ( GEOMETRIC_REPRESENTATION_CONTEXT(2) 
PARAMETRIC_REPRESENTATION_CONTEXT() REPRESENTATION_CONTEXT('2D SPACE',''
  ) );
#1061 = FACE_BOUND('',#1062,.F.);
#1062 = EDGE_LOOP('',(#1063));
#1063 = ORIENTED_EDGE('',*,*,#1064,.T.);
#1064 = EDGE_CURVE('',#1065,#1065,#1067,.T.);
#1065 = VERTEX_POINT('',#1066);
#1066 = CARTESIAN_POINT('',(26.0937,-84.0504,4.5E-02));
#1067 = SURFACE_CURVE('',#1068,(#1073,#1084),.PCURVE_S1.);
#1068 = CIRCLE('',#1069,0.15);
#1069 = AXIS2_PLACEMENT_3D('',#1070,#1071,#1072);
#1070 = CARTESIAN_POINT('',(26.0937,-83.9004,4.5E-02));
#1071 = DIRECTION('',(-0.,-0.,-1.));
#1072 = DIRECTION('',(0.,-1.,0.));
#1073 = PCURVE('',#132,#1074);
#1074 = DEFINITIONAL_REPRESENTATION('',(#1075),#1083);
#1075 = ( BOUNDED_CURVE() B_SPLINE_CURVE(2,(#1076,#1077,#1078,#1079,
#1080,#1081,#1082),.UNSPECIFIED.,.T.,.F.) B_SPLINE_CURVE_WITH_KNOTS((1,2
    ,2,2,2,1),(-2.094395102393,0.,2.094395102393,4.188790204786,
6.28318530718,8.377580409573),.UNSPECIFIED.) CURVE() 
GEOMETRIC_REPRESENTATION_ITEM() RATIONAL_B_SPLINE_CURVE((1.,0.5,1.,0.5,
1.,0.5,1.)) REPRESENTATION_ITEM('') );
#1076 = CARTESIAN_POINT('',(26.0937,-84.0504));
#1077 = CARTESIAN_POINT('',(25.833892378865,-84.0504));
#1078 = CARTESIAN_POINT('',(25.963796189432,-83.8254));
#1079 = CARTESIAN_POINT('',(26.0937,-83.6004));
#1080 = CARTESIAN_POINT('',(26.223603810568,-83.8254));
#1081 = CARTESIAN_POINT('',(26.353507621135,-84.0504));
#1082 = CARTESIAN_POINT('',(26.0937,-84.0504));
#1083 = ( GEOMETRIC_REPRESENTATION_CONTEXT(2) 
PARAMETRIC_REPRESENTATION_CONTEXT() REPRESENTATION_CONTEXT('2D SPACE',''
  ) );
#1084 = PCURVE('',#1085,#1090);
#1085 = CYLINDRICAL_SURFACE('',#1086,0.15);
#1086 = AXIS2_PLACEMENT_3D('',#1087,#1088,#1089);
#1087 = CARTESIAN_POINT('',(26.0937,-83.9004,9.E-03));
#1088 = DIRECTION('',(-0.,-0.,-1.));
#1089 = DIRECTION('',(0.,-1.,0.));
#1090 = DEFINITIONAL_REPRESENTATION('',(#1091),#1095);
#1091 = LINE('',#1092,#1093);
#1092 = CARTESIAN_POINT('',(0.,-3.6E-02));
#1093 = VECTOR('',#1094,1.);
#1094 = DIRECTION('',(1.,0.));
#1095 = ( GEOMETRIC_REPRESENTATION_CONTEXT(2) 
PARAMETRIC_REPRESENTATION_CONTEXT() REPRESENTATION_CONTEXT('2D SPACE',''
  ) );
#1096 = FACE_BOUND('',#1097,.F.);
#1097 = EDGE_LOOP('',(#1098));
#1098 = ORIENTED_EDGE('',*,*,#1099,.T.);
#1099 = EDGE_CURVE('',#1100,#1100,#1102,.T.);
#1100 = VERTEX_POINT('',#1101);
#1101 = CARTESIAN_POINT('',(18.8411,-82.2968,4.5E-02));
#1102 = SURFACE_CURVE('',#1103,(#1108,#1119),.PCURVE_S1.);
#1103 = CIRCLE('',#1104,0.15);
#1104 = AXIS2_PLACEMENT_3D('',#1105,#1106,#1107);
#1105 = CARTESIAN_POINT('',(18.8411,-82.1468,4.5E-02));
#1106 = DIRECTION('',(0.,-0.,-1.));
#1107 = DIRECTION('',(2.368475785867E-14,-1.,0.));
#1108 = PCURVE('',#132,#1109);
#1109 = DEFINITIONAL_REPRESENTATION('',(#1110),#1118);
#1110 = ( BOUNDED_CURVE() B_SPLINE_CURVE(2,(#1111,#1112,#1113,#1114,
#1115,#1116,#1117),.UNSPECIFIED.,.T.,.F.) B_SPLINE_CURVE_WITH_KNOTS((1,2
    ,2,2,2,1),(-2.094395102393,0.,2.094395102393,4.188790204786,
6.28318530718,8.377580409573),.UNSPECIFIED.) CURVE() 
GEOMETRIC_REPRESENTATION_ITEM() RATIONAL_B_SPLINE_CURVE((1.,0.5,1.,0.5,
1.,0.5,1.)) REPRESENTATION_ITEM('') );
#1111 = CARTESIAN_POINT('',(18.8411,-82.2968));
#1112 = CARTESIAN_POINT('',(18.581292378865,-82.2968));
#1113 = CARTESIAN_POINT('',(18.711196189432,-82.0718));
#1114 = CARTESIAN_POINT('',(18.8411,-81.8468));
#1115 = CARTESIAN_POINT('',(18.971003810568,-82.0718));
#1116 = CARTESIAN_POINT('',(19.100907621135,-82.2968));
#1117 = CARTESIAN_POINT('',(18.8411,-82.2968));
#1118 = ( GEOMETRIC_REPRESENTATION_CONTEXT(2) 
PARAMETRIC_REPRESENTATION_CONTEXT() REPRESENTATION_CONTEXT('2D SPACE',''
  ) );
#1119 = PCURVE('',#1120,#1125);
#1120 = CYLINDRICAL_SURFACE('',#1121,0.15);
#1121 = AXIS2_PLACEMENT_3D('',#1122,#1123,#1124);
#1122 = CARTESIAN_POINT('',(18.8411,-82.1468,9.E-03));
#1123 = DIRECTION('',(0.,0.,-1.));
#1124 = DIRECTION('',(2.368475785867E-14,-1.,0.));
#1125 = DEFINITIONAL_REPRESENTATION('',(#1126),#1130);
#1126 = LINE('',#1127,#1128);
#1127 = CARTESIAN_POINT('',(0.,-3.6E-02));
#1128 = VECTOR('',#1129,1.);
#1129 = DIRECTION('',(1.,0.));
#1130 = ( GEOMETRIC_REPRESENTATION_CONTEXT(2) 
PARAMETRIC_REPRESENTATION_CONTEXT() REPRESENTATION_CONTEXT('2D SPACE',''
  ) );
#1131 = FACE_BOUND('',#1132,.F.);
#1132 = EDGE_LOOP('',(#1133));
#1133 = ORIENTED_EDGE('',*,*,#1134,.T.);
#1134 = EDGE_CURVE('',#1135,#1135,#1137,.T.);
#1135 = VERTEX_POINT('',#1136);
#1136 = CARTESIAN_POINT('',(18.7038,-81.5173,4.5E-02));
#1137 = SURFACE_CURVE('',#1138,(#1143,#1154),.PCURVE_S1.);
#1138 = CIRCLE('',#1139,0.15);
#1139 = AXIS2_PLACEMENT_3D('',#1140,#1141,#1142);
#1140 = CARTESIAN_POINT('',(18.7038,-81.3673,4.5E-02));
#1141 = DIRECTION('',(-0.,-0.,-1.));
#1142 = DIRECTION('',(0.,-1.,0.));
#1143 = PCURVE('',#132,#1144);
#1144 = DEFINITIONAL_REPRESENTATION('',(#1145),#1153);
#1145 = ( BOUNDED_CURVE() B_SPLINE_CURVE(2,(#1146,#1147,#1148,#1149,
#1150,#1151,#1152),.UNSPECIFIED.,.T.,.F.) B_SPLINE_CURVE_WITH_KNOTS((1,2
    ,2,2,2,1),(-2.094395102393,0.,2.094395102393,4.188790204786,
6.28318530718,8.377580409573),.UNSPECIFIED.) CURVE() 
GEOMETRIC_REPRESENTATION_ITEM() RATIONAL_B_SPLINE_CURVE((1.,0.5,1.,0.5,
1.,0.5,1.)) REPRESENTATION_ITEM('') );
#1146 = CARTESIAN_POINT('',(18.7038,-81.5173));
#1147 = CARTESIAN_POINT('',(18.443992378865,-81.5173));
#1148 = CARTESIAN_POINT('',(18.573896189432,-81.2923));
#1149 = CARTESIAN_POINT('',(18.7038,-81.0673));
#1150 = CARTESIAN_POINT('',(18.833703810568,-81.2923));
#1151 = CARTESIAN_POINT('',(18.963607621135,-81.5173));
#1152 = CARTESIAN_POINT('',(18.7038,-81.5173));
#1153 = ( GEOMETRIC_REPRESENTATION_CONTEXT(2) 
PARAMETRIC_REPRESENTATION_CONTEXT() REPRESENTATION_CONTEXT('2D SPACE',''
  ) );
#1154 = PCURVE('',#1155,#1160);
#1155 = CYLINDRICAL_SURFACE('',#1156,0.15);
#1156 = AXIS2_PLACEMENT_3D('',#1157,#1158,#1159);
#1157 = CARTESIAN_POINT('',(18.7038,-81.3673,9.E-03));
#1158 = DIRECTION('',(-0.,-0.,-1.));
#1159 = DIRECTION('',(0.,-1.,0.));
#1160 = DEFINITIONAL_REPRESENTATION('',(#1161),#1165);
#1161 = LINE('',#1162,#1163);
#1162 = CARTESIAN_POINT('',(0.,-3.6E-02));
#1163 = VECTOR('',#1164,1.);
#1164 = DIRECTION('',(1.,0.));
#1165 = ( GEOMETRIC_REPRESENTATION_CONTEXT(2) 
PARAMETRIC_REPRESENTATION_CONTEXT() REPRESENTATION_CONTEXT('2D SPACE',''
  ) );
#1166 = FACE_BOUND('',#1167,.F.);
#1167 = EDGE_LOOP('',(#1168));
#1168 = ORIENTED_EDGE('',*,*,#1169,.T.);
#1169 = EDGE_CURVE('',#1170,#1170,#1172,.T.);
#1170 = VERTEX_POINT('',#1171);
#1171 = CARTESIAN_POINT('',(19.65,-81.55,4.5E-02));
#1172 = SURFACE_CURVE('',#1173,(#1178,#1189),.PCURVE_S1.);
#1173 = CIRCLE('',#1174,0.15);
#1174 = AXIS2_PLACEMENT_3D('',#1175,#1176,#1177);
#1175 = CARTESIAN_POINT('',(19.65,-81.4,4.5E-02));
#1176 = DIRECTION('',(-0.,-0.,-1.));
#1177 = DIRECTION('',(0.,-1.,0.));
#1178 = PCURVE('',#132,#1179);
#1179 = DEFINITIONAL_REPRESENTATION('',(#1180),#1188);
#1180 = ( BOUNDED_CURVE() B_SPLINE_CURVE(2,(#1181,#1182,#1183,#1184,
#1185,#1186,#1187),.UNSPECIFIED.,.T.,.F.) B_SPLINE_CURVE_WITH_KNOTS((1,2
    ,2,2,2,1),(-2.094395102393,0.,2.094395102393,4.188790204786,
6.28318530718,8.377580409573),.UNSPECIFIED.) CURVE() 
GEOMETRIC_REPRESENTATION_ITEM() RATIONAL_B_SPLINE_CURVE((1.,0.5,1.,0.5,
1.,0.5,1.)) REPRESENTATION_ITEM('') );
#1181 = CARTESIAN_POINT('',(19.65,-81.55));
#1182 = CARTESIAN_POINT('',(19.390192378865,-81.55));
#1183 = CARTESIAN_POINT('',(19.520096189432,-81.325));
#1184 = CARTESIAN_POINT('',(19.65,-81.1));
#1185 = CARTESIAN_POINT('',(19.779903810568,-81.325));
#1186 = CARTESIAN_POINT('',(19.909807621135,-81.55));
#1187 = CARTESIAN_POINT('',(19.65,-81.55));
#1188 = ( GEOMETRIC_REPRESENTATION_CONTEXT(2) 
PARAMETRIC_REPRESENTATION_CONTEXT() REPRESENTATION_CONTEXT('2D SPACE',''
  ) );
#1189 = PCURVE('',#1190,#1195);
#1190 = CYLINDRICAL_SURFACE('',#1191,0.15);
#1191 = AXIS2_PLACEMENT_3D('',#1192,#1193,#1194);
#1192 = CARTESIAN_POINT('',(19.65,-81.4,9.E-03));
#1193 = DIRECTION('',(-0.,-0.,-1.));
#1194 = DIRECTION('',(0.,-1.,0.));
#1195 = DEFINITIONAL_REPRESENTATION('',(#1196),#1200);
#1196 = LINE('',#1197,#1198);
#1197 = CARTESIAN_POINT('',(0.,-3.6E-02));
#1198 = VECTOR('',#1199,1.);
#1199 = DIRECTION('',(1.,0.));
#1200 = ( GEOMETRIC_REPRESENTATION_CONTEXT(2) 
PARAMETRIC_REPRESENTATION_CONTEXT() REPRESENTATION_CONTEXT('2D SPACE',''
  ) );
#1201 = FACE_BOUND('',#1202,.F.);
#1202 = EDGE_LOOP('',(#1203));
#1203 = ORIENTED_EDGE('',*,*,#1204,.T.);
#1204 = EDGE_CURVE('',#1205,#1205,#1207,.T.);
#1205 = VERTEX_POINT('',#1206);
#1206 = CARTESIAN_POINT('',(20.2791,-82.2903,4.5E-02));
#1207 = SURFACE_CURVE('',#1208,(#1213,#1224),.PCURVE_S1.);
#1208 = CIRCLE('',#1209,0.15);
#1209 = AXIS2_PLACEMENT_3D('',#1210,#1211,#1212);
#1210 = CARTESIAN_POINT('',(20.2791,-82.1403,4.5E-02));
#1211 = DIRECTION('',(-0.,-0.,-1.));
#1212 = DIRECTION('',(0.,-1.,0.));
#1213 = PCURVE('',#132,#1214);
#1214 = DEFINITIONAL_REPRESENTATION('',(#1215),#1223);
#1215 = ( BOUNDED_CURVE() B_SPLINE_CURVE(2,(#1216,#1217,#1218,#1219,
#1220,#1221,#1222),.UNSPECIFIED.,.T.,.F.) B_SPLINE_CURVE_WITH_KNOTS((1,2
    ,2,2,2,1),(-2.094395102393,0.,2.094395102393,4.188790204786,
6.28318530718,8.377580409573),.UNSPECIFIED.) CURVE() 
GEOMETRIC_REPRESENTATION_ITEM() RATIONAL_B_SPLINE_CURVE((1.,0.5,1.,0.5,
1.,0.5,1.)) REPRESENTATION_ITEM('') );
#1216 = CARTESIAN_POINT('',(20.2791,-82.2903));
#1217 = CARTESIAN_POINT('',(20.019292378865,-82.2903));
#1218 = CARTESIAN_POINT('',(20.149196189432,-82.0653));
#1219 = CARTESIAN_POINT('',(20.2791,-81.8403));
#1220 = CARTESIAN_POINT('',(20.409003810568,-82.0653));
#1221 = CARTESIAN_POINT('',(20.538907621135,-82.2903));
#1222 = CARTESIAN_POINT('',(20.2791,-82.2903));
#1223 = ( GEOMETRIC_REPRESENTATION_CONTEXT(2) 
PARAMETRIC_REPRESENTATION_CONTEXT() REPRESENTATION_CONTEXT('2D SPACE',''
  ) );
#1224 = PCURVE('',#1225,#1230);
#1225 = CYLINDRICAL_SURFACE('',#1226,0.15);
#1226 = AXIS2_PLACEMENT_3D('',#1227,#1228,#1229);
#1227 = CARTESIAN_POINT('',(20.2791,-82.1403,9.E-03));
#1228 = DIRECTION('',(-0.,-0.,-1.));
#1229 = DIRECTION('',(0.,-1.,0.));
#1230 = DEFINITIONAL_REPRESENTATION('',(#1231),#1235);
#1231 = LINE('',#1232,#1233);
#1232 = CARTESIAN_POINT('',(0.,-3.6E-02));
#1233 = VECTOR('',#1234,1.);
#1234 = DIRECTION('',(1.,0.));
#1235 = ( GEOMETRIC_REPRESENTATION_CONTEXT(2) 
PARAMETRIC_REPRESENTATION_CONTEXT() REPRESENTATION_CONTEXT('2D SPACE',''
  ) );
#1236 = FACE_BOUND('',#1237,.F.);
#1237 = EDGE_LOOP('',(#1238));
#1238 = ORIENTED_EDGE('',*,*,#1239,.T.);
#1239 = EDGE_CURVE('',#1240,#1240,#1242,.T.);
#1240 = VERTEX_POINT('',#1241);
#1241 = CARTESIAN_POINT('',(21.1717,-81.7073,4.5E-02));
#1242 = SURFACE_CURVE('',#1243,(#1248,#1259),.PCURVE_S1.);
#1243 = CIRCLE('',#1244,0.15);
#1244 = AXIS2_PLACEMENT_3D('',#1245,#1246,#1247);
#1245 = CARTESIAN_POINT('',(21.1717,-81.5573,4.5E-02));
#1246 = DIRECTION('',(-0.,-0.,-1.));
#1247 = DIRECTION('',(0.,-1.,0.));
#1248 = PCURVE('',#132,#1249);
#1249 = DEFINITIONAL_REPRESENTATION('',(#1250),#1258);
#1250 = ( BOUNDED_CURVE() B_SPLINE_CURVE(2,(#1251,#1252,#1253,#1254,
#1255,#1256,#1257),.UNSPECIFIED.,.T.,.F.) B_SPLINE_CURVE_WITH_KNOTS((1,2
    ,2,2,2,1),(-2.094395102393,0.,2.094395102393,4.188790204786,
6.28318530718,8.377580409573),.UNSPECIFIED.) CURVE() 
GEOMETRIC_REPRESENTATION_ITEM() RATIONAL_B_SPLINE_CURVE((1.,0.5,1.,0.5,
1.,0.5,1.)) REPRESENTATION_ITEM('') );
#1251 = CARTESIAN_POINT('',(21.1717,-81.7073));
#1252 = CARTESIAN_POINT('',(20.911892378865,-81.7073));
#1253 = CARTESIAN_POINT('',(21.041796189432,-81.4823));
#1254 = CARTESIAN_POINT('',(21.1717,-81.2573));
#1255 = CARTESIAN_POINT('',(21.301603810568,-81.4823));
#1256 = CARTESIAN_POINT('',(21.431507621135,-81.7073));
#1257 = CARTESIAN_POINT('',(21.1717,-81.7073));
#1258 = ( GEOMETRIC_REPRESENTATION_CONTEXT(2) 
PARAMETRIC_REPRESENTATION_CONTEXT() REPRESENTATION_CONTEXT('2D SPACE',''
  ) );
#1259 = PCURVE('',#1260,#1265);
#1260 = CYLINDRICAL_SURFACE('',#1261,0.15);
#1261 = AXIS2_PLACEMENT_3D('',#1262,#1263,#1264);
#1262 = CARTESIAN_POINT('',(21.1717,-81.5573,9.E-03));
#1263 = DIRECTION('',(-0.,-0.,-1.));
#1264 = DIRECTION('',(0.,-1.,0.));
#1265 = DEFINITIONAL_REPRESENTATION('',(#1266),#1270);
#1266 = LINE('',#1267,#1268);
#1267 = CARTESIAN_POINT('',(0.,-3.6E-02));
#1268 = VECTOR('',#1269,1.);
#1269 = DIRECTION('',(1.,0.));
#1270 = ( GEOMETRIC_REPRESENTATION_CONTEXT(2) 
PARAMETRIC_REPRESENTATION_CONTEXT() REPRESENTATION_CONTEXT('2D SPACE',''
  ) );
#1271 = FACE_BOUND('',#1272,.F.);
#1272 = EDGE_LOOP('',(#1273));
#1273 = ORIENTED_EDGE('',*,*,#1274,.T.);
#1274 = EDGE_CURVE('',#1275,#1275,#1277,.T.);
#1275 = VERTEX_POINT('',#1276);
#1276 = CARTESIAN_POINT('',(20.9518,-80.9553,4.5E-02));
#1277 = SURFACE_CURVE('',#1278,(#1283,#1294),.PCURVE_S1.);
#1278 = CIRCLE('',#1279,0.15);
#1279 = AXIS2_PLACEMENT_3D('',#1280,#1281,#1282);
#1280 = CARTESIAN_POINT('',(20.9518,-80.8053,4.5E-02));
#1281 = DIRECTION('',(-0.,-0.,-1.));
#1282 = DIRECTION('',(0.,-1.,0.));
#1283 = PCURVE('',#132,#1284);
#1284 = DEFINITIONAL_REPRESENTATION('',(#1285),#1293);
#1285 = ( BOUNDED_CURVE() B_SPLINE_CURVE(2,(#1286,#1287,#1288,#1289,
#1290,#1291,#1292),.UNSPECIFIED.,.T.,.F.) B_SPLINE_CURVE_WITH_KNOTS((1,2
    ,2,2,2,1),(-2.094395102393,0.,2.094395102393,4.188790204786,
6.28318530718,8.377580409573),.UNSPECIFIED.) CURVE() 
GEOMETRIC_REPRESENTATION_ITEM() RATIONAL_B_SPLINE_CURVE((1.,0.5,1.,0.5,
1.,0.5,1.)) REPRESENTATION_ITEM('') );
#1286 = CARTESIAN_POINT('',(20.9518,-80.9553));
#1287 = CARTESIAN_POINT('',(20.691992378865,-80.9553));
#1288 = CARTESIAN_POINT('',(20.821896189432,-80.7303));
#1289 = CARTESIAN_POINT('',(20.9518,-80.5053));
#1290 = CARTESIAN_POINT('',(21.081703810568,-80.7303));
#1291 = CARTESIAN_POINT('',(21.211607621135,-80.9553));
#1292 = CARTESIAN_POINT('',(20.9518,-80.9553));
#1293 = ( GEOMETRIC_REPRESENTATION_CONTEXT(2) 
PARAMETRIC_REPRESENTATION_CONTEXT() REPRESENTATION_CONTEXT('2D SPACE',''
  ) );
#1294 = PCURVE('',#1295,#1300);
#1295 = CYLINDRICAL_SURFACE('',#1296,0.15);
#1296 = AXIS2_PLACEMENT_3D('',#1297,#1298,#1299);
#1297 = CARTESIAN_POINT('',(20.9518,-80.8053,9.E-03));
#1298 = DIRECTION('',(-0.,-0.,-1.));
#1299 = DIRECTION('',(0.,-1.,0.));
#1300 = DEFINITIONAL_REPRESENTATION('',(#1301),#1305);
#1301 = LINE('',#1302,#1303);
#1302 = CARTESIAN_POINT('',(0.,-3.6E-02));
#1303 = VECTOR('',#1304,1.);
#1304 = DIRECTION('',(1.,0.));
#1305 = ( GEOMETRIC_REPRESENTATION_CONTEXT(2) 
PARAMETRIC_REPRESENTATION_CONTEXT() REPRESENTATION_CONTEXT('2D SPACE',''
  ) );
#1306 = FACE_BOUND('',#1307,.F.);
#1307 = EDGE_LOOP('',(#1308));
#1308 = ORIENTED_EDGE('',*,*,#1309,.T.);
#1309 = EDGE_CURVE('',#1310,#1310,#1312,.T.);
#1310 = VERTEX_POINT('',#1311);
#1311 = CARTESIAN_POINT('',(18.9638,-79.8671,4.5E-02));
#1312 = SURFACE_CURVE('',#1313,(#1318,#1329),.PCURVE_S1.);
#1313 = CIRCLE('',#1314,0.15);
#1314 = AXIS2_PLACEMENT_3D('',#1315,#1316,#1317);
#1315 = CARTESIAN_POINT('',(18.9638,-79.7171,4.5E-02));
#1316 = DIRECTION('',(-0.,-0.,-1.));
#1317 = DIRECTION('',(0.,-1.,0.));
#1318 = PCURVE('',#132,#1319);
#1319 = DEFINITIONAL_REPRESENTATION('',(#1320),#1328);
#1320 = ( BOUNDED_CURVE() B_SPLINE_CURVE(2,(#1321,#1322,#1323,#1324,
#1325,#1326,#1327),.UNSPECIFIED.,.T.,.F.) B_SPLINE_CURVE_WITH_KNOTS((1,2
    ,2,2,2,1),(-2.094395102393,0.,2.094395102393,4.188790204786,
6.28318530718,8.377580409573),.UNSPECIFIED.) CURVE() 
GEOMETRIC_REPRESENTATION_ITEM() RATIONAL_B_SPLINE_CURVE((1.,0.5,1.,0.5,
1.,0.5,1.)) REPRESENTATION_ITEM('') );
#1321 = CARTESIAN_POINT('',(18.9638,-79.8671));
#1322 = CARTESIAN_POINT('',(18.703992378865,-79.8671));
#1323 = CARTESIAN_POINT('',(18.833896189432,-79.6421));
#1324 = CARTESIAN_POINT('',(18.9638,-79.4171));
#1325 = CARTESIAN_POINT('',(19.093703810568,-79.6421));
#1326 = CARTESIAN_POINT('',(19.223607621135,-79.8671));
#1327 = CARTESIAN_POINT('',(18.9638,-79.8671));
#1328 = ( GEOMETRIC_REPRESENTATION_CONTEXT(2) 
PARAMETRIC_REPRESENTATION_CONTEXT() REPRESENTATION_CONTEXT('2D SPACE',''
  ) );
#1329 = PCURVE('',#1330,#1335);
#1330 = CYLINDRICAL_SURFACE('',#1331,0.15);
#1331 = AXIS2_PLACEMENT_3D('',#1332,#1333,#1334);
#1332 = CARTESIAN_POINT('',(18.9638,-79.7171,9.E-03));
#1333 = DIRECTION('',(-0.,-0.,-1.));
#1334 = DIRECTION('',(0.,-1.,0.));
#1335 = DEFINITIONAL_REPRESENTATION('',(#1336),#1340);
#1336 = LINE('',#1337,#1338);
#1337 = CARTESIAN_POINT('',(0.,-3.6E-02));
#1338 = VECTOR('',#1339,1.);
#1339 = DIRECTION('',(1.,0.));
#1340 = ( GEOMETRIC_REPRESENTATION_CONTEXT(2) 
PARAMETRIC_REPRESENTATION_CONTEXT() REPRESENTATION_CONTEXT('2D SPACE',''
  ) );
#1341 = FACE_BOUND('',#1342,.F.);
#1342 = EDGE_LOOP('',(#1343));
#1343 = ORIENTED_EDGE('',*,*,#1344,.T.);
#1344 = EDGE_CURVE('',#1345,#1345,#1347,.T.);
#1345 = VERTEX_POINT('',#1346);
#1346 = CARTESIAN_POINT('',(23.2736,-81.276,4.5E-02));
#1347 = SURFACE_CURVE('',#1348,(#1353,#1364),.PCURVE_S1.);
#1348 = CIRCLE('',#1349,0.15);
#1349 = AXIS2_PLACEMENT_3D('',#1350,#1351,#1352);
#1350 = CARTESIAN_POINT('',(23.2736,-81.126,4.5E-02));
#1351 = DIRECTION('',(-0.,0.,-1.));
#1352 = DIRECTION('',(-2.368475785867E-14,-1.,0.));
#1353 = PCURVE('',#132,#1354);
#1354 = DEFINITIONAL_REPRESENTATION('',(#1355),#1363);
#1355 = ( BOUNDED_CURVE() B_SPLINE_CURVE(2,(#1356,#1357,#1358,#1359,
#1360,#1361,#1362),.UNSPECIFIED.,.T.,.F.) B_SPLINE_CURVE_WITH_KNOTS((1,2
    ,2,2,2,1),(-2.094395102393,0.,2.094395102393,4.188790204786,
6.28318530718,8.377580409573),.UNSPECIFIED.) CURVE() 
GEOMETRIC_REPRESENTATION_ITEM() RATIONAL_B_SPLINE_CURVE((1.,0.5,1.,0.5,
1.,0.5,1.)) REPRESENTATION_ITEM('') );
#1356 = CARTESIAN_POINT('',(23.2736,-81.276));
#1357 = CARTESIAN_POINT('',(23.013792378865,-81.276));
#1358 = CARTESIAN_POINT('',(23.143696189432,-81.051));
#1359 = CARTESIAN_POINT('',(23.2736,-80.826));
#1360 = CARTESIAN_POINT('',(23.403503810568,-81.051));
#1361 = CARTESIAN_POINT('',(23.533407621135,-81.276));
#1362 = CARTESIAN_POINT('',(23.2736,-81.276));
#1363 = ( GEOMETRIC_REPRESENTATION_CONTEXT(2) 
PARAMETRIC_REPRESENTATION_CONTEXT() REPRESENTATION_CONTEXT('2D SPACE',''
  ) );
#1364 = PCURVE('',#1365,#1370);
#1365 = CYLINDRICAL_SURFACE('',#1366,0.15);
#1366 = AXIS2_PLACEMENT_3D('',#1367,#1368,#1369);
#1367 = CARTESIAN_POINT('',(23.2736,-81.126,9.E-03));
#1368 = DIRECTION('',(-0.,-0.,-1.));
#1369 = DIRECTION('',(-2.368475785867E-14,-1.,0.));
#1370 = DEFINITIONAL_REPRESENTATION('',(#1371),#1375);
#1371 = LINE('',#1372,#1373);
#1372 = CARTESIAN_POINT('',(0.,-3.6E-02));
#1373 = VECTOR('',#1374,1.);
#1374 = DIRECTION('',(1.,0.));
#1375 = ( GEOMETRIC_REPRESENTATION_CONTEXT(2) 
PARAMETRIC_REPRESENTATION_CONTEXT() REPRESENTATION_CONTEXT('2D SPACE',''
  ) );
#1376 = FACE_BOUND('',#1377,.F.);
#1377 = EDGE_LOOP('',(#1378));
#1378 = ORIENTED_EDGE('',*,*,#1379,.T.);
#1379 = EDGE_CURVE('',#1380,#1380,#1382,.T.);
#1380 = VERTEX_POINT('',#1381);
#1381 = CARTESIAN_POINT('',(18.9638,-77.15,4.5E-02));
#1382 = SURFACE_CURVE('',#1383,(#1388,#1399),.PCURVE_S1.);
#1383 = CIRCLE('',#1384,0.15);
#1384 = AXIS2_PLACEMENT_3D('',#1385,#1386,#1387);
#1385 = CARTESIAN_POINT('',(18.9638,-77.,4.5E-02));
#1386 = DIRECTION('',(-0.,-0.,-1.));
#1387 = DIRECTION('',(0.,-1.,0.));
#1388 = PCURVE('',#132,#1389);
#1389 = DEFINITIONAL_REPRESENTATION('',(#1390),#1398);
#1390 = ( BOUNDED_CURVE() B_SPLINE_CURVE(2,(#1391,#1392,#1393,#1394,
#1395,#1396,#1397),.UNSPECIFIED.,.T.,.F.) B_SPLINE_CURVE_WITH_KNOTS((1,2
    ,2,2,2,1),(-2.094395102393,0.,2.094395102393,4.188790204786,
6.28318530718,8.377580409573),.UNSPECIFIED.) CURVE() 
GEOMETRIC_REPRESENTATION_ITEM() RATIONAL_B_SPLINE_CURVE((1.,0.5,1.,0.5,
1.,0.5,1.)) REPRESENTATION_ITEM('') );
#1391 = CARTESIAN_POINT('',(18.9638,-77.15));
#1392 = CARTESIAN_POINT('',(18.703992378865,-77.15));
#1393 = CARTESIAN_POINT('',(18.833896189432,-76.925));
#1394 = CARTESIAN_POINT('',(18.9638,-76.7));
#1395 = CARTESIAN_POINT('',(19.093703810568,-76.925));
#1396 = CARTESIAN_POINT('',(19.223607621135,-77.15));
#1397 = CARTESIAN_POINT('',(18.9638,-77.15));
#1398 = ( GEOMETRIC_REPRESENTATION_CONTEXT(2) 
PARAMETRIC_REPRESENTATION_CONTEXT() REPRESENTATION_CONTEXT('2D SPACE',''
  ) );
#1399 = PCURVE('',#1400,#1405);
#1400 = CYLINDRICAL_SURFACE('',#1401,0.15);
#1401 = AXIS2_PLACEMENT_3D('',#1402,#1403,#1404);
#1402 = CARTESIAN_POINT('',(18.9638,-77.,9.E-03));
#1403 = DIRECTION('',(-0.,-0.,-1.));
#1404 = DIRECTION('',(0.,-1.,0.));
#1405 = DEFINITIONAL_REPRESENTATION('',(#1406),#1410);
#1406 = LINE('',#1407,#1408);
#1407 = CARTESIAN_POINT('',(0.,-3.6E-02));
#1408 = VECTOR('',#1409,1.);
#1409 = DIRECTION('',(1.,0.));
#1410 = ( GEOMETRIC_REPRESENTATION_CONTEXT(2) 
PARAMETRIC_REPRESENTATION_CONTEXT() REPRESENTATION_CONTEXT('2D SPACE',''
  ) );
#1411 = FACE_BOUND('',#1412,.F.);
#1412 = EDGE_LOOP('',(#1413));
#1413 = ORIENTED_EDGE('',*,*,#1414,.T.);
#1414 = EDGE_CURVE('',#1415,#1415,#1417,.T.);
#1415 = VERTEX_POINT('',#1416);
#1416 = CARTESIAN_POINT('',(23.0537,-75.9219,4.5E-02));
#1417 = SURFACE_CURVE('',#1418,(#1423,#1434),.PCURVE_S1.);
#1418 = CIRCLE('',#1419,0.15);
#1419 = AXIS2_PLACEMENT_3D('',#1420,#1421,#1422);
#1420 = CARTESIAN_POINT('',(23.0537,-75.7719,4.5E-02));
#1421 = DIRECTION('',(-0.,-0.,-1.));
#1422 = DIRECTION('',(0.,-1.,0.));
#1423 = PCURVE('',#132,#1424);
#1424 = DEFINITIONAL_REPRESENTATION('',(#1425),#1433);
#1425 = ( BOUNDED_CURVE() B_SPLINE_CURVE(2,(#1426,#1427,#1428,#1429,
#1430,#1431,#1432),.UNSPECIFIED.,.T.,.F.) B_SPLINE_CURVE_WITH_KNOTS((1,2
    ,2,2,2,1),(-2.094395102393,0.,2.094395102393,4.188790204786,
6.28318530718,8.377580409573),.UNSPECIFIED.) CURVE() 
GEOMETRIC_REPRESENTATION_ITEM() RATIONAL_B_SPLINE_CURVE((1.,0.5,1.,0.5,
1.,0.5,1.)) REPRESENTATION_ITEM('') );
#1426 = CARTESIAN_POINT('',(23.0537,-75.9219));
#1427 = CARTESIAN_POINT('',(22.793892378865,-75.9219));
#1428 = CARTESIAN_POINT('',(22.923796189432,-75.6969));
#1429 = CARTESIAN_POINT('',(23.0537,-75.4719));
#1430 = CARTESIAN_POINT('',(23.183603810568,-75.6969));
#1431 = CARTESIAN_POINT('',(23.313507621135,-75.9219));
#1432 = CARTESIAN_POINT('',(23.0537,-75.9219));
#1433 = ( GEOMETRIC_REPRESENTATION_CONTEXT(2) 
PARAMETRIC_REPRESENTATION_CONTEXT() REPRESENTATION_CONTEXT('2D SPACE',''
  ) );
#1434 = PCURVE('',#1435,#1440);
#1435 = CYLINDRICAL_SURFACE('',#1436,0.15);
#1436 = AXIS2_PLACEMENT_3D('',#1437,#1438,#1439);
#1437 = CARTESIAN_POINT('',(23.0537,-75.7719,9.E-03));
#1438 = DIRECTION('',(-0.,-0.,-1.));
#1439 = DIRECTION('',(0.,-1.,0.));
#1440 = DEFINITIONAL_REPRESENTATION('',(#1441),#1445);
#1441 = LINE('',#1442,#1443);
#1442 = CARTESIAN_POINT('',(0.,-3.6E-02));
#1443 = VECTOR('',#1444,1.);
#1444 = DIRECTION('',(1.,0.));
#1445 = ( GEOMETRIC_REPRESENTATION_CONTEXT(2) 
PARAMETRIC_REPRESENTATION_CONTEXT() REPRESENTATION_CONTEXT('2D SPACE',''
  ) );
#1446 = FACE_BOUND('',#1447,.F.);
#1447 = EDGE_LOOP('',(#1448));
#1448 = ORIENTED_EDGE('',*,*,#1449,.T.);
#1449 = EDGE_CURVE('',#1450,#1450,#1452,.T.);
#1450 = VERTEX_POINT('',#1451);
#1451 = CARTESIAN_POINT('',(21.7408,-75.6206,4.5E-02));
#1452 = SURFACE_CURVE('',#1453,(#1458,#1469),.PCURVE_S1.);
#1453 = CIRCLE('',#1454,0.15);
#1454 = AXIS2_PLACEMENT_3D('',#1455,#1456,#1457);
#1455 = CARTESIAN_POINT('',(21.7408,-75.4706,4.5E-02));
#1456 = DIRECTION('',(-0.,-0.,-1.));
#1457 = DIRECTION('',(0.,-1.,0.));
#1458 = PCURVE('',#132,#1459);
#1459 = DEFINITIONAL_REPRESENTATION('',(#1460),#1468);
#1460 = ( BOUNDED_CURVE() B_SPLINE_CURVE(2,(#1461,#1462,#1463,#1464,
#1465,#1466,#1467),.UNSPECIFIED.,.T.,.F.) B_SPLINE_CURVE_WITH_KNOTS((1,2
    ,2,2,2,1),(-2.094395102393,0.,2.094395102393,4.188790204786,
6.28318530718,8.377580409573),.UNSPECIFIED.) CURVE() 
GEOMETRIC_REPRESENTATION_ITEM() RATIONAL_B_SPLINE_CURVE((1.,0.5,1.,0.5,
1.,0.5,1.)) REPRESENTATION_ITEM('') );
#1461 = CARTESIAN_POINT('',(21.7408,-75.6206));
#1462 = CARTESIAN_POINT('',(21.480992378865,-75.6206));
#1463 = CARTESIAN_POINT('',(21.610896189432,-75.3956));
#1464 = CARTESIAN_POINT('',(21.7408,-75.1706));
#1465 = CARTESIAN_POINT('',(21.870703810568,-75.3956));
#1466 = CARTESIAN_POINT('',(22.000607621135,-75.6206));
#1467 = CARTESIAN_POINT('',(21.7408,-75.6206));
#1468 = ( GEOMETRIC_REPRESENTATION_CONTEXT(2) 
PARAMETRIC_REPRESENTATION_CONTEXT() REPRESENTATION_CONTEXT('2D SPACE',''
  ) );
#1469 = PCURVE('',#1470,#1475);
#1470 = CYLINDRICAL_SURFACE('',#1471,0.15);
#1471 = AXIS2_PLACEMENT_3D('',#1472,#1473,#1474);
#1472 = CARTESIAN_POINT('',(21.7408,-75.4706,9.E-03));
#1473 = DIRECTION('',(-0.,-0.,-1.));
#1474 = DIRECTION('',(0.,-1.,0.));
#1475 = DEFINITIONAL_REPRESENTATION('',(#1476),#1480);
#1476 = LINE('',#1477,#1478);
#1477 = CARTESIAN_POINT('',(0.,-3.6E-02));
#1478 = VECTOR('',#1479,1.);
#1479 = DIRECTION('',(1.,0.));
#1480 = ( GEOMETRIC_REPRESENTATION_CONTEXT(2) 
PARAMETRIC_REPRESENTATION_CONTEXT() REPRESENTATION_CONTEXT('2D SPACE',''
  ) );
#1481 = FACE_BOUND('',#1482,.F.);
#1482 = EDGE_LOOP('',(#1483));
#1483 = ORIENTED_EDGE('',*,*,#1484,.T.);
#1484 = EDGE_CURVE('',#1485,#1485,#1487,.T.);
#1485 = VERTEX_POINT('',#1486);
#1486 = CARTESIAN_POINT('',(30.1706,-79.8507,4.5E-02));
#1487 = SURFACE_CURVE('',#1488,(#1493,#1504),.PCURVE_S1.);
#1488 = CIRCLE('',#1489,0.15);
#1489 = AXIS2_PLACEMENT_3D('',#1490,#1491,#1492);
#1490 = CARTESIAN_POINT('',(30.1706,-79.7007,4.5E-02));
#1491 = DIRECTION('',(-0.,-0.,-1.));
#1492 = DIRECTION('',(0.,-1.,0.));
#1493 = PCURVE('',#132,#1494);
#1494 = DEFINITIONAL_REPRESENTATION('',(#1495),#1503);
#1495 = ( BOUNDED_CURVE() B_SPLINE_CURVE(2,(#1496,#1497,#1498,#1499,
#1500,#1501,#1502),.UNSPECIFIED.,.T.,.F.) B_SPLINE_CURVE_WITH_KNOTS((1,2
    ,2,2,2,1),(-2.094395102393,0.,2.094395102393,4.188790204786,
6.28318530718,8.377580409573),.UNSPECIFIED.) CURVE() 
GEOMETRIC_REPRESENTATION_ITEM() RATIONAL_B_SPLINE_CURVE((1.,0.5,1.,0.5,
1.,0.5,1.)) REPRESENTATION_ITEM('') );
#1496 = CARTESIAN_POINT('',(30.1706,-79.8507));
#1497 = CARTESIAN_POINT('',(29.910792378865,-79.8507));
#1498 = CARTESIAN_POINT('',(30.040696189432,-79.6257));
#1499 = CARTESIAN_POINT('',(30.1706,-79.4007));
#1500 = CARTESIAN_POINT('',(30.300503810568,-79.6257));
#1501 = CARTESIAN_POINT('',(30.430407621135,-79.8507));
#1502 = CARTESIAN_POINT('',(30.1706,-79.8507));
#1503 = ( GEOMETRIC_REPRESENTATION_CONTEXT(2) 
PARAMETRIC_REPRESENTATION_CONTEXT() REPRESENTATION_CONTEXT('2D SPACE',''
  ) );
#1504 = PCURVE('',#1505,#1510);
#1505 = CYLINDRICAL_SURFACE('',#1506,0.15);
#1506 = AXIS2_PLACEMENT_3D('',#1507,#1508,#1509);
#1507 = CARTESIAN_POINT('',(30.1706,-79.7007,9.E-03));
#1508 = DIRECTION('',(-0.,-0.,-1.));
#1509 = DIRECTION('',(0.,-1.,0.));
#1510 = DEFINITIONAL_REPRESENTATION('',(#1511),#1515);
#1511 = LINE('',#1512,#1513);
#1512 = CARTESIAN_POINT('',(0.,-3.6E-02));
#1513 = VECTOR('',#1514,1.);
#1514 = DIRECTION('',(1.,0.));
#1515 = ( GEOMETRIC_REPRESENTATION_CONTEXT(2) 
PARAMETRIC_REPRESENTATION_CONTEXT() REPRESENTATION_CONTEXT('2D SPACE',''
  ) );
#1516 = FACE_BOUND('',#1517,.F.);
#1517 = EDGE_LOOP('',(#1518));
#1518 = ORIENTED_EDGE('',*,*,#1519,.T.);
#1519 = EDGE_CURVE('',#1520,#1520,#1522,.T.);
#1520 = VERTEX_POINT('',#1521);
#1521 = CARTESIAN_POINT('',(27.35,-75.45,4.5E-02));
#1522 = SURFACE_CURVE('',#1523,(#1528,#1539),.PCURVE_S1.);
#1523 = CIRCLE('',#1524,0.15);
#1524 = AXIS2_PLACEMENT_3D('',#1525,#1526,#1527);
#1525 = CARTESIAN_POINT('',(27.35,-75.3,4.5E-02));
#1526 = DIRECTION('',(-0.,-0.,-1.));
#1527 = DIRECTION('',(0.,-1.,0.));
#1528 = PCURVE('',#132,#1529);
#1529 = DEFINITIONAL_REPRESENTATION('',(#1530),#1538);
#1530 = ( BOUNDED_CURVE() B_SPLINE_CURVE(2,(#1531,#1532,#1533,#1534,
#1535,#1536,#1537),.UNSPECIFIED.,.T.,.F.) B_SPLINE_CURVE_WITH_KNOTS((1,2
    ,2,2,2,1),(-2.094395102393,0.,2.094395102393,4.188790204786,
6.28318530718,8.377580409573),.UNSPECIFIED.) CURVE() 
GEOMETRIC_REPRESENTATION_ITEM() RATIONAL_B_SPLINE_CURVE((1.,0.5,1.,0.5,
1.,0.5,1.)) REPRESENTATION_ITEM('') );
#1531 = CARTESIAN_POINT('',(27.35,-75.45));
#1532 = CARTESIAN_POINT('',(27.090192378865,-75.45));
#1533 = CARTESIAN_POINT('',(27.220096189432,-75.225));
#1534 = CARTESIAN_POINT('',(27.35,-75.));
#1535 = CARTESIAN_POINT('',(27.479903810568,-75.225));
#1536 = CARTESIAN_POINT('',(27.609807621135,-75.45));
#1537 = CARTESIAN_POINT('',(27.35,-75.45));
#1538 = ( GEOMETRIC_REPRESENTATION_CONTEXT(2) 
PARAMETRIC_REPRESENTATION_CONTEXT() REPRESENTATION_CONTEXT('2D SPACE',''
  ) );
#1539 = PCURVE('',#1540,#1545);
#1540 = CYLINDRICAL_SURFACE('',#1541,0.15);
#1541 = AXIS2_PLACEMENT_3D('',#1542,#1543,#1544);
#1542 = CARTESIAN_POINT('',(27.35,-75.3,9.E-03));
#1543 = DIRECTION('',(-0.,-0.,-1.));
#1544 = DIRECTION('',(0.,-1.,0.));
#1545 = DEFINITIONAL_REPRESENTATION('',(#1546),#1550);
#1546 = LINE('',#1547,#1548);
#1547 = CARTESIAN_POINT('',(0.,-3.6E-02));
#1548 = VECTOR('',#1549,1.);
#1549 = DIRECTION('',(1.,0.));
#1550 = ( GEOMETRIC_REPRESENTATION_CONTEXT(2) 
PARAMETRIC_REPRESENTATION_CONTEXT() REPRESENTATION_CONTEXT('2D SPACE',''
  ) );
#1551 = FACE_BOUND('',#1552,.F.);
#1552 = EDGE_LOOP('',(#1553));
#1553 = ORIENTED_EDGE('',*,*,#1554,.T.);
#1554 = EDGE_CURVE('',#1555,#1555,#1557,.T.);
#1555 = VERTEX_POINT('',#1556);
#1556 = CARTESIAN_POINT('',(11.5889,-69.15,4.5E-02));
#1557 = SURFACE_CURVE('',#1558,(#1563,#1574),.PCURVE_S1.);
#1558 = CIRCLE('',#1559,0.15);
#1559 = AXIS2_PLACEMENT_3D('',#1560,#1561,#1562);
#1560 = CARTESIAN_POINT('',(11.5889,-69.,4.5E-02));
#1561 = DIRECTION('',(0.,-0.,-1.));
#1562 = DIRECTION('',(1.184237892933E-14,-1.,0.));
#1563 = PCURVE('',#132,#1564);
#1564 = DEFINITIONAL_REPRESENTATION('',(#1565),#1573);
#1565 = ( BOUNDED_CURVE() B_SPLINE_CURVE(2,(#1566,#1567,#1568,#1569,
#1570,#1571,#1572),.UNSPECIFIED.,.T.,.F.) B_SPLINE_CURVE_WITH_KNOTS((1,2
    ,2,2,2,1),(-2.094395102393,0.,2.094395102393,4.188790204786,
6.28318530718,8.377580409573),.UNSPECIFIED.) CURVE() 
GEOMETRIC_REPRESENTATION_ITEM() RATIONAL_B_SPLINE_CURVE((1.,0.5,1.,0.5,
1.,0.5,1.)) REPRESENTATION_ITEM('') );
#1566 = CARTESIAN_POINT('',(11.5889,-69.15));
#1567 = CARTESIAN_POINT('',(11.329092378865,-69.15));
#1568 = CARTESIAN_POINT('',(11.458996189432,-68.925));
#1569 = CARTESIAN_POINT('',(11.5889,-68.7));
#1570 = CARTESIAN_POINT('',(11.718803810568,-68.925));
#1571 = CARTESIAN_POINT('',(11.848707621135,-69.15));
#1572 = CARTESIAN_POINT('',(11.5889,-69.15));
#1573 = ( GEOMETRIC_REPRESENTATION_CONTEXT(2) 
PARAMETRIC_REPRESENTATION_CONTEXT() REPRESENTATION_CONTEXT('2D SPACE',''
  ) );
#1574 = PCURVE('',#1575,#1580);
#1575 = CYLINDRICAL_SURFACE('',#1576,0.15);
#1576 = AXIS2_PLACEMENT_3D('',#1577,#1578,#1579);
#1577 = CARTESIAN_POINT('',(11.5889,-69.,9.E-03));
#1578 = DIRECTION('',(0.,0.,-1.));
#1579 = DIRECTION('',(1.184237892933E-14,-1.,0.));
#1580 = DEFINITIONAL_REPRESENTATION('',(#1581),#1585);
#1581 = LINE('',#1582,#1583);
#1582 = CARTESIAN_POINT('',(0.,-3.6E-02));
#1583 = VECTOR('',#1584,1.);
#1584 = DIRECTION('',(1.,0.));
#1585 = ( GEOMETRIC_REPRESENTATION_CONTEXT(2) 
PARAMETRIC_REPRESENTATION_CONTEXT() REPRESENTATION_CONTEXT('2D SPACE',''
  ) );
#1586 = FACE_BOUND('',#1587,.F.);
#1587 = EDGE_LOOP('',(#1588));
#1588 = ORIENTED_EDGE('',*,*,#1589,.T.);
#1589 = EDGE_CURVE('',#1590,#1590,#1592,.T.);
#1590 = VERTEX_POINT('',#1591);
#1591 = CARTESIAN_POINT('',(6.5528,-67.0748,4.5E-02));
#1592 = SURFACE_CURVE('',#1593,(#1598,#1609),.PCURVE_S1.);
#1593 = CIRCLE('',#1594,0.15);
#1594 = AXIS2_PLACEMENT_3D('',#1595,#1596,#1597);
#1595 = CARTESIAN_POINT('',(6.5528,-66.9248,4.5E-02));
#1596 = DIRECTION('',(0.,-0.,-1.));
#1597 = DIRECTION('',(5.921189464667E-15,-1.,0.));
#1598 = PCURVE('',#132,#1599);
#1599 = DEFINITIONAL_REPRESENTATION('',(#1600),#1608);
#1600 = ( BOUNDED_CURVE() B_SPLINE_CURVE(2,(#1601,#1602,#1603,#1604,
#1605,#1606,#1607),.UNSPECIFIED.,.T.,.F.) B_SPLINE_CURVE_WITH_KNOTS((1,2
    ,2,2,2,1),(-2.094395102393,0.,2.094395102393,4.188790204786,
6.28318530718,8.377580409573),.UNSPECIFIED.) CURVE() 
GEOMETRIC_REPRESENTATION_ITEM() RATIONAL_B_SPLINE_CURVE((1.,0.5,1.,0.5,
1.,0.5,1.)) REPRESENTATION_ITEM('') );
#1601 = CARTESIAN_POINT('',(6.5528,-67.0748));
#1602 = CARTESIAN_POINT('',(6.292992378865,-67.0748));
#1603 = CARTESIAN_POINT('',(6.422896189432,-66.8498));
#1604 = CARTESIAN_POINT('',(6.5528,-66.6248));
#1605 = CARTESIAN_POINT('',(6.682703810568,-66.8498));
#1606 = CARTESIAN_POINT('',(6.812607621135,-67.0748));
#1607 = CARTESIAN_POINT('',(6.5528,-67.0748));
#1608 = ( GEOMETRIC_REPRESENTATION_CONTEXT(2) 
PARAMETRIC_REPRESENTATION_CONTEXT() REPRESENTATION_CONTEXT('2D SPACE',''
  ) );
#1609 = PCURVE('',#1610,#1615);
#1610 = CYLINDRICAL_SURFACE('',#1611,0.15);
#1611 = AXIS2_PLACEMENT_3D('',#1612,#1613,#1614);
#1612 = CARTESIAN_POINT('',(6.5528,-66.9248,9.E-03));
#1613 = DIRECTION('',(0.,0.,-1.));
#1614 = DIRECTION('',(5.921189464667E-15,-1.,0.));
#1615 = DEFINITIONAL_REPRESENTATION('',(#1616),#1620);
#1616 = LINE('',#1617,#1618);
#1617 = CARTESIAN_POINT('',(0.,-3.6E-02));
#1618 = VECTOR('',#1619,1.);
#1619 = DIRECTION('',(1.,0.));
#1620 = ( GEOMETRIC_REPRESENTATION_CONTEXT(2) 
PARAMETRIC_REPRESENTATION_CONTEXT() REPRESENTATION_CONTEXT('2D SPACE',''
  ) );
#1621 = FACE_BOUND('',#1622,.F.);
#1622 = EDGE_LOOP('',(#1623));
#1623 = ORIENTED_EDGE('',*,*,#1624,.T.);
#1624 = EDGE_CURVE('',#1625,#1625,#1627,.T.);
#1625 = VERTEX_POINT('',#1626);
#1626 = CARTESIAN_POINT('',(14.1783,-66.4408,4.5E-02));
#1627 = SURFACE_CURVE('',#1628,(#1633,#1644),.PCURVE_S1.);
#1628 = CIRCLE('',#1629,0.15);
#1629 = AXIS2_PLACEMENT_3D('',#1630,#1631,#1632);
#1630 = CARTESIAN_POINT('',(14.1783,-66.2908,4.5E-02));
#1631 = DIRECTION('',(-0.,-0.,-1.));
#1632 = DIRECTION('',(0.,-1.,0.));
#1633 = PCURVE('',#132,#1634);
#1634 = DEFINITIONAL_REPRESENTATION('',(#1635),#1643);
#1635 = ( BOUNDED_CURVE() B_SPLINE_CURVE(2,(#1636,#1637,#1638,#1639,
#1640,#1641,#1642),.UNSPECIFIED.,.T.,.F.) B_SPLINE_CURVE_WITH_KNOTS((1,2
    ,2,2,2,1),(-2.094395102393,0.,2.094395102393,4.188790204786,
6.28318530718,8.377580409573),.UNSPECIFIED.) CURVE() 
GEOMETRIC_REPRESENTATION_ITEM() RATIONAL_B_SPLINE_CURVE((1.,0.5,1.,0.5,
1.,0.5,1.)) REPRESENTATION_ITEM('') );
#1636 = CARTESIAN_POINT('',(14.1783,-66.4408));
#1637 = CARTESIAN_POINT('',(13.918492378865,-66.4408));
#1638 = CARTESIAN_POINT('',(14.048396189432,-66.2158));
#1639 = CARTESIAN_POINT('',(14.1783,-65.9908));
#1640 = CARTESIAN_POINT('',(14.308203810568,-66.2158));
#1641 = CARTESIAN_POINT('',(14.438107621135,-66.4408));
#1642 = CARTESIAN_POINT('',(14.1783,-66.4408));
#1643 = ( GEOMETRIC_REPRESENTATION_CONTEXT(2) 
PARAMETRIC_REPRESENTATION_CONTEXT() REPRESENTATION_CONTEXT('2D SPACE',''
  ) );
#1644 = PCURVE('',#1645,#1650);
#1645 = CYLINDRICAL_SURFACE('',#1646,0.15);
#1646 = AXIS2_PLACEMENT_3D('',#1647,#1648,#1649);
#1647 = CARTESIAN_POINT('',(14.1783,-66.2908,9.E-03));
#1648 = DIRECTION('',(-0.,-0.,-1.));
#1649 = DIRECTION('',(0.,-1.,0.));
#1650 = DEFINITIONAL_REPRESENTATION('',(#1651),#1655);
#1651 = LINE('',#1652,#1653);
#1652 = CARTESIAN_POINT('',(0.,-3.6E-02));
#1653 = VECTOR('',#1654,1.);
#1654 = DIRECTION('',(1.,0.));
#1655 = ( GEOMETRIC_REPRESENTATION_CONTEXT(2) 
PARAMETRIC_REPRESENTATION_CONTEXT() REPRESENTATION_CONTEXT('2D SPACE',''
  ) );
#1656 = FACE_BOUND('',#1657,.F.);
#1657 = EDGE_LOOP('',(#1658));
#1658 = ORIENTED_EDGE('',*,*,#1659,.T.);
#1659 = EDGE_CURVE('',#1660,#1660,#1662,.T.);
#1660 = VERTEX_POINT('',#1661);
#1661 = CARTESIAN_POINT('',(5.7146,-61.4354,4.5E-02));
#1662 = SURFACE_CURVE('',#1663,(#1668,#1679),.PCURVE_S1.);
#1663 = CIRCLE('',#1664,0.15);
#1664 = AXIS2_PLACEMENT_3D('',#1665,#1666,#1667);
#1665 = CARTESIAN_POINT('',(5.7146,-61.2854,4.5E-02));
#1666 = DIRECTION('',(-0.,0.,-1.));
#1667 = DIRECTION('',(-5.921189464667E-15,-1.,0.));
#1668 = PCURVE('',#132,#1669);
#1669 = DEFINITIONAL_REPRESENTATION('',(#1670),#1678);
#1670 = ( BOUNDED_CURVE() B_SPLINE_CURVE(2,(#1671,#1672,#1673,#1674,
#1675,#1676,#1677),.UNSPECIFIED.,.T.,.F.) B_SPLINE_CURVE_WITH_KNOTS((1,2
    ,2,2,2,1),(-2.094395102393,0.,2.094395102393,4.188790204786,
6.28318530718,8.377580409573),.UNSPECIFIED.) CURVE() 
GEOMETRIC_REPRESENTATION_ITEM() RATIONAL_B_SPLINE_CURVE((1.,0.5,1.,0.5,
1.,0.5,1.)) REPRESENTATION_ITEM('') );
#1671 = CARTESIAN_POINT('',(5.7146,-61.4354));
#1672 = CARTESIAN_POINT('',(5.454792378865,-61.4354));
#1673 = CARTESIAN_POINT('',(5.584696189432,-61.2104));
#1674 = CARTESIAN_POINT('',(5.7146,-60.9854));
#1675 = CARTESIAN_POINT('',(5.844503810568,-61.2104));
#1676 = CARTESIAN_POINT('',(5.974407621135,-61.4354));
#1677 = CARTESIAN_POINT('',(5.7146,-61.4354));
#1678 = ( GEOMETRIC_REPRESENTATION_CONTEXT(2) 
PARAMETRIC_REPRESENTATION_CONTEXT() REPRESENTATION_CONTEXT('2D SPACE',''
  ) );
#1679 = PCURVE('',#1680,#1685);
#1680 = CYLINDRICAL_SURFACE('',#1681,0.15);
#1681 = AXIS2_PLACEMENT_3D('',#1682,#1683,#1684);
#1682 = CARTESIAN_POINT('',(5.7146,-61.2854,9.E-03));
#1683 = DIRECTION('',(-0.,-0.,-1.));
#1684 = DIRECTION('',(-5.921189464667E-15,-1.,0.));
#1685 = DEFINITIONAL_REPRESENTATION('',(#1686),#1690);
#1686 = LINE('',#1687,#1688);
#1687 = CARTESIAN_POINT('',(0.,-3.6E-02));
#1688 = VECTOR('',#1689,1.);
#1689 = DIRECTION('',(1.,0.));
#1690 = ( GEOMETRIC_REPRESENTATION_CONTEXT(2) 
PARAMETRIC_REPRESENTATION_CONTEXT() REPRESENTATION_CONTEXT('2D SPACE',''
  ) );
#1691 = FACE_BOUND('',#1692,.F.);
#1692 = EDGE_LOOP('',(#1693));
#1693 = ORIENTED_EDGE('',*,*,#1694,.T.);
#1694 = EDGE_CURVE('',#1695,#1695,#1697,.T.);
#1695 = VERTEX_POINT('',#1696);
#1696 = CARTESIAN_POINT('',(10.9876,-63.15,4.5E-02));
#1697 = SURFACE_CURVE('',#1698,(#1703,#1714),.PCURVE_S1.);
#1698 = CIRCLE('',#1699,0.15);
#1699 = AXIS2_PLACEMENT_3D('',#1700,#1701,#1702);
#1700 = CARTESIAN_POINT('',(10.9876,-63.,4.5E-02));
#1701 = DIRECTION('',(-0.,-0.,-1.));
#1702 = DIRECTION('',(0.,-1.,0.));
#1703 = PCURVE('',#132,#1704);
#1704 = DEFINITIONAL_REPRESENTATION('',(#1705),#1713);
#1705 = ( BOUNDED_CURVE() B_SPLINE_CURVE(2,(#1706,#1707,#1708,#1709,
#1710,#1711,#1712),.UNSPECIFIED.,.T.,.F.) B_SPLINE_CURVE_WITH_KNOTS((1,2
    ,2,2,2,1),(-2.094395102393,0.,2.094395102393,4.188790204786,
6.28318530718,8.377580409573),.UNSPECIFIED.) CURVE() 
GEOMETRIC_REPRESENTATION_ITEM() RATIONAL_B_SPLINE_CURVE((1.,0.5,1.,0.5,
1.,0.5,1.)) REPRESENTATION_ITEM('') );
#1706 = CARTESIAN_POINT('',(10.9876,-63.15));
#1707 = CARTESIAN_POINT('',(10.727792378865,-63.15));
#1708 = CARTESIAN_POINT('',(10.857696189432,-62.925));
#1709 = CARTESIAN_POINT('',(10.9876,-62.7));
#1710 = CARTESIAN_POINT('',(11.117503810568,-62.925));
#1711 = CARTESIAN_POINT('',(11.247407621135,-63.15));
#1712 = CARTESIAN_POINT('',(10.9876,-63.15));
#1713 = ( GEOMETRIC_REPRESENTATION_CONTEXT(2) 
PARAMETRIC_REPRESENTATION_CONTEXT() REPRESENTATION_CONTEXT('2D SPACE',''
  ) );
#1714 = PCURVE('',#1715,#1720);
#1715 = CYLINDRICAL_SURFACE('',#1716,0.15);
#1716 = AXIS2_PLACEMENT_3D('',#1717,#1718,#1719);
#1717 = CARTESIAN_POINT('',(10.9876,-63.,9.E-03));
#1718 = DIRECTION('',(-0.,-0.,-1.));
#1719 = DIRECTION('',(0.,-1.,0.));
#1720 = DEFINITIONAL_REPRESENTATION('',(#1721),#1725);
#1721 = LINE('',#1722,#1723);
#1722 = CARTESIAN_POINT('',(0.,-3.6E-02));
#1723 = VECTOR('',#1724,1.);
#1724 = DIRECTION('',(1.,0.));
#1725 = ( GEOMETRIC_REPRESENTATION_CONTEXT(2) 
PARAMETRIC_REPRESENTATION_CONTEXT() REPRESENTATION_CONTEXT('2D SPACE',''
  ) );
#1726 = FACE_BOUND('',#1727,.F.);
#1727 = EDGE_LOOP('',(#1728));
#1728 = ORIENTED_EDGE('',*,*,#1729,.T.);
#1729 = EDGE_CURVE('',#1730,#1730,#1732,.T.);
#1730 = VERTEX_POINT('',#1731);
#1731 = CARTESIAN_POINT('',(17.5489,-60.4369,4.5E-02));
#1732 = SURFACE_CURVE('',#1733,(#1738,#1749),.PCURVE_S1.);
#1733 = CIRCLE('',#1734,0.15);
#1734 = AXIS2_PLACEMENT_3D('',#1735,#1736,#1737);
#1735 = CARTESIAN_POINT('',(17.5489,-60.2869,4.5E-02));
#1736 = DIRECTION('',(-0.,-0.,-1.));
#1737 = DIRECTION('',(0.,-1.,0.));
#1738 = PCURVE('',#132,#1739);
#1739 = DEFINITIONAL_REPRESENTATION('',(#1740),#1748);
#1740 = ( BOUNDED_CURVE() B_SPLINE_CURVE(2,(#1741,#1742,#1743,#1744,
#1745,#1746,#1747),.UNSPECIFIED.,.T.,.F.) B_SPLINE_CURVE_WITH_KNOTS((1,2
    ,2,2,2,1),(-2.094395102393,0.,2.094395102393,4.188790204786,
6.28318530718,8.377580409573),.UNSPECIFIED.) CURVE() 
GEOMETRIC_REPRESENTATION_ITEM() RATIONAL_B_SPLINE_CURVE((1.,0.5,1.,0.5,
1.,0.5,1.)) REPRESENTATION_ITEM('') );
#1741 = CARTESIAN_POINT('',(17.5489,-60.4369));
#1742 = CARTESIAN_POINT('',(17.289092378865,-60.4369));
#1743 = CARTESIAN_POINT('',(17.418996189432,-60.2119));
#1744 = CARTESIAN_POINT('',(17.5489,-59.9869));
#1745 = CARTESIAN_POINT('',(17.678803810568,-60.2119));
#1746 = CARTESIAN_POINT('',(17.808707621135,-60.4369));
#1747 = CARTESIAN_POINT('',(17.5489,-60.4369));
#1748 = ( GEOMETRIC_REPRESENTATION_CONTEXT(2) 
PARAMETRIC_REPRESENTATION_CONTEXT() REPRESENTATION_CONTEXT('2D SPACE',''
  ) );
#1749 = PCURVE('',#1750,#1755);
#1750 = CYLINDRICAL_SURFACE('',#1751,0.15);
#1751 = AXIS2_PLACEMENT_3D('',#1752,#1753,#1754);
#1752 = CARTESIAN_POINT('',(17.5489,-60.2869,9.E-03));
#1753 = DIRECTION('',(-0.,-0.,-1.));
#1754 = DIRECTION('',(0.,-1.,0.));
#1755 = DEFINITIONAL_REPRESENTATION('',(#1756),#1760);
#1756 = LINE('',#1757,#1758);
#1757 = CARTESIAN_POINT('',(0.,-3.6E-02));
#1758 = VECTOR('',#1759,1.);
#1759 = DIRECTION('',(1.,0.));
#1760 = ( GEOMETRIC_REPRESENTATION_CONTEXT(2) 
PARAMETRIC_REPRESENTATION_CONTEXT() REPRESENTATION_CONTEXT('2D SPACE',''
  ) );
#1761 = FACE_BOUND('',#1762,.F.);
#1762 = EDGE_LOOP('',(#1763));
#1763 = ORIENTED_EDGE('',*,*,#1764,.T.);
#1764 = EDGE_CURVE('',#1765,#1765,#1767,.T.);
#1765 = VERTEX_POINT('',#1766);
#1766 = CARTESIAN_POINT('',(20.25,-70.15,4.5E-02));
#1767 = SURFACE_CURVE('',#1768,(#1773,#1784),.PCURVE_S1.);
#1768 = CIRCLE('',#1769,0.15);
#1769 = AXIS2_PLACEMENT_3D('',#1770,#1771,#1772);
#1770 = CARTESIAN_POINT('',(20.25,-70.,4.5E-02));
#1771 = DIRECTION('',(-0.,-0.,-1.));
#1772 = DIRECTION('',(0.,-1.,0.));
#1773 = PCURVE('',#132,#1774);
#1774 = DEFINITIONAL_REPRESENTATION('',(#1775),#1783);
#1775 = ( BOUNDED_CURVE() B_SPLINE_CURVE(2,(#1776,#1777,#1778,#1779,
#1780,#1781,#1782),.UNSPECIFIED.,.T.,.F.) B_SPLINE_CURVE_WITH_KNOTS((1,2
    ,2,2,2,1),(-2.094395102393,0.,2.094395102393,4.188790204786,
6.28318530718,8.377580409573),.UNSPECIFIED.) CURVE() 
GEOMETRIC_REPRESENTATION_ITEM() RATIONAL_B_SPLINE_CURVE((1.,0.5,1.,0.5,
1.,0.5,1.)) REPRESENTATION_ITEM('') );
#1776 = CARTESIAN_POINT('',(20.25,-70.15));
#1777 = CARTESIAN_POINT('',(19.990192378865,-70.15));
#1778 = CARTESIAN_POINT('',(20.120096189432,-69.925));
#1779 = CARTESIAN_POINT('',(20.25,-69.7));
#1780 = CARTESIAN_POINT('',(20.379903810568,-69.925));
#1781 = CARTESIAN_POINT('',(20.509807621135,-70.15));
#1782 = CARTESIAN_POINT('',(20.25,-70.15));
#1783 = ( GEOMETRIC_REPRESENTATION_CONTEXT(2) 
PARAMETRIC_REPRESENTATION_CONTEXT() REPRESENTATION_CONTEXT('2D SPACE',''
  ) );
#1784 = PCURVE('',#1785,#1790);
#1785 = CYLINDRICAL_SURFACE('',#1786,0.15);
#1786 = AXIS2_PLACEMENT_3D('',#1787,#1788,#1789);
#1787 = CARTESIAN_POINT('',(20.25,-70.,9.E-03));
#1788 = DIRECTION('',(-0.,-0.,-1.));
#1789 = DIRECTION('',(0.,-1.,0.));
#1790 = DEFINITIONAL_REPRESENTATION('',(#1791),#1795);
#1791 = LINE('',#1792,#1793);
#1792 = CARTESIAN_POINT('',(0.,-3.6E-02));
#1793 = VECTOR('',#1794,1.);
#1794 = DIRECTION('',(1.,0.));
#1795 = ( GEOMETRIC_REPRESENTATION_CONTEXT(2) 
PARAMETRIC_REPRESENTATION_CONTEXT() REPRESENTATION_CONTEXT('2D SPACE',''
  ) );
#1796 = FACE_BOUND('',#1797,.F.);
#1797 = EDGE_LOOP('',(#1798));
#1798 = ORIENTED_EDGE('',*,*,#1799,.T.);
#1799 = EDGE_CURVE('',#1800,#1800,#1802,.T.);
#1800 = VERTEX_POINT('',#1801);
#1801 = CARTESIAN_POINT('',(22.35,-70.45,4.5E-02));
#1802 = SURFACE_CURVE('',#1803,(#1808,#1819),.PCURVE_S1.);
#1803 = CIRCLE('',#1804,0.15);
#1804 = AXIS2_PLACEMENT_3D('',#1805,#1806,#1807);
#1805 = CARTESIAN_POINT('',(22.35,-70.3,4.5E-02));
#1806 = DIRECTION('',(-0.,-0.,-1.));
#1807 = DIRECTION('',(0.,-1.,0.));
#1808 = PCURVE('',#132,#1809);
#1809 = DEFINITIONAL_REPRESENTATION('',(#1810),#1818);
#1810 = ( BOUNDED_CURVE() B_SPLINE_CURVE(2,(#1811,#1812,#1813,#1814,
#1815,#1816,#1817),.UNSPECIFIED.,.T.,.F.) B_SPLINE_CURVE_WITH_KNOTS((1,2
    ,2,2,2,1),(-2.094395102393,0.,2.094395102393,4.188790204786,
6.28318530718,8.377580409573),.UNSPECIFIED.) CURVE() 
GEOMETRIC_REPRESENTATION_ITEM() RATIONAL_B_SPLINE_CURVE((1.,0.5,1.,0.5,
1.,0.5,1.)) REPRESENTATION_ITEM('') );
#1811 = CARTESIAN_POINT('',(22.35,-70.45));
#1812 = CARTESIAN_POINT('',(22.090192378865,-70.45));
#1813 = CARTESIAN_POINT('',(22.220096189432,-70.225));
#1814 = CARTESIAN_POINT('',(22.35,-70.));
#1815 = CARTESIAN_POINT('',(22.479903810568,-70.225));
#1816 = CARTESIAN_POINT('',(22.609807621135,-70.45));
#1817 = CARTESIAN_POINT('',(22.35,-70.45));
#1818 = ( GEOMETRIC_REPRESENTATION_CONTEXT(2) 
PARAMETRIC_REPRESENTATION_CONTEXT() REPRESENTATION_CONTEXT('2D SPACE',''
  ) );
#1819 = PCURVE('',#1820,#1825);
#1820 = CYLINDRICAL_SURFACE('',#1821,0.15);
#1821 = AXIS2_PLACEMENT_3D('',#1822,#1823,#1824);
#1822 = CARTESIAN_POINT('',(22.35,-70.3,9.E-03));
#1823 = DIRECTION('',(-0.,-0.,-1.));
#1824 = DIRECTION('',(0.,-1.,0.));
#1825 = DEFINITIONAL_REPRESENTATION('',(#1826),#1830);
#1826 = LINE('',#1827,#1828);
#1827 = CARTESIAN_POINT('',(0.,-3.6E-02));
#1828 = VECTOR('',#1829,1.);
#1829 = DIRECTION('',(1.,0.));
#1830 = ( GEOMETRIC_REPRESENTATION_CONTEXT(2) 
PARAMETRIC_REPRESENTATION_CONTEXT() REPRESENTATION_CONTEXT('2D SPACE',''
  ) );
#1831 = FACE_BOUND('',#1832,.F.);
#1832 = EDGE_LOOP('',(#1833));
#1833 = ORIENTED_EDGE('',*,*,#1834,.T.);
#1834 = EDGE_CURVE('',#1835,#1835,#1837,.T.);
#1835 = VERTEX_POINT('',#1836);
#1836 = CARTESIAN_POINT('',(22.4248,-67.2875,4.5E-02));
#1837 = SURFACE_CURVE('',#1838,(#1843,#1854),.PCURVE_S1.);
#1838 = CIRCLE('',#1839,0.15);
#1839 = AXIS2_PLACEMENT_3D('',#1840,#1841,#1842);
#1840 = CARTESIAN_POINT('',(22.4248,-67.1375,4.5E-02));
#1841 = DIRECTION('',(0.,-0.,-1.));
#1842 = DIRECTION('',(2.368475785867E-14,-1.,0.));
#1843 = PCURVE('',#132,#1844);
#1844 = DEFINITIONAL_REPRESENTATION('',(#1845),#1853);
#1845 = ( BOUNDED_CURVE() B_SPLINE_CURVE(2,(#1846,#1847,#1848,#1849,
#1850,#1851,#1852),.UNSPECIFIED.,.T.,.F.) B_SPLINE_CURVE_WITH_KNOTS((1,2
    ,2,2,2,1),(-2.094395102393,0.,2.094395102393,4.188790204786,
6.28318530718,8.377580409573),.UNSPECIFIED.) CURVE() 
GEOMETRIC_REPRESENTATION_ITEM() RATIONAL_B_SPLINE_CURVE((1.,0.5,1.,0.5,
1.,0.5,1.)) REPRESENTATION_ITEM('') );
#1846 = CARTESIAN_POINT('',(22.4248,-67.2875));
#1847 = CARTESIAN_POINT('',(22.164992378865,-67.2875));
#1848 = CARTESIAN_POINT('',(22.294896189432,-67.0625));
#1849 = CARTESIAN_POINT('',(22.4248,-66.8375));
#1850 = CARTESIAN_POINT('',(22.554703810568,-67.0625));
#1851 = CARTESIAN_POINT('',(22.684607621135,-67.2875));
#1852 = CARTESIAN_POINT('',(22.4248,-67.2875));
#1853 = ( GEOMETRIC_REPRESENTATION_CONTEXT(2) 
PARAMETRIC_REPRESENTATION_CONTEXT() REPRESENTATION_CONTEXT('2D SPACE',''
  ) );
#1854 = PCURVE('',#1855,#1860);
#1855 = CYLINDRICAL_SURFACE('',#1856,0.15);
#1856 = AXIS2_PLACEMENT_3D('',#1857,#1858,#1859);
#1857 = CARTESIAN_POINT('',(22.4248,-67.1375,9.E-03));
#1858 = DIRECTION('',(0.,0.,-1.));
#1859 = DIRECTION('',(2.368475785867E-14,-1.,0.));
#1860 = DEFINITIONAL_REPRESENTATION('',(#1861),#1865);
#1861 = LINE('',#1862,#1863);
#1862 = CARTESIAN_POINT('',(0.,-3.6E-02));
#1863 = VECTOR('',#1864,1.);
#1864 = DIRECTION('',(1.,0.));
#1865 = ( GEOMETRIC_REPRESENTATION_CONTEXT(2) 
PARAMETRIC_REPRESENTATION_CONTEXT() REPRESENTATION_CONTEXT('2D SPACE',''
  ) );
#1866 = FACE_BOUND('',#1867,.F.);
#1867 = EDGE_LOOP('',(#1868));
#1868 = ORIENTED_EDGE('',*,*,#1869,.T.);
#1869 = EDGE_CURVE('',#1870,#1870,#1872,.T.);
#1870 = VERTEX_POINT('',#1871);
#1871 = CARTESIAN_POINT('',(24.531,-71.444,4.5E-02));
#1872 = SURFACE_CURVE('',#1873,(#1878,#1889),.PCURVE_S1.);
#1873 = CIRCLE('',#1874,0.15);
#1874 = AXIS2_PLACEMENT_3D('',#1875,#1876,#1877);
#1875 = CARTESIAN_POINT('',(24.531,-71.294,4.5E-02));
#1876 = DIRECTION('',(-0.,-0.,-1.));
#1877 = DIRECTION('',(0.,-1.,0.));
#1878 = PCURVE('',#132,#1879);
#1879 = DEFINITIONAL_REPRESENTATION('',(#1880),#1888);
#1880 = ( BOUNDED_CURVE() B_SPLINE_CURVE(2,(#1881,#1882,#1883,#1884,
#1885,#1886,#1887),.UNSPECIFIED.,.T.,.F.) B_SPLINE_CURVE_WITH_KNOTS((1,2
    ,2,2,2,1),(-2.094395102393,0.,2.094395102393,4.188790204786,
6.28318530718,8.377580409573),.UNSPECIFIED.) CURVE() 
GEOMETRIC_REPRESENTATION_ITEM() RATIONAL_B_SPLINE_CURVE((1.,0.5,1.,0.5,
1.,0.5,1.)) REPRESENTATION_ITEM('') );
#1881 = CARTESIAN_POINT('',(24.531,-71.444));
#1882 = CARTESIAN_POINT('',(24.271192378865,-71.444));
#1883 = CARTESIAN_POINT('',(24.401096189432,-71.219));
#1884 = CARTESIAN_POINT('',(24.531,-70.994));
#1885 = CARTESIAN_POINT('',(24.660903810568,-71.219));
#1886 = CARTESIAN_POINT('',(24.790807621135,-71.444));
#1887 = CARTESIAN_POINT('',(24.531,-71.444));
#1888 = ( GEOMETRIC_REPRESENTATION_CONTEXT(2) 
PARAMETRIC_REPRESENTATION_CONTEXT() REPRESENTATION_CONTEXT('2D SPACE',''
  ) );
#1889 = PCURVE('',#1890,#1895);
#1890 = CYLINDRICAL_SURFACE('',#1891,0.15);
#1891 = AXIS2_PLACEMENT_3D('',#1892,#1893,#1894);
#1892 = CARTESIAN_POINT('',(24.531,-71.294,9.E-03));
#1893 = DIRECTION('',(-0.,-0.,-1.));
#1894 = DIRECTION('',(0.,-1.,0.));
#1895 = DEFINITIONAL_REPRESENTATION('',(#1896),#1900);
#1896 = LINE('',#1897,#1898);
#1897 = CARTESIAN_POINT('',(0.,-3.6E-02));
#1898 = VECTOR('',#1899,1.);
#1899 = DIRECTION('',(1.,0.));
#1900 = ( GEOMETRIC_REPRESENTATION_CONTEXT(2) 
PARAMETRIC_REPRESENTATION_CONTEXT() REPRESENTATION_CONTEXT('2D SPACE',''
  ) );
#1901 = FACE_BOUND('',#1902,.F.);
#1902 = EDGE_LOOP('',(#1903));
#1903 = ORIENTED_EDGE('',*,*,#1904,.T.);
#1904 = EDGE_CURVE('',#1905,#1905,#1907,.T.);
#1905 = VERTEX_POINT('',#1906);
#1906 = CARTESIAN_POINT('',(24.531,-64.9171,4.5E-02));
#1907 = SURFACE_CURVE('',#1908,(#1913,#1924),.PCURVE_S1.);
#1908 = CIRCLE('',#1909,0.15);
#1909 = AXIS2_PLACEMENT_3D('',#1910,#1911,#1912);
#1910 = CARTESIAN_POINT('',(24.531,-64.7671,4.5E-02));
#1911 = DIRECTION('',(-0.,-0.,-1.));
#1912 = DIRECTION('',(0.,-1.,0.));
#1913 = PCURVE('',#132,#1914);
#1914 = DEFINITIONAL_REPRESENTATION('',(#1915),#1923);
#1915 = ( BOUNDED_CURVE() B_SPLINE_CURVE(2,(#1916,#1917,#1918,#1919,
#1920,#1921,#1922),.UNSPECIFIED.,.T.,.F.) B_SPLINE_CURVE_WITH_KNOTS((1,2
    ,2,2,2,1),(-2.094395102393,0.,2.094395102393,4.188790204786,
6.28318530718,8.377580409573),.UNSPECIFIED.) CURVE() 
GEOMETRIC_REPRESENTATION_ITEM() RATIONAL_B_SPLINE_CURVE((1.,0.5,1.,0.5,
1.,0.5,1.)) REPRESENTATION_ITEM('') );
#1916 = CARTESIAN_POINT('',(24.531,-64.9171));
#1917 = CARTESIAN_POINT('',(24.271192378865,-64.9171));
#1918 = CARTESIAN_POINT('',(24.401096189432,-64.6921));
#1919 = CARTESIAN_POINT('',(24.531,-64.4671));
#1920 = CARTESIAN_POINT('',(24.660903810568,-64.6921));
#1921 = CARTESIAN_POINT('',(24.790807621135,-64.9171));
#1922 = CARTESIAN_POINT('',(24.531,-64.9171));
#1923 = ( GEOMETRIC_REPRESENTATION_CONTEXT(2) 
PARAMETRIC_REPRESENTATION_CONTEXT() REPRESENTATION_CONTEXT('2D SPACE',''
  ) );
#1924 = PCURVE('',#1925,#1930);
#1925 = CYLINDRICAL_SURFACE('',#1926,0.15);
#1926 = AXIS2_PLACEMENT_3D('',#1927,#1928,#1929);
#1927 = CARTESIAN_POINT('',(24.531,-64.7671,9.E-03));
#1928 = DIRECTION('',(-0.,-0.,-1.));
#1929 = DIRECTION('',(0.,-1.,0.));
#1930 = DEFINITIONAL_REPRESENTATION('',(#1931),#1935);
#1931 = LINE('',#1932,#1933);
#1932 = CARTESIAN_POINT('',(0.,-3.6E-02));
#1933 = VECTOR('',#1934,1.);
#1934 = DIRECTION('',(1.,0.));
#1935 = ( GEOMETRIC_REPRESENTATION_CONTEXT(2) 
PARAMETRIC_REPRESENTATION_CONTEXT() REPRESENTATION_CONTEXT('2D SPACE',''
  ) );
#1936 = FACE_BOUND('',#1937,.F.);
#1937 = EDGE_LOOP('',(#1938));
#1938 = ORIENTED_EDGE('',*,*,#1939,.T.);
#1939 = EDGE_CURVE('',#1940,#1940,#1942,.T.);
#1940 = VERTEX_POINT('',#1941);
#1941 = CARTESIAN_POINT('',(18.1476,-59.5234,4.5E-02));
#1942 = SURFACE_CURVE('',#1943,(#1948,#1959),.PCURVE_S1.);
#1943 = CIRCLE('',#1944,0.15);
#1944 = AXIS2_PLACEMENT_3D('',#1945,#1946,#1947);
#1945 = CARTESIAN_POINT('',(18.1476,-59.3734,4.5E-02));
#1946 = DIRECTION('',(0.,-0.,-1.));
#1947 = DIRECTION('',(2.368475785867E-14,-1.,0.));
#1948 = PCURVE('',#132,#1949);
#1949 = DEFINITIONAL_REPRESENTATION('',(#1950),#1958);
#1950 = ( BOUNDED_CURVE() B_SPLINE_CURVE(2,(#1951,#1952,#1953,#1954,
#1955,#1956,#1957),.UNSPECIFIED.,.T.,.F.) B_SPLINE_CURVE_WITH_KNOTS((1,2
    ,2,2,2,1),(-2.094395102393,0.,2.094395102393,4.188790204786,
6.28318530718,8.377580409573),.UNSPECIFIED.) CURVE() 
GEOMETRIC_REPRESENTATION_ITEM() RATIONAL_B_SPLINE_CURVE((1.,0.5,1.,0.5,
1.,0.5,1.)) REPRESENTATION_ITEM('') );
#1951 = CARTESIAN_POINT('',(18.1476,-59.5234));
#1952 = CARTESIAN_POINT('',(17.887792378865,-59.5234));
#1953 = CARTESIAN_POINT('',(18.017696189432,-59.2984));
#1954 = CARTESIAN_POINT('',(18.1476,-59.0734));
#1955 = CARTESIAN_POINT('',(18.277503810568,-59.2984));
#1956 = CARTESIAN_POINT('',(18.407407621135,-59.5234));
#1957 = CARTESIAN_POINT('',(18.1476,-59.5234));
#1958 = ( GEOMETRIC_REPRESENTATION_CONTEXT(2) 
PARAMETRIC_REPRESENTATION_CONTEXT() REPRESENTATION_CONTEXT('2D SPACE',''
  ) );
#1959 = PCURVE('',#1960,#1965);
#1960 = CYLINDRICAL_SURFACE('',#1961,0.15);
#1961 = AXIS2_PLACEMENT_3D('',#1962,#1963,#1964);
#1962 = CARTESIAN_POINT('',(18.1476,-59.3734,9.E-03));
#1963 = DIRECTION('',(0.,0.,-1.));
#1964 = DIRECTION('',(2.368475785867E-14,-1.,0.));
#1965 = DEFINITIONAL_REPRESENTATION('',(#1966),#1970);
#1966 = LINE('',#1967,#1968);
#1967 = CARTESIAN_POINT('',(0.,-3.6E-02));
#1968 = VECTOR('',#1969,1.);
#1969 = DIRECTION('',(1.,0.));
#1970 = ( GEOMETRIC_REPRESENTATION_CONTEXT(2) 
PARAMETRIC_REPRESENTATION_CONTEXT() REPRESENTATION_CONTEXT('2D SPACE',''
  ) );
#1971 = FACE_BOUND('',#1972,.F.);
#1972 = EDGE_LOOP('',(#1973));
#1973 = ORIENTED_EDGE('',*,*,#1974,.T.);
#1974 = EDGE_CURVE('',#1975,#1975,#1977,.T.);
#1975 = VERTEX_POINT('',#1976);
#1976 = CARTESIAN_POINT('',(28.7384,-63.8883,4.5E-02));
#1977 = SURFACE_CURVE('',#1978,(#1983,#1994),.PCURVE_S1.);
#1978 = CIRCLE('',#1979,0.15);
#1979 = AXIS2_PLACEMENT_3D('',#1980,#1981,#1982);
#1980 = CARTESIAN_POINT('',(28.7384,-63.7383,4.5E-02));
#1981 = DIRECTION('',(-0.,-0.,-1.));
#1982 = DIRECTION('',(0.,-1.,0.));
#1983 = PCURVE('',#132,#1984);
#1984 = DEFINITIONAL_REPRESENTATION('',(#1985),#1993);
#1985 = ( BOUNDED_CURVE() B_SPLINE_CURVE(2,(#1986,#1987,#1988,#1989,
#1990,#1991,#1992),.UNSPECIFIED.,.T.,.F.) B_SPLINE_CURVE_WITH_KNOTS((1,2
    ,2,2,2,1),(-2.094395102393,0.,2.094395102393,4.188790204786,
6.28318530718,8.377580409573),.UNSPECIFIED.) CURVE() 
GEOMETRIC_REPRESENTATION_ITEM() RATIONAL_B_SPLINE_CURVE((1.,0.5,1.,0.5,
1.,0.5,1.)) REPRESENTATION_ITEM('') );
#1986 = CARTESIAN_POINT('',(28.7384,-63.8883));
#1987 = CARTESIAN_POINT('',(28.478592378865,-63.8883));
#1988 = CARTESIAN_POINT('',(28.608496189432,-63.6633));
#1989 = CARTESIAN_POINT('',(28.7384,-63.4383));
#1990 = CARTESIAN_POINT('',(28.868303810568,-63.6633));
#1991 = CARTESIAN_POINT('',(28.998207621135,-63.8883));
#1992 = CARTESIAN_POINT('',(28.7384,-63.8883));
#1993 = ( GEOMETRIC_REPRESENTATION_CONTEXT(2) 
PARAMETRIC_REPRESENTATION_CONTEXT() REPRESENTATION_CONTEXT('2D SPACE',''
  ) );
#1994 = PCURVE('',#1995,#2000);
#1995 = CYLINDRICAL_SURFACE('',#1996,0.15);
#1996 = AXIS2_PLACEMENT_3D('',#1997,#1998,#1999);
#1997 = CARTESIAN_POINT('',(28.7384,-63.7383,9.E-03));
#1998 = DIRECTION('',(-0.,-0.,-1.));
#1999 = DIRECTION('',(0.,-1.,0.));
#2000 = DEFINITIONAL_REPRESENTATION('',(#2001),#2005);
#2001 = LINE('',#2002,#2003);
#2002 = CARTESIAN_POINT('',(0.,-3.6E-02));
#2003 = VECTOR('',#2004,1.);
#2004 = DIRECTION('',(1.,0.));
#2005 = ( GEOMETRIC_REPRESENTATION_CONTEXT(2) 
PARAMETRIC_REPRESENTATION_CONTEXT() REPRESENTATION_CONTEXT('2D SPACE',''
  ) );
#2006 = FACE_BOUND('',#2007,.F.);
#2007 = EDGE_LOOP('',(#2008));
#2008 = ORIENTED_EDGE('',*,*,#2009,.T.);
#2009 = EDGE_CURVE('',#2010,#2010,#2012,.T.);
#2010 = VERTEX_POINT('',#2011);
#2011 = CARTESIAN_POINT('',(32.2767,-85.1669,4.5E-02));
#2012 = SURFACE_CURVE('',#2013,(#2018,#2029),.PCURVE_S1.);
#2013 = CIRCLE('',#2014,0.15);
#2014 = AXIS2_PLACEMENT_3D('',#2015,#2016,#2017);
#2015 = CARTESIAN_POINT('',(32.2767,-85.0169,4.5E-02));
#2016 = DIRECTION('',(-0.,-0.,-1.));
#2017 = DIRECTION('',(0.,-1.,0.));
#2018 = PCURVE('',#132,#2019);
#2019 = DEFINITIONAL_REPRESENTATION('',(#2020),#2028);
#2020 = ( BOUNDED_CURVE() B_SPLINE_CURVE(2,(#2021,#2022,#2023,#2024,
#2025,#2026,#2027),.UNSPECIFIED.,.T.,.F.) B_SPLINE_CURVE_WITH_KNOTS((1,2
    ,2,2,2,1),(-2.094395102393,0.,2.094395102393,4.188790204786,
6.28318530718,8.377580409573),.UNSPECIFIED.) CURVE() 
GEOMETRIC_REPRESENTATION_ITEM() RATIONAL_B_SPLINE_CURVE((1.,0.5,1.,0.5,
1.,0.5,1.)) REPRESENTATION_ITEM('') );
#2021 = CARTESIAN_POINT('',(32.2767,-85.1669));
#2022 = CARTESIAN_POINT('',(32.016892378865,-85.1669));
#2023 = CARTESIAN_POINT('',(32.146796189432,-84.9419));
#2024 = CARTESIAN_POINT('',(32.2767,-84.7169));
#2025 = CARTESIAN_POINT('',(32.406603810568,-84.9419));
#2026 = CARTESIAN_POINT('',(32.536507621135,-85.1669));
#2027 = CARTESIAN_POINT('',(32.2767,-85.1669));
#2028 = ( GEOMETRIC_REPRESENTATION_CONTEXT(2) 
PARAMETRIC_REPRESENTATION_CONTEXT() REPRESENTATION_CONTEXT('2D SPACE',''
  ) );
#2029 = PCURVE('',#2030,#2035);
#2030 = CYLINDRICAL_SURFACE('',#2031,0.15);
#2031 = AXIS2_PLACEMENT_3D('',#2032,#2033,#2034);
#2032 = CARTESIAN_POINT('',(32.2767,-85.0169,9.E-03));
#2033 = DIRECTION('',(-0.,-0.,-1.));
#2034 = DIRECTION('',(0.,-1.,0.));
#2035 = DEFINITIONAL_REPRESENTATION('',(#2036),#2040);
#2036 = LINE('',#2037,#2038);
#2037 = CARTESIAN_POINT('',(0.,-3.6E-02));
#2038 = VECTOR('',#2039,1.);
#2039 = DIRECTION('',(1.,0.));
#2040 = ( GEOMETRIC_REPRESENTATION_CONTEXT(2) 
PARAMETRIC_REPRESENTATION_CONTEXT() REPRESENTATION_CONTEXT('2D SPACE',''
  ) );
#2041 = FACE_BOUND('',#2042,.F.);
#2042 = EDGE_LOOP('',(#2043));
#2043 = ORIENTED_EDGE('',*,*,#2044,.T.);
#2044 = EDGE_CURVE('',#2045,#2045,#2047,.T.);
#2045 = VERTEX_POINT('',#2046);
#2046 = CARTESIAN_POINT('',(33.4566,-84.0518,4.5E-02));
#2047 = SURFACE_CURVE('',#2048,(#2053,#2064),.PCURVE_S1.);
#2048 = CIRCLE('',#2049,0.15);
#2049 = AXIS2_PLACEMENT_3D('',#2050,#2051,#2052);
#2050 = CARTESIAN_POINT('',(33.4566,-83.9018,4.5E-02));
#2051 = DIRECTION('',(-0.,-0.,-1.));
#2052 = DIRECTION('',(0.,-1.,0.));
#2053 = PCURVE('',#132,#2054);
#2054 = DEFINITIONAL_REPRESENTATION('',(#2055),#2063);
#2055 = ( BOUNDED_CURVE() B_SPLINE_CURVE(2,(#2056,#2057,#2058,#2059,
#2060,#2061,#2062),.UNSPECIFIED.,.T.,.F.) B_SPLINE_CURVE_WITH_KNOTS((1,2
    ,2,2,2,1),(-2.094395102393,0.,2.094395102393,4.188790204786,
6.28318530718,8.377580409573),.UNSPECIFIED.) CURVE() 
GEOMETRIC_REPRESENTATION_ITEM() RATIONAL_B_SPLINE_CURVE((1.,0.5,1.,0.5,
1.,0.5,1.)) REPRESENTATION_ITEM('') );
#2056 = CARTESIAN_POINT('',(33.4566,-84.0518));
#2057 = CARTESIAN_POINT('',(33.196792378865,-84.0518));
#2058 = CARTESIAN_POINT('',(33.326696189432,-83.8268));
#2059 = CARTESIAN_POINT('',(33.4566,-83.6018));
#2060 = CARTESIAN_POINT('',(33.586503810568,-83.8268));
#2061 = CARTESIAN_POINT('',(33.716407621135,-84.0518));
#2062 = CARTESIAN_POINT('',(33.4566,-84.0518));
#2063 = ( GEOMETRIC_REPRESENTATION_CONTEXT(2) 
PARAMETRIC_REPRESENTATION_CONTEXT() REPRESENTATION_CONTEXT('2D SPACE',''
  ) );
#2064 = PCURVE('',#2065,#2070);
#2065 = CYLINDRICAL_SURFACE('',#2066,0.15);
#2066 = AXIS2_PLACEMENT_3D('',#2067,#2068,#2069);
#2067 = CARTESIAN_POINT('',(33.4566,-83.9018,9.E-03));
#2068 = DIRECTION('',(-0.,-0.,-1.));
#2069 = DIRECTION('',(0.,-1.,0.));
#2070 = DEFINITIONAL_REPRESENTATION('',(#2071),#2075);
#2071 = LINE('',#2072,#2073);
#2072 = CARTESIAN_POINT('',(0.,-3.6E-02));
#2073 = VECTOR('',#2074,1.);
#2074 = DIRECTION('',(1.,0.));
#2075 = ( GEOMETRIC_REPRESENTATION_CONTEXT(2) 
PARAMETRIC_REPRESENTATION_CONTEXT() REPRESENTATION_CONTEXT('2D SPACE',''
  ) );
#2076 = FACE_BOUND('',#2077,.F.);
#2077 = EDGE_LOOP('',(#2078));
#2078 = ORIENTED_EDGE('',*,*,#2079,.T.);
#2079 = EDGE_CURVE('',#2080,#2080,#2082,.T.);
#2080 = VERTEX_POINT('',#2081);
#2081 = CARTESIAN_POINT('',(35.6199,-84.0218,4.5E-02));
#2082 = SURFACE_CURVE('',#2083,(#2088,#2099),.PCURVE_S1.);
#2083 = CIRCLE('',#2084,0.15);
#2084 = AXIS2_PLACEMENT_3D('',#2085,#2086,#2087);
#2085 = CARTESIAN_POINT('',(35.6199,-83.8718,4.5E-02));
#2086 = DIRECTION('',(-0.,-0.,-1.));
#2087 = DIRECTION('',(0.,-1.,0.));
#2088 = PCURVE('',#132,#2089);
#2089 = DEFINITIONAL_REPRESENTATION('',(#2090),#2098);
#2090 = ( BOUNDED_CURVE() B_SPLINE_CURVE(2,(#2091,#2092,#2093,#2094,
#2095,#2096,#2097),.UNSPECIFIED.,.T.,.F.) B_SPLINE_CURVE_WITH_KNOTS((1,2
    ,2,2,2,1),(-2.094395102393,0.,2.094395102393,4.188790204786,
6.28318530718,8.377580409573),.UNSPECIFIED.) CURVE() 
GEOMETRIC_REPRESENTATION_ITEM() RATIONAL_B_SPLINE_CURVE((1.,0.5,1.,0.5,
1.,0.5,1.)) REPRESENTATION_ITEM('') );
#2091 = CARTESIAN_POINT('',(35.6199,-84.0218));
#2092 = CARTESIAN_POINT('',(35.360092378865,-84.0218));
#2093 = CARTESIAN_POINT('',(35.489996189432,-83.7968));
#2094 = CARTESIAN_POINT('',(35.6199,-83.5718));
#2095 = CARTESIAN_POINT('',(35.749803810568,-83.7968));
#2096 = CARTESIAN_POINT('',(35.879707621135,-84.0218));
#2097 = CARTESIAN_POINT('',(35.6199,-84.0218));
#2098 = ( GEOMETRIC_REPRESENTATION_CONTEXT(2) 
PARAMETRIC_REPRESENTATION_CONTEXT() REPRESENTATION_CONTEXT('2D SPACE',''
  ) );
#2099 = PCURVE('',#2100,#2105);
#2100 = CYLINDRICAL_SURFACE('',#2101,0.15);
#2101 = AXIS2_PLACEMENT_3D('',#2102,#2103,#2104);
#2102 = CARTESIAN_POINT('',(35.6199,-83.8718,9.E-03));
#2103 = DIRECTION('',(-0.,-0.,-1.));
#2104 = DIRECTION('',(0.,-1.,0.));
#2105 = DEFINITIONAL_REPRESENTATION('',(#2106),#2110);
#2106 = LINE('',#2107,#2108);
#2107 = CARTESIAN_POINT('',(0.,-3.6E-02));
#2108 = VECTOR('',#2109,1.);
#2109 = DIRECTION('',(1.,0.));
#2110 = ( GEOMETRIC_REPRESENTATION_CONTEXT(2) 
PARAMETRIC_REPRESENTATION_CONTEXT() REPRESENTATION_CONTEXT('2D SPACE',''
  ) );
#2111 = FACE_BOUND('',#2112,.F.);
#2112 = EDGE_LOOP('',(#2113));
#2113 = ORIENTED_EDGE('',*,*,#2114,.T.);
#2114 = EDGE_CURVE('',#2115,#2115,#2117,.T.);
#2115 = VERTEX_POINT('',#2116);
#2116 = CARTESIAN_POINT('',(31.7292,-80.8174,4.5E-02));
#2117 = SURFACE_CURVE('',#2118,(#2123,#2134),.PCURVE_S1.);
#2118 = CIRCLE('',#2119,0.15);
#2119 = AXIS2_PLACEMENT_3D('',#2120,#2121,#2122);
#2120 = CARTESIAN_POINT('',(31.7292,-80.6674,4.5E-02));
#2121 = DIRECTION('',(-0.,-0.,-1.));
#2122 = DIRECTION('',(0.,-1.,0.));
#2123 = PCURVE('',#132,#2124);
#2124 = DEFINITIONAL_REPRESENTATION('',(#2125),#2133);
#2125 = ( BOUNDED_CURVE() B_SPLINE_CURVE(2,(#2126,#2127,#2128,#2129,
#2130,#2131,#2132),.UNSPECIFIED.,.T.,.F.) B_SPLINE_CURVE_WITH_KNOTS((1,2
    ,2,2,2,1),(-2.094395102393,0.,2.094395102393,4.188790204786,
6.28318530718,8.377580409573),.UNSPECIFIED.) CURVE() 
GEOMETRIC_REPRESENTATION_ITEM() RATIONAL_B_SPLINE_CURVE((1.,0.5,1.,0.5,
1.,0.5,1.)) REPRESENTATION_ITEM('') );
#2126 = CARTESIAN_POINT('',(31.7292,-80.8174));
#2127 = CARTESIAN_POINT('',(31.469392378865,-80.8174));
#2128 = CARTESIAN_POINT('',(31.599296189432,-80.5924));
#2129 = CARTESIAN_POINT('',(31.7292,-80.3674));
#2130 = CARTESIAN_POINT('',(31.859103810568,-80.5924));
#2131 = CARTESIAN_POINT('',(31.989007621135,-80.8174));
#2132 = CARTESIAN_POINT('',(31.7292,-80.8174));
#2133 = ( GEOMETRIC_REPRESENTATION_CONTEXT(2) 
PARAMETRIC_REPRESENTATION_CONTEXT() REPRESENTATION_CONTEXT('2D SPACE',''
  ) );
#2134 = PCURVE('',#2135,#2140);
#2135 = CYLINDRICAL_SURFACE('',#2136,0.15);
#2136 = AXIS2_PLACEMENT_3D('',#2137,#2138,#2139);
#2137 = CARTESIAN_POINT('',(31.7292,-80.6674,9.E-03));
#2138 = DIRECTION('',(-0.,-0.,-1.));
#2139 = DIRECTION('',(0.,-1.,0.));
#2140 = DEFINITIONAL_REPRESENTATION('',(#2141),#2145);
#2141 = LINE('',#2142,#2143);
#2142 = CARTESIAN_POINT('',(0.,-3.6E-02));
#2143 = VECTOR('',#2144,1.);
#2144 = DIRECTION('',(1.,0.));
#2145 = ( GEOMETRIC_REPRESENTATION_CONTEXT(2) 
PARAMETRIC_REPRESENTATION_CONTEXT() REPRESENTATION_CONTEXT('2D SPACE',''
  ) );
#2146 = FACE_BOUND('',#2147,.F.);
#2147 = EDGE_LOOP('',(#2148));
#2148 = ORIENTED_EDGE('',*,*,#2149,.T.);
#2149 = EDGE_CURVE('',#2150,#2150,#2152,.T.);
#2150 = VERTEX_POINT('',#2151);
#2151 = CARTESIAN_POINT('',(32.6031,-80.7352,4.5E-02));
#2152 = SURFACE_CURVE('',#2153,(#2158,#2169),.PCURVE_S1.);
#2153 = CIRCLE('',#2154,0.15);
#2154 = AXIS2_PLACEMENT_3D('',#2155,#2156,#2157);
#2155 = CARTESIAN_POINT('',(32.6031,-80.5852,4.5E-02));
#2156 = DIRECTION('',(-0.,-0.,-1.));
#2157 = DIRECTION('',(0.,-1.,0.));
#2158 = PCURVE('',#132,#2159);
#2159 = DEFINITIONAL_REPRESENTATION('',(#2160),#2168);
#2160 = ( BOUNDED_CURVE() B_SPLINE_CURVE(2,(#2161,#2162,#2163,#2164,
#2165,#2166,#2167),.UNSPECIFIED.,.T.,.F.) B_SPLINE_CURVE_WITH_KNOTS((1,2
    ,2,2,2,1),(-2.094395102393,0.,2.094395102393,4.188790204786,
6.28318530718,8.377580409573),.UNSPECIFIED.) CURVE() 
GEOMETRIC_REPRESENTATION_ITEM() RATIONAL_B_SPLINE_CURVE((1.,0.5,1.,0.5,
1.,0.5,1.)) REPRESENTATION_ITEM('') );
#2161 = CARTESIAN_POINT('',(32.6031,-80.7352));
#2162 = CARTESIAN_POINT('',(32.343292378865,-80.7352));
#2163 = CARTESIAN_POINT('',(32.473196189432,-80.5102));
#2164 = CARTESIAN_POINT('',(32.6031,-80.2852));
#2165 = CARTESIAN_POINT('',(32.733003810568,-80.5102));
#2166 = CARTESIAN_POINT('',(32.862907621135,-80.7352));
#2167 = CARTESIAN_POINT('',(32.6031,-80.7352));
#2168 = ( GEOMETRIC_REPRESENTATION_CONTEXT(2) 
PARAMETRIC_REPRESENTATION_CONTEXT() REPRESENTATION_CONTEXT('2D SPACE',''
  ) );
#2169 = PCURVE('',#2170,#2175);
#2170 = CYLINDRICAL_SURFACE('',#2171,0.15);
#2171 = AXIS2_PLACEMENT_3D('',#2172,#2173,#2174);
#2172 = CARTESIAN_POINT('',(32.6031,-80.5852,9.E-03));
#2173 = DIRECTION('',(-0.,-0.,-1.));
#2174 = DIRECTION('',(0.,-1.,0.));
#2175 = DEFINITIONAL_REPRESENTATION('',(#2176),#2180);
#2176 = LINE('',#2177,#2178);
#2177 = CARTESIAN_POINT('',(0.,-3.6E-02));
#2178 = VECTOR('',#2179,1.);
#2179 = DIRECTION('',(1.,0.));
#2180 = ( GEOMETRIC_REPRESENTATION_CONTEXT(2) 
PARAMETRIC_REPRESENTATION_CONTEXT() REPRESENTATION_CONTEXT('2D SPACE',''
  ) );
#2181 = FACE_BOUND('',#2182,.F.);
#2182 = EDGE_LOOP('',(#2183));
#2183 = ORIENTED_EDGE('',*,*,#2184,.T.);
#2184 = EDGE_CURVE('',#2185,#2185,#2187,.T.);
#2185 = VERTEX_POINT('',#2186);
#2186 = CARTESIAN_POINT('',(31.6686,-80.061,4.5E-02));
#2187 = SURFACE_CURVE('',#2188,(#2193,#2204),.PCURVE_S1.);
#2188 = CIRCLE('',#2189,0.15);
#2189 = AXIS2_PLACEMENT_3D('',#2190,#2191,#2192);
#2190 = CARTESIAN_POINT('',(31.6686,-79.911,4.5E-02));
#2191 = DIRECTION('',(0.,-0.,-1.));
#2192 = DIRECTION('',(2.368475785867E-14,-1.,0.));
#2193 = PCURVE('',#132,#2194);
#2194 = DEFINITIONAL_REPRESENTATION('',(#2195),#2203);
#2195 = ( BOUNDED_CURVE() B_SPLINE_CURVE(2,(#2196,#2197,#2198,#2199,
#2200,#2201,#2202),.UNSPECIFIED.,.T.,.F.) B_SPLINE_CURVE_WITH_KNOTS((1,2
    ,2,2,2,1),(-2.094395102393,0.,2.094395102393,4.188790204786,
6.28318530718,8.377580409573),.UNSPECIFIED.) CURVE() 
GEOMETRIC_REPRESENTATION_ITEM() RATIONAL_B_SPLINE_CURVE((1.,0.5,1.,0.5,
1.,0.5,1.)) REPRESENTATION_ITEM('') );
#2196 = CARTESIAN_POINT('',(31.6686,-80.061));
#2197 = CARTESIAN_POINT('',(31.408792378865,-80.061));
#2198 = CARTESIAN_POINT('',(31.538696189432,-79.836));
#2199 = CARTESIAN_POINT('',(31.6686,-79.611));
#2200 = CARTESIAN_POINT('',(31.798503810568,-79.836));
#2201 = CARTESIAN_POINT('',(31.928407621135,-80.061));
#2202 = CARTESIAN_POINT('',(31.6686,-80.061));
#2203 = ( GEOMETRIC_REPRESENTATION_CONTEXT(2) 
PARAMETRIC_REPRESENTATION_CONTEXT() REPRESENTATION_CONTEXT('2D SPACE',''
  ) );
#2204 = PCURVE('',#2205,#2210);
#2205 = CYLINDRICAL_SURFACE('',#2206,0.15);
#2206 = AXIS2_PLACEMENT_3D('',#2207,#2208,#2209);
#2207 = CARTESIAN_POINT('',(31.6686,-79.911,9.E-03));
#2208 = DIRECTION('',(0.,0.,-1.));
#2209 = DIRECTION('',(2.368475785867E-14,-1.,0.));
#2210 = DEFINITIONAL_REPRESENTATION('',(#2211),#2215);
#2211 = LINE('',#2212,#2213);
#2212 = CARTESIAN_POINT('',(0.,-3.6E-02));
#2213 = VECTOR('',#2214,1.);
#2214 = DIRECTION('',(1.,0.));
#2215 = ( GEOMETRIC_REPRESENTATION_CONTEXT(2) 
PARAMETRIC_REPRESENTATION_CONTEXT() REPRESENTATION_CONTEXT('2D SPACE',''
  ) );
#2216 = FACE_BOUND('',#2217,.F.);
#2217 = EDGE_LOOP('',(#2218));
#2218 = ORIENTED_EDGE('',*,*,#2219,.T.);
#2219 = EDGE_CURVE('',#2220,#2220,#2222,.T.);
#2220 = VERTEX_POINT('',#2221);
#2221 = CARTESIAN_POINT('',(34.5363,-82.2433,4.5E-02));
#2222 = SURFACE_CURVE('',#2223,(#2228,#2239),.PCURVE_S1.);
#2223 = CIRCLE('',#2224,0.15);
#2224 = AXIS2_PLACEMENT_3D('',#2225,#2226,#2227);
#2225 = CARTESIAN_POINT('',(34.5363,-82.0933,4.5E-02));
#2226 = DIRECTION('',(-0.,-0.,-1.));
#2227 = DIRECTION('',(0.,-1.,0.));
#2228 = PCURVE('',#132,#2229);
#2229 = DEFINITIONAL_REPRESENTATION('',(#2230),#2238);
#2230 = ( BOUNDED_CURVE() B_SPLINE_CURVE(2,(#2231,#2232,#2233,#2234,
#2235,#2236,#2237),.UNSPECIFIED.,.T.,.F.) B_SPLINE_CURVE_WITH_KNOTS((1,2
    ,2,2,2,1),(-2.094395102393,0.,2.094395102393,4.188790204786,
6.28318530718,8.377580409573),.UNSPECIFIED.) CURVE() 
GEOMETRIC_REPRESENTATION_ITEM() RATIONAL_B_SPLINE_CURVE((1.,0.5,1.,0.5,
1.,0.5,1.)) REPRESENTATION_ITEM('') );
#2231 = CARTESIAN_POINT('',(34.5363,-82.2433));
#2232 = CARTESIAN_POINT('',(34.276492378865,-82.2433));
#2233 = CARTESIAN_POINT('',(34.406396189432,-82.0183));
#2234 = CARTESIAN_POINT('',(34.5363,-81.7933));
#2235 = CARTESIAN_POINT('',(34.666203810568,-82.0183));
#2236 = CARTESIAN_POINT('',(34.796107621135,-82.2433));
#2237 = CARTESIAN_POINT('',(34.5363,-82.2433));
#2238 = ( GEOMETRIC_REPRESENTATION_CONTEXT(2) 
PARAMETRIC_REPRESENTATION_CONTEXT() REPRESENTATION_CONTEXT('2D SPACE',''
  ) );
#2239 = PCURVE('',#2240,#2245);
#2240 = CYLINDRICAL_SURFACE('',#2241,0.15);
#2241 = AXIS2_PLACEMENT_3D('',#2242,#2243,#2244);
#2242 = CARTESIAN_POINT('',(34.5363,-82.0933,9.E-03));
#2243 = DIRECTION('',(-0.,-0.,-1.));
#2244 = DIRECTION('',(0.,-1.,0.));
#2245 = DEFINITIONAL_REPRESENTATION('',(#2246),#2250);
#2246 = LINE('',#2247,#2248);
#2247 = CARTESIAN_POINT('',(0.,-3.6E-02));
#2248 = VECTOR('',#2249,1.);
#2249 = DIRECTION('',(1.,0.));
#2250 = ( GEOMETRIC_REPRESENTATION_CONTEXT(2) 
PARAMETRIC_REPRESENTATION_CONTEXT() REPRESENTATION_CONTEXT('2D SPACE',''
  ) );
#2251 = FACE_BOUND('',#2252,.F.);
#2252 = EDGE_LOOP('',(#2253));
#2253 = ORIENTED_EDGE('',*,*,#2254,.T.);
#2254 = EDGE_CURVE('',#2255,#2255,#2257,.T.);
#2255 = VERTEX_POINT('',#2256);
#2256 = CARTESIAN_POINT('',(35.3652,-82.2425,4.5E-02));
#2257 = SURFACE_CURVE('',#2258,(#2263,#2274),.PCURVE_S1.);
#2258 = CIRCLE('',#2259,0.15);
#2259 = AXIS2_PLACEMENT_3D('',#2260,#2261,#2262);
#2260 = CARTESIAN_POINT('',(35.3652,-82.0925,4.5E-02));
#2261 = DIRECTION('',(-0.,-0.,-1.));
#2262 = DIRECTION('',(0.,-1.,0.));
#2263 = PCURVE('',#132,#2264);
#2264 = DEFINITIONAL_REPRESENTATION('',(#2265),#2273);
#2265 = ( BOUNDED_CURVE() B_SPLINE_CURVE(2,(#2266,#2267,#2268,#2269,
#2270,#2271,#2272),.UNSPECIFIED.,.T.,.F.) B_SPLINE_CURVE_WITH_KNOTS((1,2
    ,2,2,2,1),(-2.094395102393,0.,2.094395102393,4.188790204786,
6.28318530718,8.377580409573),.UNSPECIFIED.) CURVE() 
GEOMETRIC_REPRESENTATION_ITEM() RATIONAL_B_SPLINE_CURVE((1.,0.5,1.,0.5,
1.,0.5,1.)) REPRESENTATION_ITEM('') );
#2266 = CARTESIAN_POINT('',(35.3652,-82.2425));
#2267 = CARTESIAN_POINT('',(35.105392378865,-82.2425));
#2268 = CARTESIAN_POINT('',(35.235296189432,-82.0175));
#2269 = CARTESIAN_POINT('',(35.3652,-81.7925));
#2270 = CARTESIAN_POINT('',(35.495103810568,-82.0175));
#2271 = CARTESIAN_POINT('',(35.625007621135,-82.2425));
#2272 = CARTESIAN_POINT('',(35.3652,-82.2425));
#2273 = ( GEOMETRIC_REPRESENTATION_CONTEXT(2) 
PARAMETRIC_REPRESENTATION_CONTEXT() REPRESENTATION_CONTEXT('2D SPACE',''
  ) );
#2274 = PCURVE('',#2275,#2280);
#2275 = CYLINDRICAL_SURFACE('',#2276,0.15);
#2276 = AXIS2_PLACEMENT_3D('',#2277,#2278,#2279);
#2277 = CARTESIAN_POINT('',(35.3652,-82.0925,9.E-03));
#2278 = DIRECTION('',(-0.,-0.,-1.));
#2279 = DIRECTION('',(0.,-1.,0.));
#2280 = DEFINITIONAL_REPRESENTATION('',(#2281),#2285);
#2281 = LINE('',#2282,#2283);
#2282 = CARTESIAN_POINT('',(0.,-3.6E-02));
#2283 = VECTOR('',#2284,1.);
#2284 = DIRECTION('',(1.,0.));
#2285 = ( GEOMETRIC_REPRESENTATION_CONTEXT(2) 
PARAMETRIC_REPRESENTATION_CONTEXT() REPRESENTATION_CONTEXT('2D SPACE',''
  ) );
#2286 = FACE_BOUND('',#2287,.F.);
#2287 = EDGE_LOOP('',(#2288));
#2288 = ORIENTED_EDGE('',*,*,#2289,.T.);
#2289 = EDGE_CURVE('',#2290,#2290,#2292,.T.);
#2290 = VERTEX_POINT('',#2291);
#2291 = CARTESIAN_POINT('',(35.0566,-80.2817,4.5E-02));
#2292 = SURFACE_CURVE('',#2293,(#2298,#2309),.PCURVE_S1.);
#2293 = CIRCLE('',#2294,0.15);
#2294 = AXIS2_PLACEMENT_3D('',#2295,#2296,#2297);
#2295 = CARTESIAN_POINT('',(35.0566,-80.1317,4.5E-02));
#2296 = DIRECTION('',(-0.,-0.,-1.));
#2297 = DIRECTION('',(0.,-1.,0.));
#2298 = PCURVE('',#132,#2299);
#2299 = DEFINITIONAL_REPRESENTATION('',(#2300),#2308);
#2300 = ( BOUNDED_CURVE() B_SPLINE_CURVE(2,(#2301,#2302,#2303,#2304,
#2305,#2306,#2307),.UNSPECIFIED.,.T.,.F.) B_SPLINE_CURVE_WITH_KNOTS((1,2
    ,2,2,2,1),(-2.094395102393,0.,2.094395102393,4.188790204786,
6.28318530718,8.377580409573),.UNSPECIFIED.) CURVE() 
GEOMETRIC_REPRESENTATION_ITEM() RATIONAL_B_SPLINE_CURVE((1.,0.5,1.,0.5,
1.,0.5,1.)) REPRESENTATION_ITEM('') );
#2301 = CARTESIAN_POINT('',(35.0566,-80.2817));
#2302 = CARTESIAN_POINT('',(34.796792378865,-80.2817));
#2303 = CARTESIAN_POINT('',(34.926696189432,-80.0567));
#2304 = CARTESIAN_POINT('',(35.0566,-79.8317));
#2305 = CARTESIAN_POINT('',(35.186503810568,-80.0567));
#2306 = CARTESIAN_POINT('',(35.316407621135,-80.2817));
#2307 = CARTESIAN_POINT('',(35.0566,-80.2817));
#2308 = ( GEOMETRIC_REPRESENTATION_CONTEXT(2) 
PARAMETRIC_REPRESENTATION_CONTEXT() REPRESENTATION_CONTEXT('2D SPACE',''
  ) );
#2309 = PCURVE('',#2310,#2315);
#2310 = CYLINDRICAL_SURFACE('',#2311,0.15);
#2311 = AXIS2_PLACEMENT_3D('',#2312,#2313,#2314);
#2312 = CARTESIAN_POINT('',(35.0566,-80.1317,9.E-03));
#2313 = DIRECTION('',(-0.,-0.,-1.));
#2314 = DIRECTION('',(0.,-1.,0.));
#2315 = DEFINITIONAL_REPRESENTATION('',(#2316),#2320);
#2316 = LINE('',#2317,#2318);
#2317 = CARTESIAN_POINT('',(0.,-3.6E-02));
#2318 = VECTOR('',#2319,1.);
#2319 = DIRECTION('',(1.,0.));
#2320 = ( GEOMETRIC_REPRESENTATION_CONTEXT(2) 
PARAMETRIC_REPRESENTATION_CONTEXT() REPRESENTATION_CONTEXT('2D SPACE',''
  ) );
#2321 = FACE_BOUND('',#2322,.F.);
#2322 = EDGE_LOOP('',(#2323));
#2323 = ORIENTED_EDGE('',*,*,#2324,.T.);
#2324 = EDGE_CURVE('',#2325,#2325,#2327,.T.);
#2325 = VERTEX_POINT('',#2326);
#2326 = CARTESIAN_POINT('',(34.55,-77.15,4.5E-02));
#2327 = SURFACE_CURVE('',#2328,(#2333,#2344),.PCURVE_S1.);
#2328 = CIRCLE('',#2329,0.15);
#2329 = AXIS2_PLACEMENT_3D('',#2330,#2331,#2332);
#2330 = CARTESIAN_POINT('',(34.55,-77.,4.5E-02));
#2331 = DIRECTION('',(-0.,-0.,-1.));
#2332 = DIRECTION('',(0.,-1.,0.));
#2333 = PCURVE('',#132,#2334);
#2334 = DEFINITIONAL_REPRESENTATION('',(#2335),#2343);
#2335 = ( BOUNDED_CURVE() B_SPLINE_CURVE(2,(#2336,#2337,#2338,#2339,
#2340,#2341,#2342),.UNSPECIFIED.,.T.,.F.) B_SPLINE_CURVE_WITH_KNOTS((1,2
    ,2,2,2,1),(-2.094395102393,0.,2.094395102393,4.188790204786,
6.28318530718,8.377580409573),.UNSPECIFIED.) CURVE() 
GEOMETRIC_REPRESENTATION_ITEM() RATIONAL_B_SPLINE_CURVE((1.,0.5,1.,0.5,
1.,0.5,1.)) REPRESENTATION_ITEM('') );
#2336 = CARTESIAN_POINT('',(34.55,-77.15));
#2337 = CARTESIAN_POINT('',(34.290192378865,-77.15));
#2338 = CARTESIAN_POINT('',(34.420096189432,-76.925));
#2339 = CARTESIAN_POINT('',(34.55,-76.7));
#2340 = CARTESIAN_POINT('',(34.679903810568,-76.925));
#2341 = CARTESIAN_POINT('',(34.809807621135,-77.15));
#2342 = CARTESIAN_POINT('',(34.55,-77.15));
#2343 = ( GEOMETRIC_REPRESENTATION_CONTEXT(2) 
PARAMETRIC_REPRESENTATION_CONTEXT() REPRESENTATION_CONTEXT('2D SPACE',''
  ) );
#2344 = PCURVE('',#2345,#2350);
#2345 = CYLINDRICAL_SURFACE('',#2346,0.15);
#2346 = AXIS2_PLACEMENT_3D('',#2347,#2348,#2349);
#2347 = CARTESIAN_POINT('',(34.55,-77.,9.E-03));
#2348 = DIRECTION('',(-0.,-0.,-1.));
#2349 = DIRECTION('',(0.,-1.,0.));
#2350 = DEFINITIONAL_REPRESENTATION('',(#2351),#2355);
#2351 = LINE('',#2352,#2353);
#2352 = CARTESIAN_POINT('',(0.,-3.6E-02));
#2353 = VECTOR('',#2354,1.);
#2354 = DIRECTION('',(1.,0.));
#2355 = ( GEOMETRIC_REPRESENTATION_CONTEXT(2) 
PARAMETRIC_REPRESENTATION_CONTEXT() REPRESENTATION_CONTEXT('2D SPACE',''
  ) );
#2356 = FACE_BOUND('',#2357,.F.);
#2357 = EDGE_LOOP('',(#2358));
#2358 = ORIENTED_EDGE('',*,*,#2359,.T.);
#2359 = EDGE_CURVE('',#2360,#2360,#2362,.T.);
#2360 = VERTEX_POINT('',#2361);
#2361 = CARTESIAN_POINT('',(34.85,-74.5,4.5E-02));
#2362 = SURFACE_CURVE('',#2363,(#2368,#2379),.PCURVE_S1.);
#2363 = CIRCLE('',#2364,0.15);
#2364 = AXIS2_PLACEMENT_3D('',#2365,#2366,#2367);
#2365 = CARTESIAN_POINT('',(34.85,-74.35,4.5E-02));
#2366 = DIRECTION('',(-0.,-0.,-1.));
#2367 = DIRECTION('',(0.,-1.,0.));
#2368 = PCURVE('',#132,#2369);
#2369 = DEFINITIONAL_REPRESENTATION('',(#2370),#2378);
#2370 = ( BOUNDED_CURVE() B_SPLINE_CURVE(2,(#2371,#2372,#2373,#2374,
#2375,#2376,#2377),.UNSPECIFIED.,.T.,.F.) B_SPLINE_CURVE_WITH_KNOTS((1,2
    ,2,2,2,1),(-2.094395102393,0.,2.094395102393,4.188790204786,
6.28318530718,8.377580409573),.UNSPECIFIED.) CURVE() 
GEOMETRIC_REPRESENTATION_ITEM() RATIONAL_B_SPLINE_CURVE((1.,0.5,1.,0.5,
1.,0.5,1.)) REPRESENTATION_ITEM('') );
#2371 = CARTESIAN_POINT('',(34.85,-74.5));
#2372 = CARTESIAN_POINT('',(34.590192378865,-74.5));
#2373 = CARTESIAN_POINT('',(34.720096189432,-74.275));
#2374 = CARTESIAN_POINT('',(34.85,-74.05));
#2375 = CARTESIAN_POINT('',(34.979903810568,-74.275));
#2376 = CARTESIAN_POINT('',(35.109807621135,-74.5));
#2377 = CARTESIAN_POINT('',(34.85,-74.5));
#2378 = ( GEOMETRIC_REPRESENTATION_CONTEXT(2) 
PARAMETRIC_REPRESENTATION_CONTEXT() REPRESENTATION_CONTEXT('2D SPACE',''
  ) );
#2379 = PCURVE('',#2380,#2385);
#2380 = CYLINDRICAL_SURFACE('',#2381,0.15);
#2381 = AXIS2_PLACEMENT_3D('',#2382,#2383,#2384);
#2382 = CARTESIAN_POINT('',(34.85,-74.35,9.E-03));
#2383 = DIRECTION('',(-0.,-0.,-1.));
#2384 = DIRECTION('',(0.,-1.,0.));
#2385 = DEFINITIONAL_REPRESENTATION('',(#2386),#2390);
#2386 = LINE('',#2387,#2388);
#2387 = CARTESIAN_POINT('',(0.,-3.6E-02));
#2388 = VECTOR('',#2389,1.);
#2389 = DIRECTION('',(1.,0.));
#2390 = ( GEOMETRIC_REPRESENTATION_CONTEXT(2) 
PARAMETRIC_REPRESENTATION_CONTEXT() REPRESENTATION_CONTEXT('2D SPACE',''
  ) );
#2391 = FACE_BOUND('',#2392,.F.);
#2392 = EDGE_LOOP('',(#2393));
#2393 = ORIENTED_EDGE('',*,*,#2394,.T.);
#2394 = EDGE_CURVE('',#2395,#2395,#2397,.T.);
#2395 = VERTEX_POINT('',#2396);
#2396 = CARTESIAN_POINT('',(35.5095,-75.5256,4.5E-02));
#2397 = SURFACE_CURVE('',#2398,(#2403,#2414),.PCURVE_S1.);
#2398 = CIRCLE('',#2399,0.15);
#2399 = AXIS2_PLACEMENT_3D('',#2400,#2401,#2402);
#2400 = CARTESIAN_POINT('',(35.5095,-75.3756,4.5E-02));
#2401 = DIRECTION('',(-0.,-0.,-1.));
#2402 = DIRECTION('',(0.,-1.,0.));
#2403 = PCURVE('',#132,#2404);
#2404 = DEFINITIONAL_REPRESENTATION('',(#2405),#2413);
#2405 = ( BOUNDED_CURVE() B_SPLINE_CURVE(2,(#2406,#2407,#2408,#2409,
#2410,#2411,#2412),.UNSPECIFIED.,.T.,.F.) B_SPLINE_CURVE_WITH_KNOTS((1,2
    ,2,2,2,1),(-2.094395102393,0.,2.094395102393,4.188790204786,
6.28318530718,8.377580409573),.UNSPECIFIED.) CURVE() 
GEOMETRIC_REPRESENTATION_ITEM() RATIONAL_B_SPLINE_CURVE((1.,0.5,1.,0.5,
1.,0.5,1.)) REPRESENTATION_ITEM('') );
#2406 = CARTESIAN_POINT('',(35.5095,-75.5256));
#2407 = CARTESIAN_POINT('',(35.249692378865,-75.5256));
#2408 = CARTESIAN_POINT('',(35.379596189432,-75.3006));
#2409 = CARTESIAN_POINT('',(35.5095,-75.0756));
#2410 = CARTESIAN_POINT('',(35.639403810568,-75.3006));
#2411 = CARTESIAN_POINT('',(35.769307621135,-75.5256));
#2412 = CARTESIAN_POINT('',(35.5095,-75.5256));
#2413 = ( GEOMETRIC_REPRESENTATION_CONTEXT(2) 
PARAMETRIC_REPRESENTATION_CONTEXT() REPRESENTATION_CONTEXT('2D SPACE',''
  ) );
#2414 = PCURVE('',#2415,#2420);
#2415 = CYLINDRICAL_SURFACE('',#2416,0.15);
#2416 = AXIS2_PLACEMENT_3D('',#2417,#2418,#2419);
#2417 = CARTESIAN_POINT('',(35.5095,-75.3756,9.E-03));
#2418 = DIRECTION('',(-0.,-0.,-1.));
#2419 = DIRECTION('',(0.,-1.,0.));
#2420 = DEFINITIONAL_REPRESENTATION('',(#2421),#2425);
#2421 = LINE('',#2422,#2423);
#2422 = CARTESIAN_POINT('',(0.,-3.6E-02));
#2423 = VECTOR('',#2424,1.);
#2424 = DIRECTION('',(1.,0.));
#2425 = ( GEOMETRIC_REPRESENTATION_CONTEXT(2) 
PARAMETRIC_REPRESENTATION_CONTEXT() REPRESENTATION_CONTEXT('2D SPACE',''
  ) );
#2426 = FACE_BOUND('',#2427,.F.);
#2427 = EDGE_LOOP('',(#2428));
#2428 = ORIENTED_EDGE('',*,*,#2429,.T.);
#2429 = EDGE_CURVE('',#2430,#2430,#2432,.T.);
#2430 = VERTEX_POINT('',#2431);
#2431 = CARTESIAN_POINT('',(37.708,-82.2827,4.5E-02));
#2432 = SURFACE_CURVE('',#2433,(#2438,#2449),.PCURVE_S1.);
#2433 = CIRCLE('',#2434,0.15);
#2434 = AXIS2_PLACEMENT_3D('',#2435,#2436,#2437);
#2435 = CARTESIAN_POINT('',(37.708,-82.1327,4.5E-02));
#2436 = DIRECTION('',(-0.,-0.,-1.));
#2437 = DIRECTION('',(0.,-1.,0.));
#2438 = PCURVE('',#132,#2439);
#2439 = DEFINITIONAL_REPRESENTATION('',(#2440),#2448);
#2440 = ( BOUNDED_CURVE() B_SPLINE_CURVE(2,(#2441,#2442,#2443,#2444,
#2445,#2446,#2447),.UNSPECIFIED.,.T.,.F.) B_SPLINE_CURVE_WITH_KNOTS((1,2
    ,2,2,2,1),(-2.094395102393,0.,2.094395102393,4.188790204786,
6.28318530718,8.377580409573),.UNSPECIFIED.) CURVE() 
GEOMETRIC_REPRESENTATION_ITEM() RATIONAL_B_SPLINE_CURVE((1.,0.5,1.,0.5,
1.,0.5,1.)) REPRESENTATION_ITEM('') );
#2441 = CARTESIAN_POINT('',(37.708,-82.2827));
#2442 = CARTESIAN_POINT('',(37.448192378865,-82.2827));
#2443 = CARTESIAN_POINT('',(37.578096189432,-82.0577));
#2444 = CARTESIAN_POINT('',(37.708,-81.8327));
#2445 = CARTESIAN_POINT('',(37.837903810568,-82.0577));
#2446 = CARTESIAN_POINT('',(37.967807621135,-82.2827));
#2447 = CARTESIAN_POINT('',(37.708,-82.2827));
#2448 = ( GEOMETRIC_REPRESENTATION_CONTEXT(2) 
PARAMETRIC_REPRESENTATION_CONTEXT() REPRESENTATION_CONTEXT('2D SPACE',''
  ) );
#2449 = PCURVE('',#2450,#2455);
#2450 = CYLINDRICAL_SURFACE('',#2451,0.15);
#2451 = AXIS2_PLACEMENT_3D('',#2452,#2453,#2454);
#2452 = CARTESIAN_POINT('',(37.708,-82.1327,9.E-03));
#2453 = DIRECTION('',(-0.,-0.,-1.));
#2454 = DIRECTION('',(0.,-1.,0.));
#2455 = DEFINITIONAL_REPRESENTATION('',(#2456),#2460);
#2456 = LINE('',#2457,#2458);
#2457 = CARTESIAN_POINT('',(0.,-3.6E-02));
#2458 = VECTOR('',#2459,1.);
#2459 = DIRECTION('',(1.,0.));
#2460 = ( GEOMETRIC_REPRESENTATION_CONTEXT(2) 
PARAMETRIC_REPRESENTATION_CONTEXT() REPRESENTATION_CONTEXT('2D SPACE',''
  ) );
#2461 = FACE_BOUND('',#2462,.F.);
#2462 = EDGE_LOOP('',(#2463));
#2463 = ORIENTED_EDGE('',*,*,#2464,.T.);
#2464 = EDGE_CURVE('',#2465,#2465,#2467,.T.);
#2465 = VERTEX_POINT('',#2466);
#2466 = CARTESIAN_POINT('',(38.2545,-81.7659,4.5E-02));
#2467 = SURFACE_CURVE('',#2468,(#2473,#2484),.PCURVE_S1.);
#2468 = CIRCLE('',#2469,0.15);
#2469 = AXIS2_PLACEMENT_3D('',#2470,#2471,#2472);
#2470 = CARTESIAN_POINT('',(38.2545,-81.6159,4.5E-02));
#2471 = DIRECTION('',(-0.,-0.,-1.));
#2472 = DIRECTION('',(0.,-1.,0.));
#2473 = PCURVE('',#132,#2474);
#2474 = DEFINITIONAL_REPRESENTATION('',(#2475),#2483);
#2475 = ( BOUNDED_CURVE() B_SPLINE_CURVE(2,(#2476,#2477,#2478,#2479,
#2480,#2481,#2482),.UNSPECIFIED.,.T.,.F.) B_SPLINE_CURVE_WITH_KNOTS((1,2
    ,2,2,2,1),(-2.094395102393,0.,2.094395102393,4.188790204786,
6.28318530718,8.377580409573),.UNSPECIFIED.) CURVE() 
GEOMETRIC_REPRESENTATION_ITEM() RATIONAL_B_SPLINE_CURVE((1.,0.5,1.,0.5,
1.,0.5,1.)) REPRESENTATION_ITEM('') );
#2476 = CARTESIAN_POINT('',(38.2545,-81.7659));
#2477 = CARTESIAN_POINT('',(37.994692378865,-81.7659));
#2478 = CARTESIAN_POINT('',(38.124596189432,-81.5409));
#2479 = CARTESIAN_POINT('',(38.2545,-81.3159));
#2480 = CARTESIAN_POINT('',(38.384403810568,-81.5409));
#2481 = CARTESIAN_POINT('',(38.514307621135,-81.7659));
#2482 = CARTESIAN_POINT('',(38.2545,-81.7659));
#2483 = ( GEOMETRIC_REPRESENTATION_CONTEXT(2) 
PARAMETRIC_REPRESENTATION_CONTEXT() REPRESENTATION_CONTEXT('2D SPACE',''
  ) );
#2484 = PCURVE('',#2485,#2490);
#2485 = CYLINDRICAL_SURFACE('',#2486,0.15);
#2486 = AXIS2_PLACEMENT_3D('',#2487,#2488,#2489);
#2487 = CARTESIAN_POINT('',(38.2545,-81.6159,9.E-03));
#2488 = DIRECTION('',(-0.,-0.,-1.));
#2489 = DIRECTION('',(0.,-1.,0.));
#2490 = DEFINITIONAL_REPRESENTATION('',(#2491),#2495);
#2491 = LINE('',#2492,#2493);
#2492 = CARTESIAN_POINT('',(0.,-3.6E-02));
#2493 = VECTOR('',#2494,1.);
#2494 = DIRECTION('',(1.,0.));
#2495 = ( GEOMETRIC_REPRESENTATION_CONTEXT(2) 
PARAMETRIC_REPRESENTATION_CONTEXT() REPRESENTATION_CONTEXT('2D SPACE',''
  ) );
#2496 = FACE_BOUND('',#2497,.F.);
#2497 = EDGE_LOOP('',(#2498));
#2498 = ORIENTED_EDGE('',*,*,#2499,.T.);
#2499 = EDGE_CURVE('',#2500,#2500,#2502,.T.);
#2500 = VERTEX_POINT('',#2501);
#2501 = CARTESIAN_POINT('',(38.1791,-80.6471,4.5E-02));
#2502 = SURFACE_CURVE('',#2503,(#2508,#2519),.PCURVE_S1.);
#2503 = CIRCLE('',#2504,0.15);
#2504 = AXIS2_PLACEMENT_3D('',#2505,#2506,#2507);
#2505 = CARTESIAN_POINT('',(38.1791,-80.4971,4.5E-02));
#2506 = DIRECTION('',(-0.,-0.,-1.));
#2507 = DIRECTION('',(0.,-1.,0.));
#2508 = PCURVE('',#132,#2509);
#2509 = DEFINITIONAL_REPRESENTATION('',(#2510),#2518);
#2510 = ( BOUNDED_CURVE() B_SPLINE_CURVE(2,(#2511,#2512,#2513,#2514,
#2515,#2516,#2517),.UNSPECIFIED.,.T.,.F.) B_SPLINE_CURVE_WITH_KNOTS((1,2
    ,2,2,2,1),(-2.094395102393,0.,2.094395102393,4.188790204786,
6.28318530718,8.377580409573),.UNSPECIFIED.) CURVE() 
GEOMETRIC_REPRESENTATION_ITEM() RATIONAL_B_SPLINE_CURVE((1.,0.5,1.,0.5,
1.,0.5,1.)) REPRESENTATION_ITEM('') );
#2511 = CARTESIAN_POINT('',(38.1791,-80.6471));
#2512 = CARTESIAN_POINT('',(37.919292378865,-80.6471));
#2513 = CARTESIAN_POINT('',(38.049196189432,-80.4221));
#2514 = CARTESIAN_POINT('',(38.1791,-80.1971));
#2515 = CARTESIAN_POINT('',(38.309003810568,-80.4221));
#2516 = CARTESIAN_POINT('',(38.438907621135,-80.6471));
#2517 = CARTESIAN_POINT('',(38.1791,-80.6471));
#2518 = ( GEOMETRIC_REPRESENTATION_CONTEXT(2) 
PARAMETRIC_REPRESENTATION_CONTEXT() REPRESENTATION_CONTEXT('2D SPACE',''
  ) );
#2519 = PCURVE('',#2520,#2525);
#2520 = CYLINDRICAL_SURFACE('',#2521,0.15);
#2521 = AXIS2_PLACEMENT_3D('',#2522,#2523,#2524);
#2522 = CARTESIAN_POINT('',(38.1791,-80.4971,9.E-03));
#2523 = DIRECTION('',(-0.,-0.,-1.));
#2524 = DIRECTION('',(0.,-1.,0.));
#2525 = DEFINITIONAL_REPRESENTATION('',(#2526),#2530);
#2526 = LINE('',#2527,#2528);
#2527 = CARTESIAN_POINT('',(0.,-3.6E-02));
#2528 = VECTOR('',#2529,1.);
#2529 = DIRECTION('',(1.,0.));
#2530 = ( GEOMETRIC_REPRESENTATION_CONTEXT(2) 
PARAMETRIC_REPRESENTATION_CONTEXT() REPRESENTATION_CONTEXT('2D SPACE',''
  ) );
#2531 = FACE_BOUND('',#2532,.F.);
#2532 = EDGE_LOOP('',(#2533));
#2533 = ORIENTED_EDGE('',*,*,#2534,.T.);
#2534 = EDGE_CURVE('',#2535,#2535,#2537,.T.);
#2535 = VERTEX_POINT('',#2536);
#2536 = CARTESIAN_POINT('',(39.2138,-80.6077,4.5E-02));
#2537 = SURFACE_CURVE('',#2538,(#2543,#2554),.PCURVE_S1.);
#2538 = CIRCLE('',#2539,0.15);
#2539 = AXIS2_PLACEMENT_3D('',#2540,#2541,#2542);
#2540 = CARTESIAN_POINT('',(39.2138,-80.4577,4.5E-02));
#2541 = DIRECTION('',(-0.,-0.,-1.));
#2542 = DIRECTION('',(0.,-1.,0.));
#2543 = PCURVE('',#132,#2544);
#2544 = DEFINITIONAL_REPRESENTATION('',(#2545),#2553);
#2545 = ( BOUNDED_CURVE() B_SPLINE_CURVE(2,(#2546,#2547,#2548,#2549,
#2550,#2551,#2552),.UNSPECIFIED.,.T.,.F.) B_SPLINE_CURVE_WITH_KNOTS((1,2
    ,2,2,2,1),(-2.094395102393,0.,2.094395102393,4.188790204786,
6.28318530718,8.377580409573),.UNSPECIFIED.) CURVE() 
GEOMETRIC_REPRESENTATION_ITEM() RATIONAL_B_SPLINE_CURVE((1.,0.5,1.,0.5,
1.,0.5,1.)) REPRESENTATION_ITEM('') );
#2546 = CARTESIAN_POINT('',(39.2138,-80.6077));
#2547 = CARTESIAN_POINT('',(38.953992378865,-80.6077));
#2548 = CARTESIAN_POINT('',(39.083896189432,-80.3827));
#2549 = CARTESIAN_POINT('',(39.2138,-80.1577));
#2550 = CARTESIAN_POINT('',(39.343703810568,-80.3827));
#2551 = CARTESIAN_POINT('',(39.473607621135,-80.6077));
#2552 = CARTESIAN_POINT('',(39.2138,-80.6077));
#2553 = ( GEOMETRIC_REPRESENTATION_CONTEXT(2) 
PARAMETRIC_REPRESENTATION_CONTEXT() REPRESENTATION_CONTEXT('2D SPACE',''
  ) );
#2554 = PCURVE('',#2555,#2560);
#2555 = CYLINDRICAL_SURFACE('',#2556,0.15);
#2556 = AXIS2_PLACEMENT_3D('',#2557,#2558,#2559);
#2557 = CARTESIAN_POINT('',(39.2138,-80.4577,9.E-03));
#2558 = DIRECTION('',(-0.,-0.,-1.));
#2559 = DIRECTION('',(0.,-1.,0.));
#2560 = DEFINITIONAL_REPRESENTATION('',(#2561),#2565);
#2561 = LINE('',#2562,#2563);
#2562 = CARTESIAN_POINT('',(0.,-3.6E-02));
#2563 = VECTOR('',#2564,1.);
#2564 = DIRECTION('',(1.,0.));
#2565 = ( GEOMETRIC_REPRESENTATION_CONTEXT(2) 
PARAMETRIC_REPRESENTATION_CONTEXT() REPRESENTATION_CONTEXT('2D SPACE',''
  ) );
#2566 = FACE_BOUND('',#2567,.F.);
#2567 = EDGE_LOOP('',(#2568));
#2568 = ORIENTED_EDGE('',*,*,#2569,.T.);
#2569 = EDGE_CURVE('',#2570,#2570,#2572,.T.);
#2570 = VERTEX_POINT('',#2571);
#2571 = CARTESIAN_POINT('',(41.5509,-81.0733,4.5E-02));
#2572 = SURFACE_CURVE('',#2573,(#2578,#2589),.PCURVE_S1.);
#2573 = CIRCLE('',#2574,0.15);
#2574 = AXIS2_PLACEMENT_3D('',#2575,#2576,#2577);
#2575 = CARTESIAN_POINT('',(41.5509,-80.9233,4.5E-02));
#2576 = DIRECTION('',(-0.,-0.,-1.));
#2577 = DIRECTION('',(0.,-1.,0.));
#2578 = PCURVE('',#132,#2579);
#2579 = DEFINITIONAL_REPRESENTATION('',(#2580),#2588);
#2580 = ( BOUNDED_CURVE() B_SPLINE_CURVE(2,(#2581,#2582,#2583,#2584,
#2585,#2586,#2587),.UNSPECIFIED.,.T.,.F.) B_SPLINE_CURVE_WITH_KNOTS((1,2
    ,2,2,2,1),(-2.094395102393,0.,2.094395102393,4.188790204786,
6.28318530718,8.377580409573),.UNSPECIFIED.) CURVE() 
GEOMETRIC_REPRESENTATION_ITEM() RATIONAL_B_SPLINE_CURVE((1.,0.5,1.,0.5,
1.,0.5,1.)) REPRESENTATION_ITEM('') );
#2581 = CARTESIAN_POINT('',(41.5509,-81.0733));
#2582 = CARTESIAN_POINT('',(41.291092378865,-81.0733));
#2583 = CARTESIAN_POINT('',(41.420996189432,-80.8483));
#2584 = CARTESIAN_POINT('',(41.5509,-80.6233));
#2585 = CARTESIAN_POINT('',(41.680803810568,-80.8483));
#2586 = CARTESIAN_POINT('',(41.810707621135,-81.0733));
#2587 = CARTESIAN_POINT('',(41.5509,-81.0733));
#2588 = ( GEOMETRIC_REPRESENTATION_CONTEXT(2) 
PARAMETRIC_REPRESENTATION_CONTEXT() REPRESENTATION_CONTEXT('2D SPACE',''
  ) );
#2589 = PCURVE('',#2590,#2595);
#2590 = CYLINDRICAL_SURFACE('',#2591,0.15);
#2591 = AXIS2_PLACEMENT_3D('',#2592,#2593,#2594);
#2592 = CARTESIAN_POINT('',(41.5509,-80.9233,9.E-03));
#2593 = DIRECTION('',(-0.,-0.,-1.));
#2594 = DIRECTION('',(0.,-1.,0.));
#2595 = DEFINITIONAL_REPRESENTATION('',(#2596),#2600);
#2596 = LINE('',#2597,#2598);
#2597 = CARTESIAN_POINT('',(0.,-3.6E-02));
#2598 = VECTOR('',#2599,1.);
#2599 = DIRECTION('',(1.,0.));
#2600 = ( GEOMETRIC_REPRESENTATION_CONTEXT(2) 
PARAMETRIC_REPRESENTATION_CONTEXT() REPRESENTATION_CONTEXT('2D SPACE',''
  ) );
#2601 = FACE_BOUND('',#2602,.F.);
#2602 = EDGE_LOOP('',(#2603));
#2603 = ORIENTED_EDGE('',*,*,#2604,.T.);
#2604 = EDGE_CURVE('',#2605,#2605,#2607,.T.);
#2605 = VERTEX_POINT('',#2606);
#2606 = CARTESIAN_POINT('',(37.2684,-76.6714,4.5E-02));
#2607 = SURFACE_CURVE('',#2608,(#2613,#2624),.PCURVE_S1.);
#2608 = CIRCLE('',#2609,0.15);
#2609 = AXIS2_PLACEMENT_3D('',#2610,#2611,#2612);
#2610 = CARTESIAN_POINT('',(37.2684,-76.5214,4.5E-02));
#2611 = DIRECTION('',(-0.,-0.,-1.));
#2612 = DIRECTION('',(0.,-1.,0.));
#2613 = PCURVE('',#132,#2614);
#2614 = DEFINITIONAL_REPRESENTATION('',(#2615),#2623);
#2615 = ( BOUNDED_CURVE() B_SPLINE_CURVE(2,(#2616,#2617,#2618,#2619,
#2620,#2621,#2622),.UNSPECIFIED.,.T.,.F.) B_SPLINE_CURVE_WITH_KNOTS((1,2
    ,2,2,2,1),(-2.094395102393,0.,2.094395102393,4.188790204786,
6.28318530718,8.377580409573),.UNSPECIFIED.) CURVE() 
GEOMETRIC_REPRESENTATION_ITEM() RATIONAL_B_SPLINE_CURVE((1.,0.5,1.,0.5,
1.,0.5,1.)) REPRESENTATION_ITEM('') );
#2616 = CARTESIAN_POINT('',(37.2684,-76.6714));
#2617 = CARTESIAN_POINT('',(37.008592378865,-76.6714));
#2618 = CARTESIAN_POINT('',(37.138496189432,-76.4464));
#2619 = CARTESIAN_POINT('',(37.2684,-76.2214));
#2620 = CARTESIAN_POINT('',(37.398303810568,-76.4464));
#2621 = CARTESIAN_POINT('',(37.528207621135,-76.6714));
#2622 = CARTESIAN_POINT('',(37.2684,-76.6714));
#2623 = ( GEOMETRIC_REPRESENTATION_CONTEXT(2) 
PARAMETRIC_REPRESENTATION_CONTEXT() REPRESENTATION_CONTEXT('2D SPACE',''
  ) );
#2624 = PCURVE('',#2625,#2630);
#2625 = CYLINDRICAL_SURFACE('',#2626,0.15);
#2626 = AXIS2_PLACEMENT_3D('',#2627,#2628,#2629);
#2627 = CARTESIAN_POINT('',(37.2684,-76.5214,9.E-03));
#2628 = DIRECTION('',(-0.,-0.,-1.));
#2629 = DIRECTION('',(0.,-1.,0.));
#2630 = DEFINITIONAL_REPRESENTATION('',(#2631),#2635);
#2631 = LINE('',#2632,#2633);
#2632 = CARTESIAN_POINT('',(0.,-3.6E-02));
#2633 = VECTOR('',#2634,1.);
#2634 = DIRECTION('',(1.,0.));
#2635 = ( GEOMETRIC_REPRESENTATION_CONTEXT(2) 
PARAMETRIC_REPRESENTATION_CONTEXT() REPRESENTATION_CONTEXT('2D SPACE',''
  ) );
#2636 = FACE_BOUND('',#2637,.F.);
#2637 = EDGE_LOOP('',(#2638));
#2638 = ORIENTED_EDGE('',*,*,#2639,.T.);
#2639 = EDGE_CURVE('',#2640,#2640,#2642,.T.);
#2640 = VERTEX_POINT('',#2641);
#2641 = CARTESIAN_POINT('',(42.5161,-76.418,4.5E-02));
#2642 = SURFACE_CURVE('',#2643,(#2648,#2659),.PCURVE_S1.);
#2643 = CIRCLE('',#2644,0.15);
#2644 = AXIS2_PLACEMENT_3D('',#2645,#2646,#2647);
#2645 = CARTESIAN_POINT('',(42.5161,-76.268,4.5E-02));
#2646 = DIRECTION('',(-0.,-0.,-1.));
#2647 = DIRECTION('',(0.,-1.,0.));
#2648 = PCURVE('',#132,#2649);
#2649 = DEFINITIONAL_REPRESENTATION('',(#2650),#2658);
#2650 = ( BOUNDED_CURVE() B_SPLINE_CURVE(2,(#2651,#2652,#2653,#2654,
#2655,#2656,#2657),.UNSPECIFIED.,.T.,.F.) B_SPLINE_CURVE_WITH_KNOTS((1,2
    ,2,2,2,1),(-2.094395102393,0.,2.094395102393,4.188790204786,
6.28318530718,8.377580409573),.UNSPECIFIED.) CURVE() 
GEOMETRIC_REPRESENTATION_ITEM() RATIONAL_B_SPLINE_CURVE((1.,0.5,1.,0.5,
1.,0.5,1.)) REPRESENTATION_ITEM('') );
#2651 = CARTESIAN_POINT('',(42.5161,-76.418));
#2652 = CARTESIAN_POINT('',(42.256292378865,-76.418));
#2653 = CARTESIAN_POINT('',(42.386196189432,-76.193));
#2654 = CARTESIAN_POINT('',(42.5161,-75.968));
#2655 = CARTESIAN_POINT('',(42.646003810568,-76.193));
#2656 = CARTESIAN_POINT('',(42.775907621135,-76.418));
#2657 = CARTESIAN_POINT('',(42.5161,-76.418));
#2658 = ( GEOMETRIC_REPRESENTATION_CONTEXT(2) 
PARAMETRIC_REPRESENTATION_CONTEXT() REPRESENTATION_CONTEXT('2D SPACE',''
  ) );
#2659 = PCURVE('',#2660,#2665);
#2660 = CYLINDRICAL_SURFACE('',#2661,0.15);
#2661 = AXIS2_PLACEMENT_3D('',#2662,#2663,#2664);
#2662 = CARTESIAN_POINT('',(42.5161,-76.268,9.E-03));
#2663 = DIRECTION('',(-0.,-0.,-1.));
#2664 = DIRECTION('',(0.,-1.,0.));
#2665 = DEFINITIONAL_REPRESENTATION('',(#2666),#2670);
#2666 = LINE('',#2667,#2668);
#2667 = CARTESIAN_POINT('',(0.,-3.6E-02));
#2668 = VECTOR('',#2669,1.);
#2669 = DIRECTION('',(1.,0.));
#2670 = ( GEOMETRIC_REPRESENTATION_CONTEXT(2) 
PARAMETRIC_REPRESENTATION_CONTEXT() REPRESENTATION_CONTEXT('2D SPACE',''
  ) );
#2671 = FACE_BOUND('',#2672,.F.);
#2672 = EDGE_LOOP('',(#2673,#2708,#2736,#2769));
#2673 = ORIENTED_EDGE('',*,*,#2674,.T.);
#2674 = EDGE_CURVE('',#2675,#2677,#2679,.T.);
#2675 = VERTEX_POINT('',#2676);
#2676 = CARTESIAN_POINT('',(44.17,-90.365,4.5E-02));
#2677 = VERTEX_POINT('',#2678);
#2678 = CARTESIAN_POINT('',(44.67,-90.365,4.5E-02));
#2679 = SURFACE_CURVE('',#2680,(#2685,#2696),.PCURVE_S1.);
#2680 = CIRCLE('',#2681,0.25);
#2681 = AXIS2_PLACEMENT_3D('',#2682,#2683,#2684);
#2682 = CARTESIAN_POINT('',(44.42,-90.365,4.5E-02));
#2683 = DIRECTION('',(0.,0.,-1.));
#2684 = DIRECTION('',(1.,0.,0.));
#2685 = PCURVE('',#132,#2686);
#2686 = DEFINITIONAL_REPRESENTATION('',(#2687),#2695);
#2687 = ( BOUNDED_CURVE() B_SPLINE_CURVE(2,(#2688,#2689,#2690,#2691,
#2692,#2693,#2694),.UNSPECIFIED.,.T.,.F.) B_SPLINE_CURVE_WITH_KNOTS((1,2
    ,2,2,2,1),(-2.094395102393,0.,2.094395102393,4.188790204786,
6.28318530718,8.377580409573),.UNSPECIFIED.) CURVE() 
GEOMETRIC_REPRESENTATION_ITEM() RATIONAL_B_SPLINE_CURVE((1.,0.5,1.,0.5,
1.,0.5,1.)) REPRESENTATION_ITEM('') );
#2688 = CARTESIAN_POINT('',(44.67,-90.365));
#2689 = CARTESIAN_POINT('',(44.67,-90.79801270189));
#2690 = CARTESIAN_POINT('',(44.295,-90.58150635094));
#2691 = CARTESIAN_POINT('',(43.92,-90.365));
#2692 = CARTESIAN_POINT('',(44.295,-90.14849364905));
#2693 = CARTESIAN_POINT('',(44.67,-89.9319872981));
#2694 = CARTESIAN_POINT('',(44.67,-90.365));
#2695 = ( GEOMETRIC_REPRESENTATION_CONTEXT(2) 
PARAMETRIC_REPRESENTATION_CONTEXT() REPRESENTATION_CONTEXT('2D SPACE',''
  ) );
#2696 = PCURVE('',#2697,#2702);
#2697 = CYLINDRICAL_SURFACE('',#2698,0.25);
#2698 = AXIS2_PLACEMENT_3D('',#2699,#2700,#2701);
#2699 = CARTESIAN_POINT('',(44.42,-90.365,-1.E-03));
#2700 = DIRECTION('',(-0.,-0.,-1.));
#2701 = DIRECTION('',(1.,0.,0.));
#2702 = DEFINITIONAL_REPRESENTATION('',(#2703),#2707);
#2703 = LINE('',#2704,#2705);
#2704 = CARTESIAN_POINT('',(0.,-4.6E-02));
#2705 = VECTOR('',#2706,1.);
#2706 = DIRECTION('',(1.,0.));
#2707 = ( GEOMETRIC_REPRESENTATION_CONTEXT(2) 
PARAMETRIC_REPRESENTATION_CONTEXT() REPRESENTATION_CONTEXT('2D SPACE',''
  ) );
#2708 = ORIENTED_EDGE('',*,*,#2709,.T.);
#2709 = EDGE_CURVE('',#2677,#2710,#2712,.T.);
#2710 = VERTEX_POINT('',#2711);
#2711 = CARTESIAN_POINT('',(44.67,-91.515,4.5E-02));
#2712 = SURFACE_CURVE('',#2713,(#2717,#2724),.PCURVE_S1.);
#2713 = LINE('',#2714,#2715);
#2714 = CARTESIAN_POINT('',(44.67,-45.7575,4.5E-02));
#2715 = VECTOR('',#2716,1.);
#2716 = DIRECTION('',(0.,-1.,0.));
#2717 = PCURVE('',#132,#2718);
#2718 = DEFINITIONAL_REPRESENTATION('',(#2719),#2723);
#2719 = LINE('',#2720,#2721);
#2720 = CARTESIAN_POINT('',(44.67,-45.7575));
#2721 = VECTOR('',#2722,1.);
#2722 = DIRECTION('',(0.,-1.));
#2723 = ( GEOMETRIC_REPRESENTATION_CONTEXT(2) 
PARAMETRIC_REPRESENTATION_CONTEXT() REPRESENTATION_CONTEXT('2D SPACE',''
  ) );
#2724 = PCURVE('',#2725,#2730);
#2725 = PLANE('',#2726);
#2726 = AXIS2_PLACEMENT_3D('',#2727,#2728,#2729);
#2727 = CARTESIAN_POINT('',(44.67,-91.515,-1.E-03));
#2728 = DIRECTION('',(-1.,0.,0.));
#2729 = DIRECTION('',(0.,1.,0.));
#2730 = DEFINITIONAL_REPRESENTATION('',(#2731),#2735);
#2731 = LINE('',#2732,#2733);
#2732 = CARTESIAN_POINT('',(45.7575,-4.6E-02));
#2733 = VECTOR('',#2734,1.);
#2734 = DIRECTION('',(-1.,0.));
#2735 = ( GEOMETRIC_REPRESENTATION_CONTEXT(2) 
PARAMETRIC_REPRESENTATION_CONTEXT() REPRESENTATION_CONTEXT('2D SPACE',''
  ) );
#2736 = ORIENTED_EDGE('',*,*,#2737,.T.);
#2737 = EDGE_CURVE('',#2710,#2738,#2740,.T.);
#2738 = VERTEX_POINT('',#2739);
#2739 = CARTESIAN_POINT('',(44.17,-91.515,4.5E-02));
#2740 = SURFACE_CURVE('',#2741,(#2746,#2757),.PCURVE_S1.);
#2741 = CIRCLE('',#2742,0.25);
#2742 = AXIS2_PLACEMENT_3D('',#2743,#2744,#2745);
#2743 = CARTESIAN_POINT('',(44.42,-91.515,4.5E-02));
#2744 = DIRECTION('',(0.,0.,-1.));
#2745 = DIRECTION('',(-1.,0.,0.));
#2746 = PCURVE('',#132,#2747);
#2747 = DEFINITIONAL_REPRESENTATION('',(#2748),#2756);
#2748 = ( BOUNDED_CURVE() B_SPLINE_CURVE(2,(#2749,#2750,#2751,#2752,
#2753,#2754,#2755),.UNSPECIFIED.,.T.,.F.) B_SPLINE_CURVE_WITH_KNOTS((1,2
    ,2,2,2,1),(-2.094395102393,0.,2.094395102393,4.188790204786,
6.28318530718,8.377580409573),.UNSPECIFIED.) CURVE() 
GEOMETRIC_REPRESENTATION_ITEM() RATIONAL_B_SPLINE_CURVE((1.,0.5,1.,0.5,
1.,0.5,1.)) REPRESENTATION_ITEM('') );
#2749 = CARTESIAN_POINT('',(44.17,-91.515));
#2750 = CARTESIAN_POINT('',(44.17,-91.0819872981));
#2751 = CARTESIAN_POINT('',(44.545,-91.29849364905));
#2752 = CARTESIAN_POINT('',(44.92,-91.515));
#2753 = CARTESIAN_POINT('',(44.545,-91.73150635094));
#2754 = CARTESIAN_POINT('',(44.17,-91.94801270189));
#2755 = CARTESIAN_POINT('',(44.17,-91.515));
#2756 = ( GEOMETRIC_REPRESENTATION_CONTEXT(2) 
PARAMETRIC_REPRESENTATION_CONTEXT() REPRESENTATION_CONTEXT('2D SPACE',''
  ) );
#2757 = PCURVE('',#2758,#2763);
#2758 = CYLINDRICAL_SURFACE('',#2759,0.25);
#2759 = AXIS2_PLACEMENT_3D('',#2760,#2761,#2762);
#2760 = CARTESIAN_POINT('',(44.42,-91.515,-1.E-03));
#2761 = DIRECTION('',(-0.,-0.,-1.));
#2762 = DIRECTION('',(-1.,0.,0.));
#2763 = DEFINITIONAL_REPRESENTATION('',(#2764),#2768);
#2764 = LINE('',#2765,#2766);
#2765 = CARTESIAN_POINT('',(0.,-4.6E-02));
#2766 = VECTOR('',#2767,1.);
#2767 = DIRECTION('',(1.,0.));
#2768 = ( GEOMETRIC_REPRESENTATION_CONTEXT(2) 
PARAMETRIC_REPRESENTATION_CONTEXT() REPRESENTATION_CONTEXT('2D SPACE',''
  ) );
#2769 = ORIENTED_EDGE('',*,*,#2770,.T.);
#2770 = EDGE_CURVE('',#2738,#2675,#2771,.T.);
#2771 = SURFACE_CURVE('',#2772,(#2776,#2783),.PCURVE_S1.);
#2772 = LINE('',#2773,#2774);
#2773 = CARTESIAN_POINT('',(44.17,-45.1825,4.5E-02));
#2774 = VECTOR('',#2775,1.);
#2775 = DIRECTION('',(0.,1.,0.));
#2776 = PCURVE('',#132,#2777);
#2777 = DEFINITIONAL_REPRESENTATION('',(#2778),#2782);
#2778 = LINE('',#2779,#2780);
#2779 = CARTESIAN_POINT('',(44.17,-45.1825));
#2780 = VECTOR('',#2781,1.);
#2781 = DIRECTION('',(0.,1.));
#2782 = ( GEOMETRIC_REPRESENTATION_CONTEXT(2) 
PARAMETRIC_REPRESENTATION_CONTEXT() REPRESENTATION_CONTEXT('2D SPACE',''
  ) );
#2783 = PCURVE('',#2784,#2789);
#2784 = PLANE('',#2785);
#2785 = AXIS2_PLACEMENT_3D('',#2786,#2787,#2788);
#2786 = CARTESIAN_POINT('',(44.17,-90.365,-1.E-03));
#2787 = DIRECTION('',(1.,0.,0.));
#2788 = DIRECTION('',(0.,-1.,0.));
#2789 = DEFINITIONAL_REPRESENTATION('',(#2790),#2794);
#2790 = LINE('',#2791,#2792);
#2791 = CARTESIAN_POINT('',(-45.1825,-4.6E-02));
#2792 = VECTOR('',#2793,1.);
#2793 = DIRECTION('',(-1.,0.));
#2794 = ( GEOMETRIC_REPRESENTATION_CONTEXT(2) 
PARAMETRIC_REPRESENTATION_CONTEXT() REPRESENTATION_CONTEXT('2D SPACE',''
  ) );
#2795 = FACE_BOUND('',#2796,.F.);
#2796 = EDGE_LOOP('',(#2797,#2832,#2860,#2893));
#2797 = ORIENTED_EDGE('',*,*,#2798,.T.);
#2798 = EDGE_CURVE('',#2799,#2801,#2803,.T.);
#2799 = VERTEX_POINT('',#2800);
#2800 = CARTESIAN_POINT('',(44.17,-85.725,4.5E-02));
#2801 = VERTEX_POINT('',#2802);
#2802 = CARTESIAN_POINT('',(44.67,-85.725,4.5E-02));
#2803 = SURFACE_CURVE('',#2804,(#2809,#2820),.PCURVE_S1.);
#2804 = CIRCLE('',#2805,0.25);
#2805 = AXIS2_PLACEMENT_3D('',#2806,#2807,#2808);
#2806 = CARTESIAN_POINT('',(44.42,-85.725,4.5E-02));
#2807 = DIRECTION('',(0.,0.,-1.));
#2808 = DIRECTION('',(1.,0.,0.));
#2809 = PCURVE('',#132,#2810);
#2810 = DEFINITIONAL_REPRESENTATION('',(#2811),#2819);
#2811 = ( BOUNDED_CURVE() B_SPLINE_CURVE(2,(#2812,#2813,#2814,#2815,
#2816,#2817,#2818),.UNSPECIFIED.,.T.,.F.) B_SPLINE_CURVE_WITH_KNOTS((1,2
    ,2,2,2,1),(-2.094395102393,0.,2.094395102393,4.188790204786,
6.28318530718,8.377580409573),.UNSPECIFIED.) CURVE() 
GEOMETRIC_REPRESENTATION_ITEM() RATIONAL_B_SPLINE_CURVE((1.,0.5,1.,0.5,
1.,0.5,1.)) REPRESENTATION_ITEM('') );
#2812 = CARTESIAN_POINT('',(44.67,-85.725));
#2813 = CARTESIAN_POINT('',(44.67,-86.15801270189));
#2814 = CARTESIAN_POINT('',(44.295,-85.94150635094));
#2815 = CARTESIAN_POINT('',(43.92,-85.725));
#2816 = CARTESIAN_POINT('',(44.295,-85.50849364905));
#2817 = CARTESIAN_POINT('',(44.67,-85.2919872981));
#2818 = CARTESIAN_POINT('',(44.67,-85.725));
#2819 = ( GEOMETRIC_REPRESENTATION_CONTEXT(2) 
PARAMETRIC_REPRESENTATION_CONTEXT() REPRESENTATION_CONTEXT('2D SPACE',''
  ) );
#2820 = PCURVE('',#2821,#2826);
#2821 = CYLINDRICAL_SURFACE('',#2822,0.25);
#2822 = AXIS2_PLACEMENT_3D('',#2823,#2824,#2825);
#2823 = CARTESIAN_POINT('',(44.42,-85.725,-1.E-03));
#2824 = DIRECTION('',(-0.,-0.,-1.));
#2825 = DIRECTION('',(1.,0.,0.));
#2826 = DEFINITIONAL_REPRESENTATION('',(#2827),#2831);
#2827 = LINE('',#2828,#2829);
#2828 = CARTESIAN_POINT('',(0.,-4.6E-02));
#2829 = VECTOR('',#2830,1.);
#2830 = DIRECTION('',(1.,0.));
#2831 = ( GEOMETRIC_REPRESENTATION_CONTEXT(2) 
PARAMETRIC_REPRESENTATION_CONTEXT() REPRESENTATION_CONTEXT('2D SPACE',''
  ) );
#2832 = ORIENTED_EDGE('',*,*,#2833,.T.);
#2833 = EDGE_CURVE('',#2801,#2834,#2836,.T.);
#2834 = VERTEX_POINT('',#2835);
#2835 = CARTESIAN_POINT('',(44.67,-86.875,4.5E-02));
#2836 = SURFACE_CURVE('',#2837,(#2841,#2848),.PCURVE_S1.);
#2837 = LINE('',#2838,#2839);
#2838 = CARTESIAN_POINT('',(44.67,-43.4375,4.5E-02));
#2839 = VECTOR('',#2840,1.);
#2840 = DIRECTION('',(0.,-1.,0.));
#2841 = PCURVE('',#132,#2842);
#2842 = DEFINITIONAL_REPRESENTATION('',(#2843),#2847);
#2843 = LINE('',#2844,#2845);
#2844 = CARTESIAN_POINT('',(44.67,-43.4375));
#2845 = VECTOR('',#2846,1.);
#2846 = DIRECTION('',(0.,-1.));
#2847 = ( GEOMETRIC_REPRESENTATION_CONTEXT(2) 
PARAMETRIC_REPRESENTATION_CONTEXT() REPRESENTATION_CONTEXT('2D SPACE',''
  ) );
#2848 = PCURVE('',#2849,#2854);
#2849 = PLANE('',#2850);
#2850 = AXIS2_PLACEMENT_3D('',#2851,#2852,#2853);
#2851 = CARTESIAN_POINT('',(44.67,-86.875,-1.E-03));
#2852 = DIRECTION('',(-1.,0.,0.));
#2853 = DIRECTION('',(0.,1.,0.));
#2854 = DEFINITIONAL_REPRESENTATION('',(#2855),#2859);
#2855 = LINE('',#2856,#2857);
#2856 = CARTESIAN_POINT('',(43.4375,-4.6E-02));
#2857 = VECTOR('',#2858,1.);
#2858 = DIRECTION('',(-1.,0.));
#2859 = ( GEOMETRIC_REPRESENTATION_CONTEXT(2) 
PARAMETRIC_REPRESENTATION_CONTEXT() REPRESENTATION_CONTEXT('2D SPACE',''
  ) );
#2860 = ORIENTED_EDGE('',*,*,#2861,.T.);
#2861 = EDGE_CURVE('',#2834,#2862,#2864,.T.);
#2862 = VERTEX_POINT('',#2863);
#2863 = CARTESIAN_POINT('',(44.17,-86.875,4.5E-02));
#2864 = SURFACE_CURVE('',#2865,(#2870,#2881),.PCURVE_S1.);
#2865 = CIRCLE('',#2866,0.25);
#2866 = AXIS2_PLACEMENT_3D('',#2867,#2868,#2869);
#2867 = CARTESIAN_POINT('',(44.42,-86.875,4.5E-02));
#2868 = DIRECTION('',(0.,0.,-1.));
#2869 = DIRECTION('',(-1.,0.,0.));
#2870 = PCURVE('',#132,#2871);
#2871 = DEFINITIONAL_REPRESENTATION('',(#2872),#2880);
#2872 = ( BOUNDED_CURVE() B_SPLINE_CURVE(2,(#2873,#2874,#2875,#2876,
#2877,#2878,#2879),.UNSPECIFIED.,.T.,.F.) B_SPLINE_CURVE_WITH_KNOTS((1,2
    ,2,2,2,1),(-2.094395102393,0.,2.094395102393,4.188790204786,
6.28318530718,8.377580409573),.UNSPECIFIED.) CURVE() 
GEOMETRIC_REPRESENTATION_ITEM() RATIONAL_B_SPLINE_CURVE((1.,0.5,1.,0.5,
1.,0.5,1.)) REPRESENTATION_ITEM('') );
#2873 = CARTESIAN_POINT('',(44.17,-86.875));
#2874 = CARTESIAN_POINT('',(44.17,-86.4419872981));
#2875 = CARTESIAN_POINT('',(44.545,-86.65849364905));
#2876 = CARTESIAN_POINT('',(44.92,-86.875));
#2877 = CARTESIAN_POINT('',(44.545,-87.09150635094));
#2878 = CARTESIAN_POINT('',(44.17,-87.30801270189));
#2879 = CARTESIAN_POINT('',(44.17,-86.875));
#2880 = ( GEOMETRIC_REPRESENTATION_CONTEXT(2) 
PARAMETRIC_REPRESENTATION_CONTEXT() REPRESENTATION_CONTEXT('2D SPACE',''
  ) );
#2881 = PCURVE('',#2882,#2887);
#2882 = CYLINDRICAL_SURFACE('',#2883,0.25);
#2883 = AXIS2_PLACEMENT_3D('',#2884,#2885,#2886);
#2884 = CARTESIAN_POINT('',(44.42,-86.875,-1.E-03));
#2885 = DIRECTION('',(-0.,-0.,-1.));
#2886 = DIRECTION('',(-1.,0.,0.));
#2887 = DEFINITIONAL_REPRESENTATION('',(#2888),#2892);
#2888 = LINE('',#2889,#2890);
#2889 = CARTESIAN_POINT('',(0.,-4.6E-02));
#2890 = VECTOR('',#2891,1.);
#2891 = DIRECTION('',(1.,0.));
#2892 = ( GEOMETRIC_REPRESENTATION_CONTEXT(2) 
PARAMETRIC_REPRESENTATION_CONTEXT() REPRESENTATION_CONTEXT('2D SPACE',''
  ) );
#2893 = ORIENTED_EDGE('',*,*,#2894,.T.);
#2894 = EDGE_CURVE('',#2862,#2799,#2895,.T.);
#2895 = SURFACE_CURVE('',#2896,(#2900,#2907),.PCURVE_S1.);
#2896 = LINE('',#2897,#2898);
#2897 = CARTESIAN_POINT('',(44.17,-42.8625,4.5E-02));
#2898 = VECTOR('',#2899,1.);
#2899 = DIRECTION('',(0.,1.,0.));
#2900 = PCURVE('',#132,#2901);
#2901 = DEFINITIONAL_REPRESENTATION('',(#2902),#2906);
#2902 = LINE('',#2903,#2904);
#2903 = CARTESIAN_POINT('',(44.17,-42.8625));
#2904 = VECTOR('',#2905,1.);
#2905 = DIRECTION('',(0.,1.));
#2906 = ( GEOMETRIC_REPRESENTATION_CONTEXT(2) 
PARAMETRIC_REPRESENTATION_CONTEXT() REPRESENTATION_CONTEXT('2D SPACE',''
  ) );
#2907 = PCURVE('',#2908,#2913);
#2908 = PLANE('',#2909);
#2909 = AXIS2_PLACEMENT_3D('',#2910,#2911,#2912);
#2910 = CARTESIAN_POINT('',(44.17,-85.725,-1.E-03));
#2911 = DIRECTION('',(1.,0.,0.));
#2912 = DIRECTION('',(0.,-1.,0.));
#2913 = DEFINITIONAL_REPRESENTATION('',(#2914),#2918);
#2914 = LINE('',#2915,#2916);
#2915 = CARTESIAN_POINT('',(-42.8625,-4.6E-02));
#2916 = VECTOR('',#2917,1.);
#2917 = DIRECTION('',(-1.,0.));
#2918 = ( GEOMETRIC_REPRESENTATION_CONTEXT(2) 
PARAMETRIC_REPRESENTATION_CONTEXT() REPRESENTATION_CONTEXT('2D SPACE',''
  ) );
#2919 = FACE_BOUND('',#2920,.F.);
#2920 = EDGE_LOOP('',(#2921));
#2921 = ORIENTED_EDGE('',*,*,#2922,.T.);
#2922 = EDGE_CURVE('',#2923,#2923,#2925,.T.);
#2923 = VERTEX_POINT('',#2924);
#2924 = CARTESIAN_POINT('',(46.25,-86.54,4.5E-02));
#2925 = SURFACE_CURVE('',#2926,(#2931,#2942),.PCURVE_S1.);
#2926 = CIRCLE('',#2927,0.325);
#2927 = AXIS2_PLACEMENT_3D('',#2928,#2929,#2930);
#2928 = CARTESIAN_POINT('',(46.25,-86.215,4.5E-02));
#2929 = DIRECTION('',(-0.,-0.,-1.));
#2930 = DIRECTION('',(0.,-1.,0.));
#2931 = PCURVE('',#132,#2932);
#2932 = DEFINITIONAL_REPRESENTATION('',(#2933),#2941);
#2933 = ( BOUNDED_CURVE() B_SPLINE_CURVE(2,(#2934,#2935,#2936,#2937,
#2938,#2939,#2940),.UNSPECIFIED.,.T.,.F.) B_SPLINE_CURVE_WITH_KNOTS((1,2
    ,2,2,2,1),(-2.094395102393,0.,2.094395102393,4.188790204786,
6.28318530718,8.377580409573),.UNSPECIFIED.) CURVE() 
GEOMETRIC_REPRESENTATION_ITEM() RATIONAL_B_SPLINE_CURVE((1.,0.5,1.,0.5,
1.,0.5,1.)) REPRESENTATION_ITEM('') );
#2934 = CARTESIAN_POINT('',(46.25,-86.54));
#2935 = CARTESIAN_POINT('',(45.68708348754,-86.54));
#2936 = CARTESIAN_POINT('',(45.96854174377,-86.0525));
#2937 = CARTESIAN_POINT('',(46.25,-85.565));
#2938 = CARTESIAN_POINT('',(46.53145825623,-86.0525));
#2939 = CARTESIAN_POINT('',(46.81291651246,-86.54));
#2940 = CARTESIAN_POINT('',(46.25,-86.54));
#2941 = ( GEOMETRIC_REPRESENTATION_CONTEXT(2) 
PARAMETRIC_REPRESENTATION_CONTEXT() REPRESENTATION_CONTEXT('2D SPACE',''
  ) );
#2942 = PCURVE('',#2943,#2948);
#2943 = CYLINDRICAL_SURFACE('',#2944,0.325);
#2944 = AXIS2_PLACEMENT_3D('',#2945,#2946,#2947);
#2945 = CARTESIAN_POINT('',(46.25,-86.215,-1.E-03));
#2946 = DIRECTION('',(-0.,-0.,-1.));
#2947 = DIRECTION('',(0.,-1.,0.));
#2948 = DEFINITIONAL_REPRESENTATION('',(#2949),#2953);
#2949 = LINE('',#2950,#2951);
#2950 = CARTESIAN_POINT('',(0.,-4.6E-02));
#2951 = VECTOR('',#2952,1.);
#2952 = DIRECTION('',(1.,0.));
#2953 = ( GEOMETRIC_REPRESENTATION_CONTEXT(2) 
PARAMETRIC_REPRESENTATION_CONTEXT() REPRESENTATION_CONTEXT('2D SPACE',''
  ) );
#2954 = FACE_BOUND('',#2955,.F.);
#2955 = EDGE_LOOP('',(#2956));
#2956 = ORIENTED_EDGE('',*,*,#2957,.T.);
#2957 = EDGE_CURVE('',#2958,#2958,#2960,.T.);
#2958 = VERTEX_POINT('',#2959);
#2959 = CARTESIAN_POINT('',(43.3344,-84.1633,4.5E-02));
#2960 = SURFACE_CURVE('',#2961,(#2966,#2977),.PCURVE_S1.);
#2961 = CIRCLE('',#2962,0.15);
#2962 = AXIS2_PLACEMENT_3D('',#2963,#2964,#2965);
#2963 = CARTESIAN_POINT('',(43.3344,-84.0133,4.5E-02));
#2964 = DIRECTION('',(-0.,-0.,-1.));
#2965 = DIRECTION('',(0.,-1.,0.));
#2966 = PCURVE('',#132,#2967);
#2967 = DEFINITIONAL_REPRESENTATION('',(#2968),#2976);
#2968 = ( BOUNDED_CURVE() B_SPLINE_CURVE(2,(#2969,#2970,#2971,#2972,
#2973,#2974,#2975),.UNSPECIFIED.,.T.,.F.) B_SPLINE_CURVE_WITH_KNOTS((1,2
    ,2,2,2,1),(-2.094395102393,0.,2.094395102393,4.188790204786,
6.28318530718,8.377580409573),.UNSPECIFIED.) CURVE() 
GEOMETRIC_REPRESENTATION_ITEM() RATIONAL_B_SPLINE_CURVE((1.,0.5,1.,0.5,
1.,0.5,1.)) REPRESENTATION_ITEM('') );
#2969 = CARTESIAN_POINT('',(43.3344,-84.1633));
#2970 = CARTESIAN_POINT('',(43.074592378865,-84.1633));
#2971 = CARTESIAN_POINT('',(43.204496189432,-83.9383));
#2972 = CARTESIAN_POINT('',(43.3344,-83.7133));
#2973 = CARTESIAN_POINT('',(43.464303810568,-83.9383));
#2974 = CARTESIAN_POINT('',(43.594207621135,-84.1633));
#2975 = CARTESIAN_POINT('',(43.3344,-84.1633));
#2976 = ( GEOMETRIC_REPRESENTATION_CONTEXT(2) 
PARAMETRIC_REPRESENTATION_CONTEXT() REPRESENTATION_CONTEXT('2D SPACE',''
  ) );
#2977 = PCURVE('',#2978,#2983);
#2978 = CYLINDRICAL_SURFACE('',#2979,0.15);
#2979 = AXIS2_PLACEMENT_3D('',#2980,#2981,#2982);
#2980 = CARTESIAN_POINT('',(43.3344,-84.0133,9.E-03));
#2981 = DIRECTION('',(-0.,-0.,-1.));
#2982 = DIRECTION('',(0.,-1.,0.));
#2983 = DEFINITIONAL_REPRESENTATION('',(#2984),#2988);
#2984 = LINE('',#2985,#2986);
#2985 = CARTESIAN_POINT('',(0.,-3.6E-02));
#2986 = VECTOR('',#2987,1.);
#2987 = DIRECTION('',(1.,0.));
#2988 = ( GEOMETRIC_REPRESENTATION_CONTEXT(2) 
PARAMETRIC_REPRESENTATION_CONTEXT() REPRESENTATION_CONTEXT('2D SPACE',''
  ) );
#2989 = FACE_BOUND('',#2990,.F.);
#2990 = EDGE_LOOP('',(#2991));
#2991 = ORIENTED_EDGE('',*,*,#2992,.T.);
#2992 = EDGE_CURVE('',#2993,#2993,#2995,.T.);
#2993 = VERTEX_POINT('',#2994);
#2994 = CARTESIAN_POINT('',(48.6702,-83.9181,4.5E-02));
#2995 = SURFACE_CURVE('',#2996,(#3001,#3012),.PCURVE_S1.);
#2996 = CIRCLE('',#2997,0.15);
#2997 = AXIS2_PLACEMENT_3D('',#2998,#2999,#3000);
#2998 = CARTESIAN_POINT('',(48.6702,-83.7681,4.5E-02));
#2999 = DIRECTION('',(-0.,-0.,-1.));
#3000 = DIRECTION('',(0.,-1.,0.));
#3001 = PCURVE('',#132,#3002);
#3002 = DEFINITIONAL_REPRESENTATION('',(#3003),#3011);
#3003 = ( BOUNDED_CURVE() B_SPLINE_CURVE(2,(#3004,#3005,#3006,#3007,
#3008,#3009,#3010),.UNSPECIFIED.,.T.,.F.) B_SPLINE_CURVE_WITH_KNOTS((1,2
    ,2,2,2,1),(-2.094395102393,0.,2.094395102393,4.188790204786,
6.28318530718,8.377580409573),.UNSPECIFIED.) CURVE() 
GEOMETRIC_REPRESENTATION_ITEM() RATIONAL_B_SPLINE_CURVE((1.,0.5,1.,0.5,
1.,0.5,1.)) REPRESENTATION_ITEM('') );
#3004 = CARTESIAN_POINT('',(48.6702,-83.9181));
#3005 = CARTESIAN_POINT('',(48.410392378865,-83.9181));
#3006 = CARTESIAN_POINT('',(48.540296189432,-83.6931));
#3007 = CARTESIAN_POINT('',(48.6702,-83.4681));
#3008 = CARTESIAN_POINT('',(48.800103810568,-83.6931));
#3009 = CARTESIAN_POINT('',(48.930007621135,-83.9181));
#3010 = CARTESIAN_POINT('',(48.6702,-83.9181));
#3011 = ( GEOMETRIC_REPRESENTATION_CONTEXT(2) 
PARAMETRIC_REPRESENTATION_CONTEXT() REPRESENTATION_CONTEXT('2D SPACE',''
  ) );
#3012 = PCURVE('',#3013,#3018);
#3013 = CYLINDRICAL_SURFACE('',#3014,0.15);
#3014 = AXIS2_PLACEMENT_3D('',#3015,#3016,#3017);
#3015 = CARTESIAN_POINT('',(48.6702,-83.7681,9.E-03));
#3016 = DIRECTION('',(-0.,-0.,-1.));
#3017 = DIRECTION('',(0.,-1.,0.));
#3018 = DEFINITIONAL_REPRESENTATION('',(#3019),#3023);
#3019 = LINE('',#3020,#3021);
#3020 = CARTESIAN_POINT('',(0.,-3.6E-02));
#3021 = VECTOR('',#3022,1.);
#3022 = DIRECTION('',(1.,0.));
#3023 = ( GEOMETRIC_REPRESENTATION_CONTEXT(2) 
PARAMETRIC_REPRESENTATION_CONTEXT() REPRESENTATION_CONTEXT('2D SPACE',''
  ) );
#3024 = FACE_BOUND('',#3025,.F.);
#3025 = EDGE_LOOP('',(#3026,#3061,#3089,#3122));
#3026 = ORIENTED_EDGE('',*,*,#3027,.T.);
#3027 = EDGE_CURVE('',#3028,#3030,#3032,.T.);
#3028 = VERTEX_POINT('',#3029);
#3029 = CARTESIAN_POINT('',(55.33,-90.365,4.5E-02));
#3030 = VERTEX_POINT('',#3031);
#3031 = CARTESIAN_POINT('',(55.83,-90.365,4.5E-02));
#3032 = SURFACE_CURVE('',#3033,(#3038,#3049),.PCURVE_S1.);
#3033 = CIRCLE('',#3034,0.25);
#3034 = AXIS2_PLACEMENT_3D('',#3035,#3036,#3037);
#3035 = CARTESIAN_POINT('',(55.58,-90.365,4.5E-02));
#3036 = DIRECTION('',(0.,0.,-1.));
#3037 = DIRECTION('',(1.,0.,0.));
#3038 = PCURVE('',#132,#3039);
#3039 = DEFINITIONAL_REPRESENTATION('',(#3040),#3048);
#3040 = ( BOUNDED_CURVE() B_SPLINE_CURVE(2,(#3041,#3042,#3043,#3044,
#3045,#3046,#3047),.UNSPECIFIED.,.T.,.F.) B_SPLINE_CURVE_WITH_KNOTS((1,2
    ,2,2,2,1),(-2.094395102393,0.,2.094395102393,4.188790204786,
6.28318530718,8.377580409573),.UNSPECIFIED.) CURVE() 
GEOMETRIC_REPRESENTATION_ITEM() RATIONAL_B_SPLINE_CURVE((1.,0.5,1.,0.5,
1.,0.5,1.)) REPRESENTATION_ITEM('') );
#3041 = CARTESIAN_POINT('',(55.83,-90.365));
#3042 = CARTESIAN_POINT('',(55.83,-90.79801270189));
#3043 = CARTESIAN_POINT('',(55.455,-90.58150635094));
#3044 = CARTESIAN_POINT('',(55.08,-90.365));
#3045 = CARTESIAN_POINT('',(55.455,-90.14849364905));
#3046 = CARTESIAN_POINT('',(55.83,-89.9319872981));
#3047 = CARTESIAN_POINT('',(55.83,-90.365));
#3048 = ( GEOMETRIC_REPRESENTATION_CONTEXT(2) 
PARAMETRIC_REPRESENTATION_CONTEXT() REPRESENTATION_CONTEXT('2D SPACE',''
  ) );
#3049 = PCURVE('',#3050,#3055);
#3050 = CYLINDRICAL_SURFACE('',#3051,0.25);
#3051 = AXIS2_PLACEMENT_3D('',#3052,#3053,#3054);
#3052 = CARTESIAN_POINT('',(55.58,-90.365,-1.E-03));
#3053 = DIRECTION('',(-0.,-0.,-1.));
#3054 = DIRECTION('',(1.,0.,0.));
#3055 = DEFINITIONAL_REPRESENTATION('',(#3056),#3060);
#3056 = LINE('',#3057,#3058);
#3057 = CARTESIAN_POINT('',(0.,-4.6E-02));
#3058 = VECTOR('',#3059,1.);
#3059 = DIRECTION('',(1.,0.));
#3060 = ( GEOMETRIC_REPRESENTATION_CONTEXT(2) 
PARAMETRIC_REPRESENTATION_CONTEXT() REPRESENTATION_CONTEXT('2D SPACE',''
  ) );
#3061 = ORIENTED_EDGE('',*,*,#3062,.T.);
#3062 = EDGE_CURVE('',#3030,#3063,#3065,.T.);
#3063 = VERTEX_POINT('',#3064);
#3064 = CARTESIAN_POINT('',(55.83,-91.515,4.5E-02));
#3065 = SURFACE_CURVE('',#3066,(#3070,#3077),.PCURVE_S1.);
#3066 = LINE('',#3067,#3068);
#3067 = CARTESIAN_POINT('',(55.83,-45.7575,4.5E-02));
#3068 = VECTOR('',#3069,1.);
#3069 = DIRECTION('',(0.,-1.,0.));
#3070 = PCURVE('',#132,#3071);
#3071 = DEFINITIONAL_REPRESENTATION('',(#3072),#3076);
#3072 = LINE('',#3073,#3074);
#3073 = CARTESIAN_POINT('',(55.83,-45.7575));
#3074 = VECTOR('',#3075,1.);
#3075 = DIRECTION('',(0.,-1.));
#3076 = ( GEOMETRIC_REPRESENTATION_CONTEXT(2) 
PARAMETRIC_REPRESENTATION_CONTEXT() REPRESENTATION_CONTEXT('2D SPACE',''
  ) );
#3077 = PCURVE('',#3078,#3083);
#3078 = PLANE('',#3079);
#3079 = AXIS2_PLACEMENT_3D('',#3080,#3081,#3082);
#3080 = CARTESIAN_POINT('',(55.83,-91.515,-1.E-03));
#3081 = DIRECTION('',(-1.,0.,0.));
#3082 = DIRECTION('',(0.,1.,0.));
#3083 = DEFINITIONAL_REPRESENTATION('',(#3084),#3088);
#3084 = LINE('',#3085,#3086);
#3085 = CARTESIAN_POINT('',(45.7575,-4.6E-02));
#3086 = VECTOR('',#3087,1.);
#3087 = DIRECTION('',(-1.,0.));
#3088 = ( GEOMETRIC_REPRESENTATION_CONTEXT(2) 
PARAMETRIC_REPRESENTATION_CONTEXT() REPRESENTATION_CONTEXT('2D SPACE',''
  ) );
#3089 = ORIENTED_EDGE('',*,*,#3090,.T.);
#3090 = EDGE_CURVE('',#3063,#3091,#3093,.T.);
#3091 = VERTEX_POINT('',#3092);
#3092 = CARTESIAN_POINT('',(55.33,-91.515,4.5E-02));
#3093 = SURFACE_CURVE('',#3094,(#3099,#3110),.PCURVE_S1.);
#3094 = CIRCLE('',#3095,0.25);
#3095 = AXIS2_PLACEMENT_3D('',#3096,#3097,#3098);
#3096 = CARTESIAN_POINT('',(55.58,-91.515,4.5E-02));
#3097 = DIRECTION('',(0.,0.,-1.));
#3098 = DIRECTION('',(-1.,0.,0.));
#3099 = PCURVE('',#132,#3100);
#3100 = DEFINITIONAL_REPRESENTATION('',(#3101),#3109);
#3101 = ( BOUNDED_CURVE() B_SPLINE_CURVE(2,(#3102,#3103,#3104,#3105,
#3106,#3107,#3108),.UNSPECIFIED.,.T.,.F.) B_SPLINE_CURVE_WITH_KNOTS((1,2
    ,2,2,2,1),(-2.094395102393,0.,2.094395102393,4.188790204786,
6.28318530718,8.377580409573),.UNSPECIFIED.) CURVE() 
GEOMETRIC_REPRESENTATION_ITEM() RATIONAL_B_SPLINE_CURVE((1.,0.5,1.,0.5,
1.,0.5,1.)) REPRESENTATION_ITEM('') );
#3102 = CARTESIAN_POINT('',(55.33,-91.515));
#3103 = CARTESIAN_POINT('',(55.33,-91.0819872981));
#3104 = CARTESIAN_POINT('',(55.705,-91.29849364905));
#3105 = CARTESIAN_POINT('',(56.08,-91.515));
#3106 = CARTESIAN_POINT('',(55.705,-91.73150635094));
#3107 = CARTESIAN_POINT('',(55.33,-91.94801270189));
#3108 = CARTESIAN_POINT('',(55.33,-91.515));
#3109 = ( GEOMETRIC_REPRESENTATION_CONTEXT(2) 
PARAMETRIC_REPRESENTATION_CONTEXT() REPRESENTATION_CONTEXT('2D SPACE',''
  ) );
#3110 = PCURVE('',#3111,#3116);
#3111 = CYLINDRICAL_SURFACE('',#3112,0.25);
#3112 = AXIS2_PLACEMENT_3D('',#3113,#3114,#3115);
#3113 = CARTESIAN_POINT('',(55.58,-91.515,-1.E-03));
#3114 = DIRECTION('',(-0.,-0.,-1.));
#3115 = DIRECTION('',(-1.,0.,0.));
#3116 = DEFINITIONAL_REPRESENTATION('',(#3117),#3121);
#3117 = LINE('',#3118,#3119);
#3118 = CARTESIAN_POINT('',(0.,-4.6E-02));
#3119 = VECTOR('',#3120,1.);
#3120 = DIRECTION('',(1.,0.));
#3121 = ( GEOMETRIC_REPRESENTATION_CONTEXT(2) 
PARAMETRIC_REPRESENTATION_CONTEXT() REPRESENTATION_CONTEXT('2D SPACE',''
  ) );
#3122 = ORIENTED_EDGE('',*,*,#3123,.T.);
#3123 = EDGE_CURVE('',#3091,#3028,#3124,.T.);
#3124 = SURFACE_CURVE('',#3125,(#3129,#3136),.PCURVE_S1.);
#3125 = LINE('',#3126,#3127);
#3126 = CARTESIAN_POINT('',(55.33,-45.1825,4.5E-02));
#3127 = VECTOR('',#3128,1.);
#3128 = DIRECTION('',(0.,1.,0.));
#3129 = PCURVE('',#132,#3130);
#3130 = DEFINITIONAL_REPRESENTATION('',(#3131),#3135);
#3131 = LINE('',#3132,#3133);
#3132 = CARTESIAN_POINT('',(55.33,-45.1825));
#3133 = VECTOR('',#3134,1.);
#3134 = DIRECTION('',(0.,1.));
#3135 = ( GEOMETRIC_REPRESENTATION_CONTEXT(2) 
PARAMETRIC_REPRESENTATION_CONTEXT() REPRESENTATION_CONTEXT('2D SPACE',''
  ) );
#3136 = PCURVE('',#3137,#3142);
#3137 = PLANE('',#3138);
#3138 = AXIS2_PLACEMENT_3D('',#3139,#3140,#3141);
#3139 = CARTESIAN_POINT('',(55.33,-90.365,-1.E-03));
#3140 = DIRECTION('',(1.,0.,0.));
#3141 = DIRECTION('',(0.,-1.,0.));
#3142 = DEFINITIONAL_REPRESENTATION('',(#3143),#3147);
#3143 = LINE('',#3144,#3145);
#3144 = CARTESIAN_POINT('',(-45.1825,-4.6E-02));
#3145 = VECTOR('',#3146,1.);
#3146 = DIRECTION('',(-1.,0.));
#3147 = ( GEOMETRIC_REPRESENTATION_CONTEXT(2) 
PARAMETRIC_REPRESENTATION_CONTEXT() REPRESENTATION_CONTEXT('2D SPACE',''
  ) );
#3148 = FACE_BOUND('',#3149,.F.);
#3149 = EDGE_LOOP('',(#3150));
#3150 = ORIENTED_EDGE('',*,*,#3151,.T.);
#3151 = EDGE_CURVE('',#3152,#3152,#3154,.T.);
#3152 = VERTEX_POINT('',#3153);
#3153 = CARTESIAN_POINT('',(51.0567,-84.1181,4.5E-02));
#3154 = SURFACE_CURVE('',#3155,(#3160,#3171),.PCURVE_S1.);
#3155 = CIRCLE('',#3156,0.15);
#3156 = AXIS2_PLACEMENT_3D('',#3157,#3158,#3159);
#3157 = CARTESIAN_POINT('',(51.0567,-83.9681,4.5E-02));
#3158 = DIRECTION('',(-0.,-0.,-1.));
#3159 = DIRECTION('',(0.,-1.,0.));
#3160 = PCURVE('',#132,#3161);
#3161 = DEFINITIONAL_REPRESENTATION('',(#3162),#3170);
#3162 = ( BOUNDED_CURVE() B_SPLINE_CURVE(2,(#3163,#3164,#3165,#3166,
#3167,#3168,#3169),.UNSPECIFIED.,.T.,.F.) B_SPLINE_CURVE_WITH_KNOTS((1,2
    ,2,2,2,1),(-2.094395102393,0.,2.094395102393,4.188790204786,
6.28318530718,8.377580409573),.UNSPECIFIED.) CURVE() 
GEOMETRIC_REPRESENTATION_ITEM() RATIONAL_B_SPLINE_CURVE((1.,0.5,1.,0.5,
1.,0.5,1.)) REPRESENTATION_ITEM('') );
#3163 = CARTESIAN_POINT('',(51.0567,-84.1181));
#3164 = CARTESIAN_POINT('',(50.796892378865,-84.1181));
#3165 = CARTESIAN_POINT('',(50.926796189432,-83.8931));
#3166 = CARTESIAN_POINT('',(51.0567,-83.6681));
#3167 = CARTESIAN_POINT('',(51.186603810568,-83.8931));
#3168 = CARTESIAN_POINT('',(51.316507621135,-84.1181));
#3169 = CARTESIAN_POINT('',(51.0567,-84.1181));
#3170 = ( GEOMETRIC_REPRESENTATION_CONTEXT(2) 
PARAMETRIC_REPRESENTATION_CONTEXT() REPRESENTATION_CONTEXT('2D SPACE',''
  ) );
#3171 = PCURVE('',#3172,#3177);
#3172 = CYLINDRICAL_SURFACE('',#3173,0.15);
#3173 = AXIS2_PLACEMENT_3D('',#3174,#3175,#3176);
#3174 = CARTESIAN_POINT('',(51.0567,-83.9681,9.E-03));
#3175 = DIRECTION('',(-0.,-0.,-1.));
#3176 = DIRECTION('',(0.,-1.,0.));
#3177 = DEFINITIONAL_REPRESENTATION('',(#3178),#3182);
#3178 = LINE('',#3179,#3180);
#3179 = CARTESIAN_POINT('',(0.,-3.6E-02));
#3180 = VECTOR('',#3181,1.);
#3181 = DIRECTION('',(1.,0.));
#3182 = ( GEOMETRIC_REPRESENTATION_CONTEXT(2) 
PARAMETRIC_REPRESENTATION_CONTEXT() REPRESENTATION_CONTEXT('2D SPACE',''
  ) );
#3183 = FACE_BOUND('',#3184,.F.);
#3184 = EDGE_LOOP('',(#3185));
#3185 = ORIENTED_EDGE('',*,*,#3186,.T.);
#3186 = EDGE_CURVE('',#3187,#3187,#3189,.T.);
#3187 = VERTEX_POINT('',#3188);
#3188 = CARTESIAN_POINT('',(52.1125,-83.4338,4.5E-02));
#3189 = SURFACE_CURVE('',#3190,(#3195,#3206),.PCURVE_S1.);
#3190 = CIRCLE('',#3191,0.15);
#3191 = AXIS2_PLACEMENT_3D('',#3192,#3193,#3194);
#3192 = CARTESIAN_POINT('',(52.1125,-83.2838,4.5E-02));
#3193 = DIRECTION('',(-0.,-0.,-1.));
#3194 = DIRECTION('',(0.,-1.,0.));
#3195 = PCURVE('',#132,#3196);
#3196 = DEFINITIONAL_REPRESENTATION('',(#3197),#3205);
#3197 = ( BOUNDED_CURVE() B_SPLINE_CURVE(2,(#3198,#3199,#3200,#3201,
#3202,#3203,#3204),.UNSPECIFIED.,.T.,.F.) B_SPLINE_CURVE_WITH_KNOTS((1,2
    ,2,2,2,1),(-2.094395102393,0.,2.094395102393,4.188790204786,
6.28318530718,8.377580409573),.UNSPECIFIED.) CURVE() 
GEOMETRIC_REPRESENTATION_ITEM() RATIONAL_B_SPLINE_CURVE((1.,0.5,1.,0.5,
1.,0.5,1.)) REPRESENTATION_ITEM('') );
#3198 = CARTESIAN_POINT('',(52.1125,-83.4338));
#3199 = CARTESIAN_POINT('',(51.852692378865,-83.4338));
#3200 = CARTESIAN_POINT('',(51.982596189432,-83.2088));
#3201 = CARTESIAN_POINT('',(52.1125,-82.9838));
#3202 = CARTESIAN_POINT('',(52.242403810568,-83.2088));
#3203 = CARTESIAN_POINT('',(52.372307621135,-83.4338));
#3204 = CARTESIAN_POINT('',(52.1125,-83.4338));
#3205 = ( GEOMETRIC_REPRESENTATION_CONTEXT(2) 
PARAMETRIC_REPRESENTATION_CONTEXT() REPRESENTATION_CONTEXT('2D SPACE',''
  ) );
#3206 = PCURVE('',#3207,#3212);
#3207 = CYLINDRICAL_SURFACE('',#3208,0.15);
#3208 = AXIS2_PLACEMENT_3D('',#3209,#3210,#3211);
#3209 = CARTESIAN_POINT('',(52.1125,-83.2838,9.E-03));
#3210 = DIRECTION('',(-0.,-0.,-1.));
#3211 = DIRECTION('',(0.,-1.,0.));
#3212 = DEFINITIONAL_REPRESENTATION('',(#3213),#3217);
#3213 = LINE('',#3214,#3215);
#3214 = CARTESIAN_POINT('',(0.,-3.6E-02));
#3215 = VECTOR('',#3216,1.);
#3216 = DIRECTION('',(1.,0.));
#3217 = ( GEOMETRIC_REPRESENTATION_CONTEXT(2) 
PARAMETRIC_REPRESENTATION_CONTEXT() REPRESENTATION_CONTEXT('2D SPACE',''
  ) );
#3218 = FACE_BOUND('',#3219,.F.);
#3219 = EDGE_LOOP('',(#3220));
#3220 = ORIENTED_EDGE('',*,*,#3221,.T.);
#3221 = EDGE_CURVE('',#3222,#3222,#3224,.T.);
#3222 = VERTEX_POINT('',#3223);
#3223 = CARTESIAN_POINT('',(53.75,-86.54,4.5E-02));
#3224 = SURFACE_CURVE('',#3225,(#3230,#3241),.PCURVE_S1.);
#3225 = CIRCLE('',#3226,0.325);
#3226 = AXIS2_PLACEMENT_3D('',#3227,#3228,#3229);
#3227 = CARTESIAN_POINT('',(53.75,-86.215,4.5E-02));
#3228 = DIRECTION('',(-0.,-0.,-1.));
#3229 = DIRECTION('',(0.,-1.,0.));
#3230 = PCURVE('',#132,#3231);
#3231 = DEFINITIONAL_REPRESENTATION('',(#3232),#3240);
#3232 = ( BOUNDED_CURVE() B_SPLINE_CURVE(2,(#3233,#3234,#3235,#3236,
#3237,#3238,#3239),.UNSPECIFIED.,.T.,.F.) B_SPLINE_CURVE_WITH_KNOTS((1,2
    ,2,2,2,1),(-2.094395102393,0.,2.094395102393,4.188790204786,
6.28318530718,8.377580409573),.UNSPECIFIED.) CURVE() 
GEOMETRIC_REPRESENTATION_ITEM() RATIONAL_B_SPLINE_CURVE((1.,0.5,1.,0.5,
1.,0.5,1.)) REPRESENTATION_ITEM('') );
#3233 = CARTESIAN_POINT('',(53.75,-86.54));
#3234 = CARTESIAN_POINT('',(53.18708348754,-86.54));
#3235 = CARTESIAN_POINT('',(53.46854174377,-86.0525));
#3236 = CARTESIAN_POINT('',(53.75,-85.565));
#3237 = CARTESIAN_POINT('',(54.03145825623,-86.0525));
#3238 = CARTESIAN_POINT('',(54.31291651246,-86.54));
#3239 = CARTESIAN_POINT('',(53.75,-86.54));
#3240 = ( GEOMETRIC_REPRESENTATION_CONTEXT(2) 
PARAMETRIC_REPRESENTATION_CONTEXT() REPRESENTATION_CONTEXT('2D SPACE',''
  ) );
#3241 = PCURVE('',#3242,#3247);
#3242 = CYLINDRICAL_SURFACE('',#3243,0.325);
#3243 = AXIS2_PLACEMENT_3D('',#3244,#3245,#3246);
#3244 = CARTESIAN_POINT('',(53.75,-86.215,-1.E-03));
#3245 = DIRECTION('',(-0.,-0.,-1.));
#3246 = DIRECTION('',(0.,-1.,0.));
#3247 = DEFINITIONAL_REPRESENTATION('',(#3248),#3252);
#3248 = LINE('',#3249,#3250);
#3249 = CARTESIAN_POINT('',(0.,-4.6E-02));
#3250 = VECTOR('',#3251,1.);
#3251 = DIRECTION('',(1.,0.));
#3252 = ( GEOMETRIC_REPRESENTATION_CONTEXT(2) 
PARAMETRIC_REPRESENTATION_CONTEXT() REPRESENTATION_CONTEXT('2D SPACE',''
  ) );
#3253 = FACE_BOUND('',#3254,.F.);
#3254 = EDGE_LOOP('',(#3255,#3290,#3318,#3351));
#3255 = ORIENTED_EDGE('',*,*,#3256,.T.);
#3256 = EDGE_CURVE('',#3257,#3259,#3261,.T.);
#3257 = VERTEX_POINT('',#3258);
#3258 = CARTESIAN_POINT('',(55.33,-85.725,4.5E-02));
#3259 = VERTEX_POINT('',#3260);
#3260 = CARTESIAN_POINT('',(55.83,-85.725,4.5E-02));
#3261 = SURFACE_CURVE('',#3262,(#3267,#3278),.PCURVE_S1.);
#3262 = CIRCLE('',#3263,0.25);
#3263 = AXIS2_PLACEMENT_3D('',#3264,#3265,#3266);
#3264 = CARTESIAN_POINT('',(55.58,-85.725,4.5E-02));
#3265 = DIRECTION('',(0.,0.,-1.));
#3266 = DIRECTION('',(1.,0.,0.));
#3267 = PCURVE('',#132,#3268);
#3268 = DEFINITIONAL_REPRESENTATION('',(#3269),#3277);
#3269 = ( BOUNDED_CURVE() B_SPLINE_CURVE(2,(#3270,#3271,#3272,#3273,
#3274,#3275,#3276),.UNSPECIFIED.,.T.,.F.) B_SPLINE_CURVE_WITH_KNOTS((1,2
    ,2,2,2,1),(-2.094395102393,0.,2.094395102393,4.188790204786,
6.28318530718,8.377580409573),.UNSPECIFIED.) CURVE() 
GEOMETRIC_REPRESENTATION_ITEM() RATIONAL_B_SPLINE_CURVE((1.,0.5,1.,0.5,
1.,0.5,1.)) REPRESENTATION_ITEM('') );
#3270 = CARTESIAN_POINT('',(55.83,-85.725));
#3271 = CARTESIAN_POINT('',(55.83,-86.15801270189));
#3272 = CARTESIAN_POINT('',(55.455,-85.94150635094));
#3273 = CARTESIAN_POINT('',(55.08,-85.725));
#3274 = CARTESIAN_POINT('',(55.455,-85.50849364905));
#3275 = CARTESIAN_POINT('',(55.83,-85.2919872981));
#3276 = CARTESIAN_POINT('',(55.83,-85.725));
#3277 = ( GEOMETRIC_REPRESENTATION_CONTEXT(2) 
PARAMETRIC_REPRESENTATION_CONTEXT() REPRESENTATION_CONTEXT('2D SPACE',''
  ) );
#3278 = PCURVE('',#3279,#3284);
#3279 = CYLINDRICAL_SURFACE('',#3280,0.25);
#3280 = AXIS2_PLACEMENT_3D('',#3281,#3282,#3283);
#3281 = CARTESIAN_POINT('',(55.58,-85.725,-1.E-03));
#3282 = DIRECTION('',(-0.,-0.,-1.));
#3283 = DIRECTION('',(1.,0.,0.));
#3284 = DEFINITIONAL_REPRESENTATION('',(#3285),#3289);
#3285 = LINE('',#3286,#3287);
#3286 = CARTESIAN_POINT('',(0.,-4.6E-02));
#3287 = VECTOR('',#3288,1.);
#3288 = DIRECTION('',(1.,0.));
#3289 = ( GEOMETRIC_REPRESENTATION_CONTEXT(2) 
PARAMETRIC_REPRESENTATION_CONTEXT() REPRESENTATION_CONTEXT('2D SPACE',''
  ) );
#3290 = ORIENTED_EDGE('',*,*,#3291,.T.);
#3291 = EDGE_CURVE('',#3259,#3292,#3294,.T.);
#3292 = VERTEX_POINT('',#3293);
#3293 = CARTESIAN_POINT('',(55.83,-86.875,4.5E-02));
#3294 = SURFACE_CURVE('',#3295,(#3299,#3306),.PCURVE_S1.);
#3295 = LINE('',#3296,#3297);
#3296 = CARTESIAN_POINT('',(55.83,-43.4375,4.5E-02));
#3297 = VECTOR('',#3298,1.);
#3298 = DIRECTION('',(0.,-1.,0.));
#3299 = PCURVE('',#132,#3300);
#3300 = DEFINITIONAL_REPRESENTATION('',(#3301),#3305);
#3301 = LINE('',#3302,#3303);
#3302 = CARTESIAN_POINT('',(55.83,-43.4375));
#3303 = VECTOR('',#3304,1.);
#3304 = DIRECTION('',(0.,-1.));
#3305 = ( GEOMETRIC_REPRESENTATION_CONTEXT(2) 
PARAMETRIC_REPRESENTATION_CONTEXT() REPRESENTATION_CONTEXT('2D SPACE',''
  ) );
#3306 = PCURVE('',#3307,#3312);
#3307 = PLANE('',#3308);
#3308 = AXIS2_PLACEMENT_3D('',#3309,#3310,#3311);
#3309 = CARTESIAN_POINT('',(55.83,-86.875,-1.E-03));
#3310 = DIRECTION('',(-1.,0.,0.));
#3311 = DIRECTION('',(0.,1.,0.));
#3312 = DEFINITIONAL_REPRESENTATION('',(#3313),#3317);
#3313 = LINE('',#3314,#3315);
#3314 = CARTESIAN_POINT('',(43.4375,-4.6E-02));
#3315 = VECTOR('',#3316,1.);
#3316 = DIRECTION('',(-1.,0.));
#3317 = ( GEOMETRIC_REPRESENTATION_CONTEXT(2) 
PARAMETRIC_REPRESENTATION_CONTEXT() REPRESENTATION_CONTEXT('2D SPACE',''
  ) );
#3318 = ORIENTED_EDGE('',*,*,#3319,.T.);
#3319 = EDGE_CURVE('',#3292,#3320,#3322,.T.);
#3320 = VERTEX_POINT('',#3321);
#3321 = CARTESIAN_POINT('',(55.33,-86.875,4.5E-02));
#3322 = SURFACE_CURVE('',#3323,(#3328,#3339),.PCURVE_S1.);
#3323 = CIRCLE('',#3324,0.25);
#3324 = AXIS2_PLACEMENT_3D('',#3325,#3326,#3327);
#3325 = CARTESIAN_POINT('',(55.58,-86.875,4.5E-02));
#3326 = DIRECTION('',(0.,0.,-1.));
#3327 = DIRECTION('',(-1.,0.,0.));
#3328 = PCURVE('',#132,#3329);
#3329 = DEFINITIONAL_REPRESENTATION('',(#3330),#3338);
#3330 = ( BOUNDED_CURVE() B_SPLINE_CURVE(2,(#3331,#3332,#3333,#3334,
#3335,#3336,#3337),.UNSPECIFIED.,.T.,.F.) B_SPLINE_CURVE_WITH_KNOTS((1,2
    ,2,2,2,1),(-2.094395102393,0.,2.094395102393,4.188790204786,
6.28318530718,8.377580409573),.UNSPECIFIED.) CURVE() 
GEOMETRIC_REPRESENTATION_ITEM() RATIONAL_B_SPLINE_CURVE((1.,0.5,1.,0.5,
1.,0.5,1.)) REPRESENTATION_ITEM('') );
#3331 = CARTESIAN_POINT('',(55.33,-86.875));
#3332 = CARTESIAN_POINT('',(55.33,-86.4419872981));
#3333 = CARTESIAN_POINT('',(55.705,-86.65849364905));
#3334 = CARTESIAN_POINT('',(56.08,-86.875));
#3335 = CARTESIAN_POINT('',(55.705,-87.09150635094));
#3336 = CARTESIAN_POINT('',(55.33,-87.30801270189));
#3337 = CARTESIAN_POINT('',(55.33,-86.875));
#3338 = ( GEOMETRIC_REPRESENTATION_CONTEXT(2) 
PARAMETRIC_REPRESENTATION_CONTEXT() REPRESENTATION_CONTEXT('2D SPACE',''
  ) );
#3339 = PCURVE('',#3340,#3345);
#3340 = CYLINDRICAL_SURFACE('',#3341,0.25);
#3341 = AXIS2_PLACEMENT_3D('',#3342,#3343,#3344);
#3342 = CARTESIAN_POINT('',(55.58,-86.875,-1.E-03));
#3343 = DIRECTION('',(-0.,-0.,-1.));
#3344 = DIRECTION('',(-1.,0.,0.));
#3345 = DEFINITIONAL_REPRESENTATION('',(#3346),#3350);
#3346 = LINE('',#3347,#3348);
#3347 = CARTESIAN_POINT('',(0.,-4.6E-02));
#3348 = VECTOR('',#3349,1.);
#3349 = DIRECTION('',(1.,0.));
#3350 = ( GEOMETRIC_REPRESENTATION_CONTEXT(2) 
PARAMETRIC_REPRESENTATION_CONTEXT() REPRESENTATION_CONTEXT('2D SPACE',''
  ) );
#3351 = ORIENTED_EDGE('',*,*,#3352,.T.);
#3352 = EDGE_CURVE('',#3320,#3257,#3353,.T.);
#3353 = SURFACE_CURVE('',#3354,(#3358,#3365),.PCURVE_S1.);
#3354 = LINE('',#3355,#3356);
#3355 = CARTESIAN_POINT('',(55.33,-42.8625,4.5E-02));
#3356 = VECTOR('',#3357,1.);
#3357 = DIRECTION('',(0.,1.,0.));
#3358 = PCURVE('',#132,#3359);
#3359 = DEFINITIONAL_REPRESENTATION('',(#3360),#3364);
#3360 = LINE('',#3361,#3362);
#3361 = CARTESIAN_POINT('',(55.33,-42.8625));
#3362 = VECTOR('',#3363,1.);
#3363 = DIRECTION('',(0.,1.));
#3364 = ( GEOMETRIC_REPRESENTATION_CONTEXT(2) 
PARAMETRIC_REPRESENTATION_CONTEXT() REPRESENTATION_CONTEXT('2D SPACE',''
  ) );
#3365 = PCURVE('',#3366,#3371);
#3366 = PLANE('',#3367);
#3367 = AXIS2_PLACEMENT_3D('',#3368,#3369,#3370);
#3368 = CARTESIAN_POINT('',(55.33,-85.725,-1.E-03));
#3369 = DIRECTION('',(1.,0.,0.));
#3370 = DIRECTION('',(0.,-1.,0.));
#3371 = DEFINITIONAL_REPRESENTATION('',(#3372),#3376);
#3372 = LINE('',#3373,#3374);
#3373 = CARTESIAN_POINT('',(-42.8625,-4.6E-02));
#3374 = VECTOR('',#3375,1.);
#3375 = DIRECTION('',(-1.,0.));
#3376 = ( GEOMETRIC_REPRESENTATION_CONTEXT(2) 
PARAMETRIC_REPRESENTATION_CONTEXT() REPRESENTATION_CONTEXT('2D SPACE',''
  ) );
#3377 = FACE_BOUND('',#3378,.F.);
#3378 = EDGE_LOOP('',(#3379));
#3379 = ORIENTED_EDGE('',*,*,#3380,.T.);
#3380 = EDGE_CURVE('',#3381,#3381,#3383,.T.);
#3381 = VERTEX_POINT('',#3382);
#3382 = CARTESIAN_POINT('',(53.926,-83.7612,4.5E-02));
#3383 = SURFACE_CURVE('',#3384,(#3389,#3400),.PCURVE_S1.);
#3384 = CIRCLE('',#3385,0.15);
#3385 = AXIS2_PLACEMENT_3D('',#3386,#3387,#3388);
#3386 = CARTESIAN_POINT('',(53.926,-83.6112,4.5E-02));
#3387 = DIRECTION('',(-0.,-0.,-1.));
#3388 = DIRECTION('',(0.,-1.,0.));
#3389 = PCURVE('',#132,#3390);
#3390 = DEFINITIONAL_REPRESENTATION('',(#3391),#3399);
#3391 = ( BOUNDED_CURVE() B_SPLINE_CURVE(2,(#3392,#3393,#3394,#3395,
#3396,#3397,#3398),.UNSPECIFIED.,.T.,.F.) B_SPLINE_CURVE_WITH_KNOTS((1,2
    ,2,2,2,1),(-2.094395102393,0.,2.094395102393,4.188790204786,
6.28318530718,8.377580409573),.UNSPECIFIED.) CURVE() 
GEOMETRIC_REPRESENTATION_ITEM() RATIONAL_B_SPLINE_CURVE((1.,0.5,1.,0.5,
1.,0.5,1.)) REPRESENTATION_ITEM('') );
#3392 = CARTESIAN_POINT('',(53.926,-83.7612));
#3393 = CARTESIAN_POINT('',(53.666192378865,-83.7612));
#3394 = CARTESIAN_POINT('',(53.796096189432,-83.5362));
#3395 = CARTESIAN_POINT('',(53.926,-83.3112));
#3396 = CARTESIAN_POINT('',(54.055903810568,-83.5362));
#3397 = CARTESIAN_POINT('',(54.185807621135,-83.7612));
#3398 = CARTESIAN_POINT('',(53.926,-83.7612));
#3399 = ( GEOMETRIC_REPRESENTATION_CONTEXT(2) 
PARAMETRIC_REPRESENTATION_CONTEXT() REPRESENTATION_CONTEXT('2D SPACE',''
  ) );
#3400 = PCURVE('',#3401,#3406);
#3401 = CYLINDRICAL_SURFACE('',#3402,0.15);
#3402 = AXIS2_PLACEMENT_3D('',#3403,#3404,#3405);
#3403 = CARTESIAN_POINT('',(53.926,-83.6112,9.E-03));
#3404 = DIRECTION('',(-0.,-0.,-1.));
#3405 = DIRECTION('',(0.,-1.,0.));
#3406 = DEFINITIONAL_REPRESENTATION('',(#3407),#3411);
#3407 = LINE('',#3408,#3409);
#3408 = CARTESIAN_POINT('',(0.,-3.6E-02));
#3409 = VECTOR('',#3410,1.);
#3410 = DIRECTION('',(1.,0.));
#3411 = ( GEOMETRIC_REPRESENTATION_CONTEXT(2) 
PARAMETRIC_REPRESENTATION_CONTEXT() REPRESENTATION_CONTEXT('2D SPACE',''
  ) );
#3412 = FACE_BOUND('',#3413,.F.);
#3413 = EDGE_LOOP('',(#3414));
#3414 = ORIENTED_EDGE('',*,*,#3415,.T.);
#3415 = EDGE_CURVE('',#3416,#3416,#3418,.T.);
#3416 = VERTEX_POINT('',#3417);
#3417 = CARTESIAN_POINT('',(44.4327,-81.8572,4.5E-02));
#3418 = SURFACE_CURVE('',#3419,(#3424,#3435),.PCURVE_S1.);
#3419 = CIRCLE('',#3420,0.15);
#3420 = AXIS2_PLACEMENT_3D('',#3421,#3422,#3423);
#3421 = CARTESIAN_POINT('',(44.4327,-81.7072,4.5E-02));
#3422 = DIRECTION('',(-0.,-0.,-1.));
#3423 = DIRECTION('',(0.,-1.,0.));
#3424 = PCURVE('',#132,#3425);
#3425 = DEFINITIONAL_REPRESENTATION('',(#3426),#3434);
#3426 = ( BOUNDED_CURVE() B_SPLINE_CURVE(2,(#3427,#3428,#3429,#3430,
#3431,#3432,#3433),.UNSPECIFIED.,.T.,.F.) B_SPLINE_CURVE_WITH_KNOTS((1,2
    ,2,2,2,1),(-2.094395102393,0.,2.094395102393,4.188790204786,
6.28318530718,8.377580409573),.UNSPECIFIED.) CURVE() 
GEOMETRIC_REPRESENTATION_ITEM() RATIONAL_B_SPLINE_CURVE((1.,0.5,1.,0.5,
1.,0.5,1.)) REPRESENTATION_ITEM('') );
#3427 = CARTESIAN_POINT('',(44.4327,-81.8572));
#3428 = CARTESIAN_POINT('',(44.172892378865,-81.8572));
#3429 = CARTESIAN_POINT('',(44.302796189432,-81.6322));
#3430 = CARTESIAN_POINT('',(44.4327,-81.4072));
#3431 = CARTESIAN_POINT('',(44.562603810568,-81.6322));
#3432 = CARTESIAN_POINT('',(44.692507621135,-81.8572));
#3433 = CARTESIAN_POINT('',(44.4327,-81.8572));
#3434 = ( GEOMETRIC_REPRESENTATION_CONTEXT(2) 
PARAMETRIC_REPRESENTATION_CONTEXT() REPRESENTATION_CONTEXT('2D SPACE',''
  ) );
#3435 = PCURVE('',#3436,#3441);
#3436 = CYLINDRICAL_SURFACE('',#3437,0.15);
#3437 = AXIS2_PLACEMENT_3D('',#3438,#3439,#3440);
#3438 = CARTESIAN_POINT('',(44.4327,-81.7072,9.E-03));
#3439 = DIRECTION('',(-0.,-0.,-1.));
#3440 = DIRECTION('',(0.,-1.,0.));
#3441 = DEFINITIONAL_REPRESENTATION('',(#3442),#3446);
#3442 = LINE('',#3443,#3444);
#3443 = CARTESIAN_POINT('',(0.,-3.6E-02));
#3444 = VECTOR('',#3445,1.);
#3445 = DIRECTION('',(1.,0.));
#3446 = ( GEOMETRIC_REPRESENTATION_CONTEXT(2) 
PARAMETRIC_REPRESENTATION_CONTEXT() REPRESENTATION_CONTEXT('2D SPACE',''
  ) );
#3447 = FACE_BOUND('',#3448,.F.);
#3448 = EDGE_LOOP('',(#3449));
#3449 = ORIENTED_EDGE('',*,*,#3450,.T.);
#3450 = EDGE_CURVE('',#3451,#3451,#3453,.T.);
#3451 = VERTEX_POINT('',#3452);
#3452 = CARTESIAN_POINT('',(47.9278,-81.8524,4.5E-02));
#3453 = SURFACE_CURVE('',#3454,(#3459,#3470),.PCURVE_S1.);
#3454 = CIRCLE('',#3455,0.15);
#3455 = AXIS2_PLACEMENT_3D('',#3456,#3457,#3458);
#3456 = CARTESIAN_POINT('',(47.9278,-81.7024,4.5E-02));
#3457 = DIRECTION('',(-0.,0.,-1.));
#3458 = DIRECTION('',(-4.736951571734E-14,-1.,0.));
#3459 = PCURVE('',#132,#3460);
#3460 = DEFINITIONAL_REPRESENTATION('',(#3461),#3469);
#3461 = ( BOUNDED_CURVE() B_SPLINE_CURVE(2,(#3462,#3463,#3464,#3465,
#3466,#3467,#3468),.UNSPECIFIED.,.T.,.F.) B_SPLINE_CURVE_WITH_KNOTS((1,2
    ,2,2,2,1),(-2.094395102393,0.,2.094395102393,4.188790204786,
6.28318530718,8.377580409573),.UNSPECIFIED.) CURVE() 
GEOMETRIC_REPRESENTATION_ITEM() RATIONAL_B_SPLINE_CURVE((1.,0.5,1.,0.5,
1.,0.5,1.)) REPRESENTATION_ITEM('') );
#3462 = CARTESIAN_POINT('',(47.9278,-81.8524));
#3463 = CARTESIAN_POINT('',(47.667992378865,-81.8524));
#3464 = CARTESIAN_POINT('',(47.797896189432,-81.6274));
#3465 = CARTESIAN_POINT('',(47.9278,-81.4024));
#3466 = CARTESIAN_POINT('',(48.057703810568,-81.6274));
#3467 = CARTESIAN_POINT('',(48.187607621135,-81.8524));
#3468 = CARTESIAN_POINT('',(47.9278,-81.8524));
#3469 = ( GEOMETRIC_REPRESENTATION_CONTEXT(2) 
PARAMETRIC_REPRESENTATION_CONTEXT() REPRESENTATION_CONTEXT('2D SPACE',''
  ) );
#3470 = PCURVE('',#3471,#3476);
#3471 = CYLINDRICAL_SURFACE('',#3472,0.15);
#3472 = AXIS2_PLACEMENT_3D('',#3473,#3474,#3475);
#3473 = CARTESIAN_POINT('',(47.9278,-81.7024,9.E-03));
#3474 = DIRECTION('',(-0.,-0.,-1.));
#3475 = DIRECTION('',(-4.736951571734E-14,-1.,0.));
#3476 = DEFINITIONAL_REPRESENTATION('',(#3477),#3481);
#3477 = LINE('',#3478,#3479);
#3478 = CARTESIAN_POINT('',(0.,-3.6E-02));
#3479 = VECTOR('',#3480,1.);
#3480 = DIRECTION('',(1.,0.));
#3481 = ( GEOMETRIC_REPRESENTATION_CONTEXT(2) 
PARAMETRIC_REPRESENTATION_CONTEXT() REPRESENTATION_CONTEXT('2D SPACE',''
  ) );
#3482 = FACE_BOUND('',#3483,.F.);
#3483 = EDGE_LOOP('',(#3484));
#3484 = ORIENTED_EDGE('',*,*,#3485,.T.);
#3485 = EDGE_CURVE('',#3486,#3486,#3488,.T.);
#3486 = VERTEX_POINT('',#3487);
#3487 = CARTESIAN_POINT('',(48.9853,-81.3092,4.5E-02));
#3488 = SURFACE_CURVE('',#3489,(#3494,#3505),.PCURVE_S1.);
#3489 = CIRCLE('',#3490,0.15);
#3490 = AXIS2_PLACEMENT_3D('',#3491,#3492,#3493);
#3491 = CARTESIAN_POINT('',(48.9853,-81.1592,4.5E-02));
#3492 = DIRECTION('',(0.,-0.,-1.));
#3493 = DIRECTION('',(4.736951571734E-14,-1.,0.));
#3494 = PCURVE('',#132,#3495);
#3495 = DEFINITIONAL_REPRESENTATION('',(#3496),#3504);
#3496 = ( BOUNDED_CURVE() B_SPLINE_CURVE(2,(#3497,#3498,#3499,#3500,
#3501,#3502,#3503),.UNSPECIFIED.,.T.,.F.) B_SPLINE_CURVE_WITH_KNOTS((1,2
    ,2,2,2,1),(-2.094395102393,0.,2.094395102393,4.188790204786,
6.28318530718,8.377580409573),.UNSPECIFIED.) CURVE() 
GEOMETRIC_REPRESENTATION_ITEM() RATIONAL_B_SPLINE_CURVE((1.,0.5,1.,0.5,
1.,0.5,1.)) REPRESENTATION_ITEM('') );
#3497 = CARTESIAN_POINT('',(48.9853,-81.3092));
#3498 = CARTESIAN_POINT('',(48.725492378865,-81.3092));
#3499 = CARTESIAN_POINT('',(48.855396189432,-81.0842));
#3500 = CARTESIAN_POINT('',(48.9853,-80.8592));
#3501 = CARTESIAN_POINT('',(49.115203810568,-81.0842));
#3502 = CARTESIAN_POINT('',(49.245107621135,-81.3092));
#3503 = CARTESIAN_POINT('',(48.9853,-81.3092));
#3504 = ( GEOMETRIC_REPRESENTATION_CONTEXT(2) 
PARAMETRIC_REPRESENTATION_CONTEXT() REPRESENTATION_CONTEXT('2D SPACE',''
  ) );
#3505 = PCURVE('',#3506,#3511);
#3506 = CYLINDRICAL_SURFACE('',#3507,0.15);
#3507 = AXIS2_PLACEMENT_3D('',#3508,#3509,#3510);
#3508 = CARTESIAN_POINT('',(48.9853,-81.1592,9.E-03));
#3509 = DIRECTION('',(0.,0.,-1.));
#3510 = DIRECTION('',(4.736951571734E-14,-1.,0.));
#3511 = DEFINITIONAL_REPRESENTATION('',(#3512),#3516);
#3512 = LINE('',#3513,#3514);
#3513 = CARTESIAN_POINT('',(0.,-3.6E-02));
#3514 = VECTOR('',#3515,1.);
#3515 = DIRECTION('',(1.,0.));
#3516 = ( GEOMETRIC_REPRESENTATION_CONTEXT(2) 
PARAMETRIC_REPRESENTATION_CONTEXT() REPRESENTATION_CONTEXT('2D SPACE',''
  ) );
#3517 = FACE_BOUND('',#3518,.F.);
#3518 = EDGE_LOOP('',(#3519));
#3519 = ORIENTED_EDGE('',*,*,#3520,.T.);
#3520 = EDGE_CURVE('',#3521,#3521,#3523,.T.);
#3521 = VERTEX_POINT('',#3522);
#3522 = CARTESIAN_POINT('',(48.9853,-78.8093,4.5E-02));
#3523 = SURFACE_CURVE('',#3524,(#3529,#3540),.PCURVE_S1.);
#3524 = CIRCLE('',#3525,0.15);
#3525 = AXIS2_PLACEMENT_3D('',#3526,#3527,#3528);
#3526 = CARTESIAN_POINT('',(48.9853,-78.6593,4.5E-02));
#3527 = DIRECTION('',(0.,-0.,-1.));
#3528 = DIRECTION('',(4.736951571734E-14,-1.,0.));
#3529 = PCURVE('',#132,#3530);
#3530 = DEFINITIONAL_REPRESENTATION('',(#3531),#3539);
#3531 = ( BOUNDED_CURVE() B_SPLINE_CURVE(2,(#3532,#3533,#3534,#3535,
#3536,#3537,#3538),.UNSPECIFIED.,.T.,.F.) B_SPLINE_CURVE_WITH_KNOTS((1,2
    ,2,2,2,1),(-2.094395102393,0.,2.094395102393,4.188790204786,
6.28318530718,8.377580409573),.UNSPECIFIED.) CURVE() 
GEOMETRIC_REPRESENTATION_ITEM() RATIONAL_B_SPLINE_CURVE((1.,0.5,1.,0.5,
1.,0.5,1.)) REPRESENTATION_ITEM('') );
#3532 = CARTESIAN_POINT('',(48.9853,-78.8093));
#3533 = CARTESIAN_POINT('',(48.725492378865,-78.8093));
#3534 = CARTESIAN_POINT('',(48.855396189432,-78.5843));
#3535 = CARTESIAN_POINT('',(48.9853,-78.3593));
#3536 = CARTESIAN_POINT('',(49.115203810568,-78.5843));
#3537 = CARTESIAN_POINT('',(49.245107621135,-78.8093));
#3538 = CARTESIAN_POINT('',(48.9853,-78.8093));
#3539 = ( GEOMETRIC_REPRESENTATION_CONTEXT(2) 
PARAMETRIC_REPRESENTATION_CONTEXT() REPRESENTATION_CONTEXT('2D SPACE',''
  ) );
#3540 = PCURVE('',#3541,#3546);
#3541 = CYLINDRICAL_SURFACE('',#3542,0.15);
#3542 = AXIS2_PLACEMENT_3D('',#3543,#3544,#3545);
#3543 = CARTESIAN_POINT('',(48.9853,-78.6593,9.E-03));
#3544 = DIRECTION('',(0.,0.,-1.));
#3545 = DIRECTION('',(4.736951571734E-14,-1.,0.));
#3546 = DEFINITIONAL_REPRESENTATION('',(#3547),#3551);
#3547 = LINE('',#3548,#3549);
#3548 = CARTESIAN_POINT('',(0.,-3.6E-02));
#3549 = VECTOR('',#3550,1.);
#3550 = DIRECTION('',(1.,0.));
#3551 = ( GEOMETRIC_REPRESENTATION_CONTEXT(2) 
PARAMETRIC_REPRESENTATION_CONTEXT() REPRESENTATION_CONTEXT('2D SPACE',''
  ) );
#3552 = FACE_BOUND('',#3553,.F.);
#3553 = EDGE_LOOP('',(#3554));
#3554 = ORIENTED_EDGE('',*,*,#3555,.T.);
#3555 = EDGE_CURVE('',#3556,#3556,#3558,.T.);
#3556 = VERTEX_POINT('',#3557);
#3557 = CARTESIAN_POINT('',(51.,-82.15,4.5E-02));
#3558 = SURFACE_CURVE('',#3559,(#3564,#3575),.PCURVE_S1.);
#3559 = CIRCLE('',#3560,0.15);
#3560 = AXIS2_PLACEMENT_3D('',#3561,#3562,#3563);
#3561 = CARTESIAN_POINT('',(51.,-82.,4.5E-02));
#3562 = DIRECTION('',(-0.,-0.,-1.));
#3563 = DIRECTION('',(0.,-1.,0.));
#3564 = PCURVE('',#132,#3565);
#3565 = DEFINITIONAL_REPRESENTATION('',(#3566),#3574);
#3566 = ( BOUNDED_CURVE() B_SPLINE_CURVE(2,(#3567,#3568,#3569,#3570,
#3571,#3572,#3573),.UNSPECIFIED.,.T.,.F.) B_SPLINE_CURVE_WITH_KNOTS((1,2
    ,2,2,2,1),(-2.094395102393,0.,2.094395102393,4.188790204786,
6.28318530718,8.377580409573),.UNSPECIFIED.) CURVE() 
GEOMETRIC_REPRESENTATION_ITEM() RATIONAL_B_SPLINE_CURVE((1.,0.5,1.,0.5,
1.,0.5,1.)) REPRESENTATION_ITEM('') );
#3567 = CARTESIAN_POINT('',(51.,-82.15));
#3568 = CARTESIAN_POINT('',(50.740192378865,-82.15));
#3569 = CARTESIAN_POINT('',(50.870096189432,-81.925));
#3570 = CARTESIAN_POINT('',(51.,-81.7));
#3571 = CARTESIAN_POINT('',(51.129903810568,-81.925));
#3572 = CARTESIAN_POINT('',(51.259807621135,-82.15));
#3573 = CARTESIAN_POINT('',(51.,-82.15));
#3574 = ( GEOMETRIC_REPRESENTATION_CONTEXT(2) 
PARAMETRIC_REPRESENTATION_CONTEXT() REPRESENTATION_CONTEXT('2D SPACE',''
  ) );
#3575 = PCURVE('',#3576,#3581);
#3576 = CYLINDRICAL_SURFACE('',#3577,0.15);
#3577 = AXIS2_PLACEMENT_3D('',#3578,#3579,#3580);
#3578 = CARTESIAN_POINT('',(51.,-82.,9.E-03));
#3579 = DIRECTION('',(-0.,-0.,-1.));
#3580 = DIRECTION('',(0.,-1.,0.));
#3581 = DEFINITIONAL_REPRESENTATION('',(#3582),#3586);
#3582 = LINE('',#3583,#3584);
#3583 = CARTESIAN_POINT('',(0.,-3.6E-02));
#3584 = VECTOR('',#3585,1.);
#3585 = DIRECTION('',(1.,0.));
#3586 = ( GEOMETRIC_REPRESENTATION_CONTEXT(2) 
PARAMETRIC_REPRESENTATION_CONTEXT() REPRESENTATION_CONTEXT('2D SPACE',''
  ) );
#3587 = FACE_BOUND('',#3588,.F.);
#3588 = EDGE_LOOP('',(#3589));
#3589 = ORIENTED_EDGE('',*,*,#3590,.T.);
#3590 = EDGE_CURVE('',#3591,#3591,#3593,.T.);
#3591 = VERTEX_POINT('',#3592);
#3592 = CARTESIAN_POINT('',(36.9395,-63.2231,4.5E-02));
#3593 = SURFACE_CURVE('',#3594,(#3599,#3610),.PCURVE_S1.);
#3594 = CIRCLE('',#3595,0.15);
#3595 = AXIS2_PLACEMENT_3D('',#3596,#3597,#3598);
#3596 = CARTESIAN_POINT('',(36.9395,-63.0731,4.5E-02));
#3597 = DIRECTION('',(0.,-0.,-1.));
#3598 = DIRECTION('',(4.736951571734E-14,-1.,0.));
#3599 = PCURVE('',#132,#3600);
#3600 = DEFINITIONAL_REPRESENTATION('',(#3601),#3609);
#3601 = ( BOUNDED_CURVE() B_SPLINE_CURVE(2,(#3602,#3603,#3604,#3605,
#3606,#3607,#3608),.UNSPECIFIED.,.T.,.F.) B_SPLINE_CURVE_WITH_KNOTS((1,2
    ,2,2,2,1),(-2.094395102393,0.,2.094395102393,4.188790204786,
6.28318530718,8.377580409573),.UNSPECIFIED.) CURVE() 
GEOMETRIC_REPRESENTATION_ITEM() RATIONAL_B_SPLINE_CURVE((1.,0.5,1.,0.5,
1.,0.5,1.)) REPRESENTATION_ITEM('') );
#3602 = CARTESIAN_POINT('',(36.9395,-63.2231));
#3603 = CARTESIAN_POINT('',(36.679692378865,-63.2231));
#3604 = CARTESIAN_POINT('',(36.809596189432,-62.9981));
#3605 = CARTESIAN_POINT('',(36.9395,-62.7731));
#3606 = CARTESIAN_POINT('',(37.069403810568,-62.9981));
#3607 = CARTESIAN_POINT('',(37.199307621135,-63.2231));
#3608 = CARTESIAN_POINT('',(36.9395,-63.2231));
#3609 = ( GEOMETRIC_REPRESENTATION_CONTEXT(2) 
PARAMETRIC_REPRESENTATION_CONTEXT() REPRESENTATION_CONTEXT('2D SPACE',''
  ) );
#3610 = PCURVE('',#3611,#3616);
#3611 = CYLINDRICAL_SURFACE('',#3612,0.15);
#3612 = AXIS2_PLACEMENT_3D('',#3613,#3614,#3615);
#3613 = CARTESIAN_POINT('',(36.9395,-63.0731,9.E-03));
#3614 = DIRECTION('',(0.,0.,-1.));
#3615 = DIRECTION('',(4.736951571734E-14,-1.,0.));
#3616 = DEFINITIONAL_REPRESENTATION('',(#3617),#3621);
#3617 = LINE('',#3618,#3619);
#3618 = CARTESIAN_POINT('',(0.,-3.6E-02));
#3619 = VECTOR('',#3620,1.);
#3620 = DIRECTION('',(1.,0.));
#3621 = ( GEOMETRIC_REPRESENTATION_CONTEXT(2) 
PARAMETRIC_REPRESENTATION_CONTEXT() REPRESENTATION_CONTEXT('2D SPACE',''
  ) );
#3622 = FACE_BOUND('',#3623,.F.);
#3623 = EDGE_LOOP('',(#3624));
#3624 = ORIENTED_EDGE('',*,*,#3625,.T.);
#3625 = EDGE_CURVE('',#3626,#3626,#3628,.T.);
#3626 = VERTEX_POINT('',#3627);
#3627 = CARTESIAN_POINT('',(39.3455,-64.15,4.5E-02));
#3628 = SURFACE_CURVE('',#3629,(#3634,#3645),.PCURVE_S1.);
#3629 = CIRCLE('',#3630,0.15);
#3630 = AXIS2_PLACEMENT_3D('',#3631,#3632,#3633);
#3631 = CARTESIAN_POINT('',(39.3455,-64.,4.5E-02));
#3632 = DIRECTION('',(-0.,-0.,-1.));
#3633 = DIRECTION('',(0.,-1.,0.));
#3634 = PCURVE('',#132,#3635);
#3635 = DEFINITIONAL_REPRESENTATION('',(#3636),#3644);
#3636 = ( BOUNDED_CURVE() B_SPLINE_CURVE(2,(#3637,#3638,#3639,#3640,
#3641,#3642,#3643),.UNSPECIFIED.,.T.,.F.) B_SPLINE_CURVE_WITH_KNOTS((1,2
    ,2,2,2,1),(-2.094395102393,0.,2.094395102393,4.188790204786,
6.28318530718,8.377580409573),.UNSPECIFIED.) CURVE() 
GEOMETRIC_REPRESENTATION_ITEM() RATIONAL_B_SPLINE_CURVE((1.,0.5,1.,0.5,
1.,0.5,1.)) REPRESENTATION_ITEM('') );
#3637 = CARTESIAN_POINT('',(39.3455,-64.15));
#3638 = CARTESIAN_POINT('',(39.085692378865,-64.15));
#3639 = CARTESIAN_POINT('',(39.215596189432,-63.925));
#3640 = CARTESIAN_POINT('',(39.3455,-63.7));
#3641 = CARTESIAN_POINT('',(39.475403810568,-63.925));
#3642 = CARTESIAN_POINT('',(39.605307621135,-64.15));
#3643 = CARTESIAN_POINT('',(39.3455,-64.15));
#3644 = ( GEOMETRIC_REPRESENTATION_CONTEXT(2) 
PARAMETRIC_REPRESENTATION_CONTEXT() REPRESENTATION_CONTEXT('2D SPACE',''
  ) );
#3645 = PCURVE('',#3646,#3651);
#3646 = CYLINDRICAL_SURFACE('',#3647,0.15);
#3647 = AXIS2_PLACEMENT_3D('',#3648,#3649,#3650);
#3648 = CARTESIAN_POINT('',(39.3455,-64.,9.E-03));
#3649 = DIRECTION('',(-0.,-0.,-1.));
#3650 = DIRECTION('',(0.,-1.,0.));
#3651 = DEFINITIONAL_REPRESENTATION('',(#3652),#3656);
#3652 = LINE('',#3653,#3654);
#3653 = CARTESIAN_POINT('',(0.,-3.6E-02));
#3654 = VECTOR('',#3655,1.);
#3655 = DIRECTION('',(1.,0.));
#3656 = ( GEOMETRIC_REPRESENTATION_CONTEXT(2) 
PARAMETRIC_REPRESENTATION_CONTEXT() REPRESENTATION_CONTEXT('2D SPACE',''
  ) );
#3657 = FACE_BOUND('',#3658,.F.);
#3658 = EDGE_LOOP('',(#3659));
#3659 = ORIENTED_EDGE('',*,*,#3660,.T.);
#3660 = EDGE_CURVE('',#3661,#3661,#3663,.T.);
#3661 = VERTEX_POINT('',#3662);
#3662 = CARTESIAN_POINT('',(48.8377,-71.694,4.5E-02));
#3663 = SURFACE_CURVE('',#3664,(#3669,#3680),.PCURVE_S1.);
#3664 = CIRCLE('',#3665,0.15);
#3665 = AXIS2_PLACEMENT_3D('',#3666,#3667,#3668);
#3666 = CARTESIAN_POINT('',(48.8377,-71.544,4.5E-02));
#3667 = DIRECTION('',(-0.,-0.,-1.));
#3668 = DIRECTION('',(0.,-1.,0.));
#3669 = PCURVE('',#132,#3670);
#3670 = DEFINITIONAL_REPRESENTATION('',(#3671),#3679);
#3671 = ( BOUNDED_CURVE() B_SPLINE_CURVE(2,(#3672,#3673,#3674,#3675,
#3676,#3677,#3678),.UNSPECIFIED.,.T.,.F.) B_SPLINE_CURVE_WITH_KNOTS((1,2
    ,2,2,2,1),(-2.094395102393,0.,2.094395102393,4.188790204786,
6.28318530718,8.377580409573),.UNSPECIFIED.) CURVE() 
GEOMETRIC_REPRESENTATION_ITEM() RATIONAL_B_SPLINE_CURVE((1.,0.5,1.,0.5,
1.,0.5,1.)) REPRESENTATION_ITEM('') );
#3672 = CARTESIAN_POINT('',(48.8377,-71.694));
#3673 = CARTESIAN_POINT('',(48.577892378865,-71.694));
#3674 = CARTESIAN_POINT('',(48.707796189432,-71.469));
#3675 = CARTESIAN_POINT('',(48.8377,-71.244));
#3676 = CARTESIAN_POINT('',(48.967603810568,-71.469));
#3677 = CARTESIAN_POINT('',(49.097507621135,-71.694));
#3678 = CARTESIAN_POINT('',(48.8377,-71.694));
#3679 = ( GEOMETRIC_REPRESENTATION_CONTEXT(2) 
PARAMETRIC_REPRESENTATION_CONTEXT() REPRESENTATION_CONTEXT('2D SPACE',''
  ) );
#3680 = PCURVE('',#3681,#3686);
#3681 = CYLINDRICAL_SURFACE('',#3682,0.15);
#3682 = AXIS2_PLACEMENT_3D('',#3683,#3684,#3685);
#3683 = CARTESIAN_POINT('',(48.8377,-71.544,9.E-03));
#3684 = DIRECTION('',(-0.,-0.,-1.));
#3685 = DIRECTION('',(0.,-1.,0.));
#3686 = DEFINITIONAL_REPRESENTATION('',(#3687),#3691);
#3687 = LINE('',#3688,#3689);
#3688 = CARTESIAN_POINT('',(0.,-3.6E-02));
#3689 = VECTOR('',#3690,1.);
#3690 = DIRECTION('',(1.,0.));
#3691 = ( GEOMETRIC_REPRESENTATION_CONTEXT(2) 
PARAMETRIC_REPRESENTATION_CONTEXT() REPRESENTATION_CONTEXT('2D SPACE',''
  ) );
#3692 = FACE_BOUND('',#3693,.F.);
#3693 = EDGE_LOOP('',(#3694));
#3694 = ORIENTED_EDGE('',*,*,#3695,.T.);
#3695 = EDGE_CURVE('',#3696,#3696,#3698,.T.);
#3696 = VERTEX_POINT('',#3697);
#3697 = CARTESIAN_POINT('',(48.1359,-67.9869,4.5E-02));
#3698 = SURFACE_CURVE('',#3699,(#3704,#3715),.PCURVE_S1.);
#3699 = CIRCLE('',#3700,0.15);
#3700 = AXIS2_PLACEMENT_3D('',#3701,#3702,#3703);
#3701 = CARTESIAN_POINT('',(48.1359,-67.8369,4.5E-02));
#3702 = DIRECTION('',(-0.,-0.,-1.));
#3703 = DIRECTION('',(0.,-1.,0.));
#3704 = PCURVE('',#132,#3705);
#3705 = DEFINITIONAL_REPRESENTATION('',(#3706),#3714);
#3706 = ( BOUNDED_CURVE() B_SPLINE_CURVE(2,(#3707,#3708,#3709,#3710,
#3711,#3712,#3713),.UNSPECIFIED.,.T.,.F.) B_SPLINE_CURVE_WITH_KNOTS((1,2
    ,2,2,2,1),(-2.094395102393,0.,2.094395102393,4.188790204786,
6.28318530718,8.377580409573),.UNSPECIFIED.) CURVE() 
GEOMETRIC_REPRESENTATION_ITEM() RATIONAL_B_SPLINE_CURVE((1.,0.5,1.,0.5,
1.,0.5,1.)) REPRESENTATION_ITEM('') );
#3707 = CARTESIAN_POINT('',(48.1359,-67.9869));
#3708 = CARTESIAN_POINT('',(47.876092378865,-67.9869));
#3709 = CARTESIAN_POINT('',(48.005996189432,-67.7619));
#3710 = CARTESIAN_POINT('',(48.1359,-67.5369));
#3711 = CARTESIAN_POINT('',(48.265803810568,-67.7619));
#3712 = CARTESIAN_POINT('',(48.395707621135,-67.9869));
#3713 = CARTESIAN_POINT('',(48.1359,-67.9869));
#3714 = ( GEOMETRIC_REPRESENTATION_CONTEXT(2) 
PARAMETRIC_REPRESENTATION_CONTEXT() REPRESENTATION_CONTEXT('2D SPACE',''
  ) );
#3715 = PCURVE('',#3716,#3721);
#3716 = CYLINDRICAL_SURFACE('',#3717,0.15);
#3717 = AXIS2_PLACEMENT_3D('',#3718,#3719,#3720);
#3718 = CARTESIAN_POINT('',(48.1359,-67.8369,9.E-03));
#3719 = DIRECTION('',(-0.,-0.,-1.));
#3720 = DIRECTION('',(0.,-1.,0.));
#3721 = DEFINITIONAL_REPRESENTATION('',(#3722),#3726);
#3722 = LINE('',#3723,#3724);
#3723 = CARTESIAN_POINT('',(0.,-3.6E-02));
#3724 = VECTOR('',#3725,1.);
#3725 = DIRECTION('',(1.,0.));
#3726 = ( GEOMETRIC_REPRESENTATION_CONTEXT(2) 
PARAMETRIC_REPRESENTATION_CONTEXT() REPRESENTATION_CONTEXT('2D SPACE',''
  ) );
#3727 = FACE_BOUND('',#3728,.F.);
#3728 = EDGE_LOOP('',(#3729));
#3729 = ORIENTED_EDGE('',*,*,#3730,.T.);
#3730 = EDGE_CURVE('',#3731,#3731,#3733,.T.);
#3731 = VERTEX_POINT('',#3732);
#3732 = CARTESIAN_POINT('',(48.1359,-64.4474,4.5E-02));
#3733 = SURFACE_CURVE('',#3734,(#3739,#3750),.PCURVE_S1.);
#3734 = CIRCLE('',#3735,0.15);
#3735 = AXIS2_PLACEMENT_3D('',#3736,#3737,#3738);
#3736 = CARTESIAN_POINT('',(48.1359,-64.2974,4.5E-02));
#3737 = DIRECTION('',(-0.,-0.,-1.));
#3738 = DIRECTION('',(0.,-1.,0.));
#3739 = PCURVE('',#132,#3740);
#3740 = DEFINITIONAL_REPRESENTATION('',(#3741),#3749);
#3741 = ( BOUNDED_CURVE() B_SPLINE_CURVE(2,(#3742,#3743,#3744,#3745,
#3746,#3747,#3748),.UNSPECIFIED.,.T.,.F.) B_SPLINE_CURVE_WITH_KNOTS((1,2
    ,2,2,2,1),(-2.094395102393,0.,2.094395102393,4.188790204786,
6.28318530718,8.377580409573),.UNSPECIFIED.) CURVE() 
GEOMETRIC_REPRESENTATION_ITEM() RATIONAL_B_SPLINE_CURVE((1.,0.5,1.,0.5,
1.,0.5,1.)) REPRESENTATION_ITEM('') );
#3742 = CARTESIAN_POINT('',(48.1359,-64.4474));
#3743 = CARTESIAN_POINT('',(47.876092378865,-64.4474));
#3744 = CARTESIAN_POINT('',(48.005996189432,-64.2224));
#3745 = CARTESIAN_POINT('',(48.1359,-63.9974));
#3746 = CARTESIAN_POINT('',(48.265803810568,-64.2224));
#3747 = CARTESIAN_POINT('',(48.395707621135,-64.4474));
#3748 = CARTESIAN_POINT('',(48.1359,-64.4474));
#3749 = ( GEOMETRIC_REPRESENTATION_CONTEXT(2) 
PARAMETRIC_REPRESENTATION_CONTEXT() REPRESENTATION_CONTEXT('2D SPACE',''
  ) );
#3750 = PCURVE('',#3751,#3756);
#3751 = CYLINDRICAL_SURFACE('',#3752,0.15);
#3752 = AXIS2_PLACEMENT_3D('',#3753,#3754,#3755);
#3753 = CARTESIAN_POINT('',(48.1359,-64.2974,9.E-03));
#3754 = DIRECTION('',(-0.,-0.,-1.));
#3755 = DIRECTION('',(0.,-1.,0.));
#3756 = DEFINITIONAL_REPRESENTATION('',(#3757),#3761);
#3757 = LINE('',#3758,#3759);
#3758 = CARTESIAN_POINT('',(0.,-3.6E-02));
#3759 = VECTOR('',#3760,1.);
#3760 = DIRECTION('',(1.,0.));
#3761 = ( GEOMETRIC_REPRESENTATION_CONTEXT(2) 
PARAMETRIC_REPRESENTATION_CONTEXT() REPRESENTATION_CONTEXT('2D SPACE',''
  ) );
#3762 = FACE_BOUND('',#3763,.F.);
#3763 = EDGE_LOOP('',(#3764));
#3764 = ORIENTED_EDGE('',*,*,#3765,.T.);
#3765 = EDGE_CURVE('',#3766,#3766,#3768,.T.);
#3766 = VERTEX_POINT('',#3767);
#3767 = CARTESIAN_POINT('',(48.3884,-61.51,4.5E-02));
#3768 = SURFACE_CURVE('',#3769,(#3774,#3785),.PCURVE_S1.);
#3769 = CIRCLE('',#3770,0.15);
#3770 = AXIS2_PLACEMENT_3D('',#3771,#3772,#3773);
#3771 = CARTESIAN_POINT('',(48.3884,-61.36,4.5E-02));
#3772 = DIRECTION('',(-0.,0.,-1.));
#3773 = DIRECTION('',(-4.736951571734E-14,-1.,0.));
#3774 = PCURVE('',#132,#3775);
#3775 = DEFINITIONAL_REPRESENTATION('',(#3776),#3784);
#3776 = ( BOUNDED_CURVE() B_SPLINE_CURVE(2,(#3777,#3778,#3779,#3780,
#3781,#3782,#3783),.UNSPECIFIED.,.T.,.F.) B_SPLINE_CURVE_WITH_KNOTS((1,2
    ,2,2,2,1),(-2.094395102393,0.,2.094395102393,4.188790204786,
6.28318530718,8.377580409573),.UNSPECIFIED.) CURVE() 
GEOMETRIC_REPRESENTATION_ITEM() RATIONAL_B_SPLINE_CURVE((1.,0.5,1.,0.5,
1.,0.5,1.)) REPRESENTATION_ITEM('') );
#3777 = CARTESIAN_POINT('',(48.3884,-61.51));
#3778 = CARTESIAN_POINT('',(48.128592378865,-61.51));
#3779 = CARTESIAN_POINT('',(48.258496189432,-61.285));
#3780 = CARTESIAN_POINT('',(48.3884,-61.06));
#3781 = CARTESIAN_POINT('',(48.518303810568,-61.285));
#3782 = CARTESIAN_POINT('',(48.648207621135,-61.51));
#3783 = CARTESIAN_POINT('',(48.3884,-61.51));
#3784 = ( GEOMETRIC_REPRESENTATION_CONTEXT(2) 
PARAMETRIC_REPRESENTATION_CONTEXT() REPRESENTATION_CONTEXT('2D SPACE',''
  ) );
#3785 = PCURVE('',#3786,#3791);
#3786 = CYLINDRICAL_SURFACE('',#3787,0.15);
#3787 = AXIS2_PLACEMENT_3D('',#3788,#3789,#3790);
#3788 = CARTESIAN_POINT('',(48.3884,-61.36,9.E-03));
#3789 = DIRECTION('',(-0.,-0.,-1.));
#3790 = DIRECTION('',(-4.736951571734E-14,-1.,0.));
#3791 = DEFINITIONAL_REPRESENTATION('',(#3792),#3796);
#3792 = LINE('',#3793,#3794);
#3793 = CARTESIAN_POINT('',(0.,-3.6E-02));
#3794 = VECTOR('',#3795,1.);
#3795 = DIRECTION('',(1.,0.));
#3796 = ( GEOMETRIC_REPRESENTATION_CONTEXT(2) 
PARAMETRIC_REPRESENTATION_CONTEXT() REPRESENTATION_CONTEXT('2D SPACE',''
  ) );
#3797 = FACE_BOUND('',#3798,.F.);
#3798 = EDGE_LOOP('',(#3799));
#3799 = ORIENTED_EDGE('',*,*,#3800,.T.);
#3800 = EDGE_CURVE('',#3801,#3801,#3803,.T.);
#3801 = VERTEX_POINT('',#3802);
#3802 = CARTESIAN_POINT('',(14.0495,-53.8229,4.5E-02));
#3803 = SURFACE_CURVE('',#3804,(#3809,#3820),.PCURVE_S1.);
#3804 = CIRCLE('',#3805,0.15);
#3805 = AXIS2_PLACEMENT_3D('',#3806,#3807,#3808);
#3806 = CARTESIAN_POINT('',(14.0495,-53.6729,4.5E-02));
#3807 = DIRECTION('',(-0.,-0.,-1.));
#3808 = DIRECTION('',(0.,-1.,0.));
#3809 = PCURVE('',#132,#3810);
#3810 = DEFINITIONAL_REPRESENTATION('',(#3811),#3819);
#3811 = ( BOUNDED_CURVE() B_SPLINE_CURVE(2,(#3812,#3813,#3814,#3815,
#3816,#3817,#3818),.UNSPECIFIED.,.T.,.F.) B_SPLINE_CURVE_WITH_KNOTS((1,2
    ,2,2,2,1),(-2.094395102393,0.,2.094395102393,4.188790204786,
6.28318530718,8.377580409573),.UNSPECIFIED.) CURVE() 
GEOMETRIC_REPRESENTATION_ITEM() RATIONAL_B_SPLINE_CURVE((1.,0.5,1.,0.5,
1.,0.5,1.)) REPRESENTATION_ITEM('') );
#3812 = CARTESIAN_POINT('',(14.0495,-53.8229));
#3813 = CARTESIAN_POINT('',(13.789692378865,-53.8229));
#3814 = CARTESIAN_POINT('',(13.919596189432,-53.5979));
#3815 = CARTESIAN_POINT('',(14.0495,-53.3729));
#3816 = CARTESIAN_POINT('',(14.179403810568,-53.5979));
#3817 = CARTESIAN_POINT('',(14.309307621135,-53.8229));
#3818 = CARTESIAN_POINT('',(14.0495,-53.8229));
#3819 = ( GEOMETRIC_REPRESENTATION_CONTEXT(2) 
PARAMETRIC_REPRESENTATION_CONTEXT() REPRESENTATION_CONTEXT('2D SPACE',''
  ) );
#3820 = PCURVE('',#3821,#3826);
#3821 = CYLINDRICAL_SURFACE('',#3822,0.15);
#3822 = AXIS2_PLACEMENT_3D('',#3823,#3824,#3825);
#3823 = CARTESIAN_POINT('',(14.0495,-53.6729,9.E-03));
#3824 = DIRECTION('',(-0.,-0.,-1.));
#3825 = DIRECTION('',(0.,-1.,0.));
#3826 = DEFINITIONAL_REPRESENTATION('',(#3827),#3831);
#3827 = LINE('',#3828,#3829);
#3828 = CARTESIAN_POINT('',(0.,-3.6E-02));
#3829 = VECTOR('',#3830,1.);
#3830 = DIRECTION('',(1.,0.));
#3831 = ( GEOMETRIC_REPRESENTATION_CONTEXT(2) 
PARAMETRIC_REPRESENTATION_CONTEXT() REPRESENTATION_CONTEXT('2D SPACE',''
  ) );
#3832 = FACE_BOUND('',#3833,.F.);
#3833 = EDGE_LOOP('',(#3834));
#3834 = ORIENTED_EDGE('',*,*,#3835,.T.);
#3835 = EDGE_CURVE('',#3836,#3836,#3838,.T.);
#3836 = VERTEX_POINT('',#3837);
#3837 = CARTESIAN_POINT('',(16.4318,-51.7874,4.5E-02));
#3838 = SURFACE_CURVE('',#3839,(#3844,#3855),.PCURVE_S1.);
#3839 = CIRCLE('',#3840,0.15);
#3840 = AXIS2_PLACEMENT_3D('',#3841,#3842,#3843);
#3841 = CARTESIAN_POINT('',(16.4318,-51.6374,4.5E-02));
#3842 = DIRECTION('',(-0.,0.,-1.));
#3843 = DIRECTION('',(-2.368475785867E-14,-1.,0.));
#3844 = PCURVE('',#132,#3845);
#3845 = DEFINITIONAL_REPRESENTATION('',(#3846),#3854);
#3846 = ( BOUNDED_CURVE() B_SPLINE_CURVE(2,(#3847,#3848,#3849,#3850,
#3851,#3852,#3853),.UNSPECIFIED.,.T.,.F.) B_SPLINE_CURVE_WITH_KNOTS((1,2
    ,2,2,2,1),(-2.094395102393,0.,2.094395102393,4.188790204786,
6.28318530718,8.377580409573),.UNSPECIFIED.) CURVE() 
GEOMETRIC_REPRESENTATION_ITEM() RATIONAL_B_SPLINE_CURVE((1.,0.5,1.,0.5,
1.,0.5,1.)) REPRESENTATION_ITEM('') );
#3847 = CARTESIAN_POINT('',(16.4318,-51.7874));
#3848 = CARTESIAN_POINT('',(16.171992378865,-51.7874));
#3849 = CARTESIAN_POINT('',(16.301896189432,-51.5624));
#3850 = CARTESIAN_POINT('',(16.4318,-51.3374));
#3851 = CARTESIAN_POINT('',(16.561703810568,-51.5624));
#3852 = CARTESIAN_POINT('',(16.691607621135,-51.7874));
#3853 = CARTESIAN_POINT('',(16.4318,-51.7874));
#3854 = ( GEOMETRIC_REPRESENTATION_CONTEXT(2) 
PARAMETRIC_REPRESENTATION_CONTEXT() REPRESENTATION_CONTEXT('2D SPACE',''
  ) );
#3855 = PCURVE('',#3856,#3861);
#3856 = CYLINDRICAL_SURFACE('',#3857,0.15);
#3857 = AXIS2_PLACEMENT_3D('',#3858,#3859,#3860);
#3858 = CARTESIAN_POINT('',(16.4318,-51.6374,9.E-03));
#3859 = DIRECTION('',(-0.,-0.,-1.));
#3860 = DIRECTION('',(-2.368475785867E-14,-1.,0.));
#3861 = DEFINITIONAL_REPRESENTATION('',(#3862),#3866);
#3862 = LINE('',#3863,#3864);
#3863 = CARTESIAN_POINT('',(0.,-3.6E-02));
#3864 = VECTOR('',#3865,1.);
#3865 = DIRECTION('',(1.,0.));
#3866 = ( GEOMETRIC_REPRESENTATION_CONTEXT(2) 
PARAMETRIC_REPRESENTATION_CONTEXT() REPRESENTATION_CONTEXT('2D SPACE',''
  ) );
#3867 = FACE_BOUND('',#3868,.F.);
#3868 = EDGE_LOOP('',(#3869));
#3869 = ORIENTED_EDGE('',*,*,#3870,.T.);
#3870 = EDGE_CURVE('',#3871,#3871,#3873,.T.);
#3871 = VERTEX_POINT('',#3872);
#3872 = CARTESIAN_POINT('',(10.8348,-46.0223,4.5E-02));
#3873 = SURFACE_CURVE('',#3874,(#3879,#3890),.PCURVE_S1.);
#3874 = CIRCLE('',#3875,0.15);
#3875 = AXIS2_PLACEMENT_3D('',#3876,#3877,#3878);
#3876 = CARTESIAN_POINT('',(10.8348,-45.8723,4.5E-02));
#3877 = DIRECTION('',(-0.,-0.,-1.));
#3878 = DIRECTION('',(0.,-1.,0.));
#3879 = PCURVE('',#132,#3880);
#3880 = DEFINITIONAL_REPRESENTATION('',(#3881),#3889);
#3881 = ( BOUNDED_CURVE() B_SPLINE_CURVE(2,(#3882,#3883,#3884,#3885,
#3886,#3887,#3888),.UNSPECIFIED.,.T.,.F.) B_SPLINE_CURVE_WITH_KNOTS((1,2
    ,2,2,2,1),(-2.094395102393,0.,2.094395102393,4.188790204786,
6.28318530718,8.377580409573),.UNSPECIFIED.) CURVE() 
GEOMETRIC_REPRESENTATION_ITEM() RATIONAL_B_SPLINE_CURVE((1.,0.5,1.,0.5,
1.,0.5,1.)) REPRESENTATION_ITEM('') );
#3882 = CARTESIAN_POINT('',(10.8348,-46.0223));
#3883 = CARTESIAN_POINT('',(10.574992378865,-46.0223));
#3884 = CARTESIAN_POINT('',(10.704896189432,-45.7973));
#3885 = CARTESIAN_POINT('',(10.8348,-45.5723));
#3886 = CARTESIAN_POINT('',(10.964703810568,-45.7973));
#3887 = CARTESIAN_POINT('',(11.094607621135,-46.0223));
#3888 = CARTESIAN_POINT('',(10.8348,-46.0223));
#3889 = ( GEOMETRIC_REPRESENTATION_CONTEXT(2) 
PARAMETRIC_REPRESENTATION_CONTEXT() REPRESENTATION_CONTEXT('2D SPACE',''
  ) );
#3890 = PCURVE('',#3891,#3896);
#3891 = CYLINDRICAL_SURFACE('',#3892,0.15);
#3892 = AXIS2_PLACEMENT_3D('',#3893,#3894,#3895);
#3893 = CARTESIAN_POINT('',(10.8348,-45.8723,9.E-03));
#3894 = DIRECTION('',(-0.,-0.,-1.));
#3895 = DIRECTION('',(0.,-1.,0.));
#3896 = DEFINITIONAL_REPRESENTATION('',(#3897),#3901);
#3897 = LINE('',#3898,#3899);
#3898 = CARTESIAN_POINT('',(0.,-3.6E-02));
#3899 = VECTOR('',#3900,1.);
#3900 = DIRECTION('',(1.,0.));
#3901 = ( GEOMETRIC_REPRESENTATION_CONTEXT(2) 
PARAMETRIC_REPRESENTATION_CONTEXT() REPRESENTATION_CONTEXT('2D SPACE',''
  ) );
#3902 = FACE_BOUND('',#3903,.F.);
#3903 = EDGE_LOOP('',(#3904));
#3904 = ORIENTED_EDGE('',*,*,#3905,.T.);
#3905 = EDGE_CURVE('',#3906,#3906,#3908,.T.);
#3906 = VERTEX_POINT('',#3907);
#3907 = CARTESIAN_POINT('',(38.1893,-54.4156,4.5E-02));
#3908 = SURFACE_CURVE('',#3909,(#3914,#3925),.PCURVE_S1.);
#3909 = CIRCLE('',#3910,0.15);
#3910 = AXIS2_PLACEMENT_3D('',#3911,#3912,#3913);
#3911 = CARTESIAN_POINT('',(38.1893,-54.2656,4.5E-02));
#3912 = DIRECTION('',(-0.,-0.,-1.));
#3913 = DIRECTION('',(0.,-1.,0.));
#3914 = PCURVE('',#132,#3915);
#3915 = DEFINITIONAL_REPRESENTATION('',(#3916),#3924);
#3916 = ( BOUNDED_CURVE() B_SPLINE_CURVE(2,(#3917,#3918,#3919,#3920,
#3921,#3922,#3923),.UNSPECIFIED.,.T.,.F.) B_SPLINE_CURVE_WITH_KNOTS((1,2
    ,2,2,2,1),(-2.094395102393,0.,2.094395102393,4.188790204786,
6.28318530718,8.377580409573),.UNSPECIFIED.) CURVE() 
GEOMETRIC_REPRESENTATION_ITEM() RATIONAL_B_SPLINE_CURVE((1.,0.5,1.,0.5,
1.,0.5,1.)) REPRESENTATION_ITEM('') );
#3917 = CARTESIAN_POINT('',(38.1893,-54.4156));
#3918 = CARTESIAN_POINT('',(37.929492378865,-54.4156));
#3919 = CARTESIAN_POINT('',(38.059396189432,-54.1906));
#3920 = CARTESIAN_POINT('',(38.1893,-53.9656));
#3921 = CARTESIAN_POINT('',(38.319203810568,-54.1906));
#3922 = CARTESIAN_POINT('',(38.449107621135,-54.4156));
#3923 = CARTESIAN_POINT('',(38.1893,-54.4156));
#3924 = ( GEOMETRIC_REPRESENTATION_CONTEXT(2) 
PARAMETRIC_REPRESENTATION_CONTEXT() REPRESENTATION_CONTEXT('2D SPACE',''
  ) );
#3925 = PCURVE('',#3926,#3931);
#3926 = CYLINDRICAL_SURFACE('',#3927,0.15);
#3927 = AXIS2_PLACEMENT_3D('',#3928,#3929,#3930);
#3928 = CARTESIAN_POINT('',(38.1893,-54.2656,9.E-03));
#3929 = DIRECTION('',(-0.,-0.,-1.));
#3930 = DIRECTION('',(0.,-1.,0.));
#3931 = DEFINITIONAL_REPRESENTATION('',(#3932),#3936);
#3932 = LINE('',#3933,#3934);
#3933 = CARTESIAN_POINT('',(0.,-3.6E-02));
#3934 = VECTOR('',#3935,1.);
#3935 = DIRECTION('',(1.,0.));
#3936 = ( GEOMETRIC_REPRESENTATION_CONTEXT(2) 
PARAMETRIC_REPRESENTATION_CONTEXT() REPRESENTATION_CONTEXT('2D SPACE',''
  ) );
#3937 = FACE_BOUND('',#3938,.F.);
#3938 = EDGE_LOOP('',(#3939));
#3939 = ORIENTED_EDGE('',*,*,#3940,.T.);
#3940 = EDGE_CURVE('',#3941,#3941,#3943,.T.);
#3941 = VERTEX_POINT('',#3942);
#3942 = CARTESIAN_POINT('',(34.3262,-45.3138,4.5E-02));
#3943 = SURFACE_CURVE('',#3944,(#3949,#3960),.PCURVE_S1.);
#3944 = CIRCLE('',#3945,0.15);
#3945 = AXIS2_PLACEMENT_3D('',#3946,#3947,#3948);
#3946 = CARTESIAN_POINT('',(34.3262,-45.1638,4.5E-02));
#3947 = DIRECTION('',(-0.,-0.,-1.));
#3948 = DIRECTION('',(0.,-1.,0.));
#3949 = PCURVE('',#132,#3950);
#3950 = DEFINITIONAL_REPRESENTATION('',(#3951),#3959);
#3951 = ( BOUNDED_CURVE() B_SPLINE_CURVE(2,(#3952,#3953,#3954,#3955,
#3956,#3957,#3958),.UNSPECIFIED.,.T.,.F.) B_SPLINE_CURVE_WITH_KNOTS((1,2
    ,2,2,2,1),(-2.094395102393,0.,2.094395102393,4.188790204786,
6.28318530718,8.377580409573),.UNSPECIFIED.) CURVE() 
GEOMETRIC_REPRESENTATION_ITEM() RATIONAL_B_SPLINE_CURVE((1.,0.5,1.,0.5,
1.,0.5,1.)) REPRESENTATION_ITEM('') );
#3952 = CARTESIAN_POINT('',(34.3262,-45.3138));
#3953 = CARTESIAN_POINT('',(34.066392378865,-45.3138));
#3954 = CARTESIAN_POINT('',(34.196296189432,-45.0888));
#3955 = CARTESIAN_POINT('',(34.3262,-44.8638));
#3956 = CARTESIAN_POINT('',(34.456103810568,-45.0888));
#3957 = CARTESIAN_POINT('',(34.586007621135,-45.3138));
#3958 = CARTESIAN_POINT('',(34.3262,-45.3138));
#3959 = ( GEOMETRIC_REPRESENTATION_CONTEXT(2) 
PARAMETRIC_REPRESENTATION_CONTEXT() REPRESENTATION_CONTEXT('2D SPACE',''
  ) );
#3960 = PCURVE('',#3961,#3966);
#3961 = CYLINDRICAL_SURFACE('',#3962,0.15);
#3962 = AXIS2_PLACEMENT_3D('',#3963,#3964,#3965);
#3963 = CARTESIAN_POINT('',(34.3262,-45.1638,9.E-03));
#3964 = DIRECTION('',(-0.,-0.,-1.));
#3965 = DIRECTION('',(0.,-1.,0.));
#3966 = DEFINITIONAL_REPRESENTATION('',(#3967),#3971);
#3967 = LINE('',#3968,#3969);
#3968 = CARTESIAN_POINT('',(0.,-3.6E-02));
#3969 = VECTOR('',#3970,1.);
#3970 = DIRECTION('',(1.,0.));
#3971 = ( GEOMETRIC_REPRESENTATION_CONTEXT(2) 
PARAMETRIC_REPRESENTATION_CONTEXT() REPRESENTATION_CONTEXT('2D SPACE',''
  ) );
#3972 = FACE_BOUND('',#3973,.F.);
#3973 = EDGE_LOOP('',(#3974));
#3974 = ORIENTED_EDGE('',*,*,#3975,.T.);
#3975 = EDGE_CURVE('',#3976,#3976,#3978,.T.);
#3976 = VERTEX_POINT('',#3977);
#3977 = CARTESIAN_POINT('',(33.4854,-39.7146,4.5E-02));
#3978 = SURFACE_CURVE('',#3979,(#3984,#3995),.PCURVE_S1.);
#3979 = CIRCLE('',#3980,0.15);
#3980 = AXIS2_PLACEMENT_3D('',#3981,#3982,#3983);
#3981 = CARTESIAN_POINT('',(33.4854,-39.5646,4.5E-02));
#3982 = DIRECTION('',(-0.,-0.,-1.));
#3983 = DIRECTION('',(0.,-1.,0.));
#3984 = PCURVE('',#132,#3985);
#3985 = DEFINITIONAL_REPRESENTATION('',(#3986),#3994);
#3986 = ( BOUNDED_CURVE() B_SPLINE_CURVE(2,(#3987,#3988,#3989,#3990,
#3991,#3992,#3993),.UNSPECIFIED.,.T.,.F.) B_SPLINE_CURVE_WITH_KNOTS((1,2
    ,2,2,2,1),(-2.094395102393,0.,2.094395102393,4.188790204786,
6.28318530718,8.377580409573),.UNSPECIFIED.) CURVE() 
GEOMETRIC_REPRESENTATION_ITEM() RATIONAL_B_SPLINE_CURVE((1.,0.5,1.,0.5,
1.,0.5,1.)) REPRESENTATION_ITEM('') );
#3987 = CARTESIAN_POINT('',(33.4854,-39.7146));
#3988 = CARTESIAN_POINT('',(33.225592378865,-39.7146));
#3989 = CARTESIAN_POINT('',(33.355496189432,-39.4896));
#3990 = CARTESIAN_POINT('',(33.4854,-39.2646));
#3991 = CARTESIAN_POINT('',(33.615303810568,-39.4896));
#3992 = CARTESIAN_POINT('',(33.745207621135,-39.7146));
#3993 = CARTESIAN_POINT('',(33.4854,-39.7146));
#3994 = ( GEOMETRIC_REPRESENTATION_CONTEXT(2) 
PARAMETRIC_REPRESENTATION_CONTEXT() REPRESENTATION_CONTEXT('2D SPACE',''
  ) );
#3995 = PCURVE('',#3996,#4001);
#3996 = CYLINDRICAL_SURFACE('',#3997,0.15);
#3997 = AXIS2_PLACEMENT_3D('',#3998,#3999,#4000);
#3998 = CARTESIAN_POINT('',(33.4854,-39.5646,9.E-03));
#3999 = DIRECTION('',(-0.,-0.,-1.));
#4000 = DIRECTION('',(0.,-1.,0.));
#4001 = DEFINITIONAL_REPRESENTATION('',(#4002),#4006);
#4002 = LINE('',#4003,#4004);
#4003 = CARTESIAN_POINT('',(0.,-3.6E-02));
#4004 = VECTOR('',#4005,1.);
#4005 = DIRECTION('',(1.,0.));
#4006 = ( GEOMETRIC_REPRESENTATION_CONTEXT(2) 
PARAMETRIC_REPRESENTATION_CONTEXT() REPRESENTATION_CONTEXT('2D SPACE',''
  ) );
#4007 = FACE_BOUND('',#4008,.F.);
#4008 = EDGE_LOOP('',(#4009));
#4009 = ORIENTED_EDGE('',*,*,#4010,.T.);
#4010 = EDGE_CURVE('',#4011,#4011,#4013,.T.);
#4011 = VERTEX_POINT('',#4012);
#4012 = CARTESIAN_POINT('',(40.2125,-42.1377,4.5E-02));
#4013 = SURFACE_CURVE('',#4014,(#4019,#4030),.PCURVE_S1.);
#4014 = CIRCLE('',#4015,0.15);
#4015 = AXIS2_PLACEMENT_3D('',#4016,#4017,#4018);
#4016 = CARTESIAN_POINT('',(40.2125,-41.9877,4.5E-02));
#4017 = DIRECTION('',(-0.,-0.,-1.));
#4018 = DIRECTION('',(0.,-1.,0.));
#4019 = PCURVE('',#132,#4020);
#4020 = DEFINITIONAL_REPRESENTATION('',(#4021),#4029);
#4021 = ( BOUNDED_CURVE() B_SPLINE_CURVE(2,(#4022,#4023,#4024,#4025,
#4026,#4027,#4028),.UNSPECIFIED.,.T.,.F.) B_SPLINE_CURVE_WITH_KNOTS((1,2
    ,2,2,2,1),(-2.094395102393,0.,2.094395102393,4.188790204786,
6.28318530718,8.377580409573),.UNSPECIFIED.) CURVE() 
GEOMETRIC_REPRESENTATION_ITEM() RATIONAL_B_SPLINE_CURVE((1.,0.5,1.,0.5,
1.,0.5,1.)) REPRESENTATION_ITEM('') );
#4022 = CARTESIAN_POINT('',(40.2125,-42.1377));
#4023 = CARTESIAN_POINT('',(39.952692378865,-42.1377));
#4024 = CARTESIAN_POINT('',(40.082596189432,-41.9127));
#4025 = CARTESIAN_POINT('',(40.2125,-41.6877));
#4026 = CARTESIAN_POINT('',(40.342403810568,-41.9127));
#4027 = CARTESIAN_POINT('',(40.472307621135,-42.1377));
#4028 = CARTESIAN_POINT('',(40.2125,-42.1377));
#4029 = ( GEOMETRIC_REPRESENTATION_CONTEXT(2) 
PARAMETRIC_REPRESENTATION_CONTEXT() REPRESENTATION_CONTEXT('2D SPACE',''
  ) );
#4030 = PCURVE('',#4031,#4036);
#4031 = CYLINDRICAL_SURFACE('',#4032,0.15);
#4032 = AXIS2_PLACEMENT_3D('',#4033,#4034,#4035);
#4033 = CARTESIAN_POINT('',(40.2125,-41.9877,9.E-03));
#4034 = DIRECTION('',(-0.,-0.,-1.));
#4035 = DIRECTION('',(0.,-1.,0.));
#4036 = DEFINITIONAL_REPRESENTATION('',(#4037),#4041);
#4037 = LINE('',#4038,#4039);
#4038 = CARTESIAN_POINT('',(0.,-3.6E-02));
#4039 = VECTOR('',#4040,1.);
#4040 = DIRECTION('',(1.,0.));
#4041 = ( GEOMETRIC_REPRESENTATION_CONTEXT(2) 
PARAMETRIC_REPRESENTATION_CONTEXT() REPRESENTATION_CONTEXT('2D SPACE',''
  ) );
#4042 = FACE_BOUND('',#4043,.F.);
#4043 = EDGE_LOOP('',(#4044));
#4044 = ORIENTED_EDGE('',*,*,#4045,.T.);
#4045 = EDGE_CURVE('',#4046,#4046,#4048,.T.);
#4046 = VERTEX_POINT('',#4047);
#4047 = CARTESIAN_POINT('',(48.7837,-51.85,4.5E-02));
#4048 = SURFACE_CURVE('',#4049,(#4054,#4065),.PCURVE_S1.);
#4049 = CIRCLE('',#4050,0.15);
#4050 = AXIS2_PLACEMENT_3D('',#4051,#4052,#4053);
#4051 = CARTESIAN_POINT('',(48.7837,-51.7,4.5E-02));
#4052 = DIRECTION('',(0.,-0.,-1.));
#4053 = DIRECTION('',(4.736951571734E-14,-1.,0.));
#4054 = PCURVE('',#132,#4055);
#4055 = DEFINITIONAL_REPRESENTATION('',(#4056),#4064);
#4056 = ( BOUNDED_CURVE() B_SPLINE_CURVE(2,(#4057,#4058,#4059,#4060,
#4061,#4062,#4063),.UNSPECIFIED.,.T.,.F.) B_SPLINE_CURVE_WITH_KNOTS((1,2
    ,2,2,2,1),(-2.094395102393,0.,2.094395102393,4.188790204786,
6.28318530718,8.377580409573),.UNSPECIFIED.) CURVE() 
GEOMETRIC_REPRESENTATION_ITEM() RATIONAL_B_SPLINE_CURVE((1.,0.5,1.,0.5,
1.,0.5,1.)) REPRESENTATION_ITEM('') );
#4057 = CARTESIAN_POINT('',(48.7837,-51.85));
#4058 = CARTESIAN_POINT('',(48.523892378865,-51.85));
#4059 = CARTESIAN_POINT('',(48.653796189432,-51.625));
#4060 = CARTESIAN_POINT('',(48.7837,-51.4));
#4061 = CARTESIAN_POINT('',(48.913603810568,-51.625));
#4062 = CARTESIAN_POINT('',(49.043507621135,-51.85));
#4063 = CARTESIAN_POINT('',(48.7837,-51.85));
#4064 = ( GEOMETRIC_REPRESENTATION_CONTEXT(2) 
PARAMETRIC_REPRESENTATION_CONTEXT() REPRESENTATION_CONTEXT('2D SPACE',''
  ) );
#4065 = PCURVE('',#4066,#4071);
#4066 = CYLINDRICAL_SURFACE('',#4067,0.15);
#4067 = AXIS2_PLACEMENT_3D('',#4068,#4069,#4070);
#4068 = CARTESIAN_POINT('',(48.7837,-51.7,9.E-03));
#4069 = DIRECTION('',(0.,0.,-1.));
#4070 = DIRECTION('',(4.736951571734E-14,-1.,0.));
#4071 = DEFINITIONAL_REPRESENTATION('',(#4072),#4076);
#4072 = LINE('',#4073,#4074);
#4073 = CARTESIAN_POINT('',(0.,-3.6E-02));
#4074 = VECTOR('',#4075,1.);
#4075 = DIRECTION('',(1.,0.));
#4076 = ( GEOMETRIC_REPRESENTATION_CONTEXT(2) 
PARAMETRIC_REPRESENTATION_CONTEXT() REPRESENTATION_CONTEXT('2D SPACE',''
  ) );
#4077 = FACE_BOUND('',#4078,.F.);
#4078 = EDGE_LOOP('',(#4079));
#4079 = ORIENTED_EDGE('',*,*,#4080,.T.);
#4080 = EDGE_CURVE('',#4081,#4081,#4083,.T.);
#4081 = VERTEX_POINT('',#4082);
#4082 = CARTESIAN_POINT('',(50.0967,-49.9408,4.5E-02));
#4083 = SURFACE_CURVE('',#4084,(#4089,#4100),.PCURVE_S1.);
#4084 = CIRCLE('',#4085,0.15);
#4085 = AXIS2_PLACEMENT_3D('',#4086,#4087,#4088);
#4086 = CARTESIAN_POINT('',(50.0967,-49.7908,4.5E-02));
#4087 = DIRECTION('',(-0.,-0.,-1.));
#4088 = DIRECTION('',(0.,-1.,0.));
#4089 = PCURVE('',#132,#4090);
#4090 = DEFINITIONAL_REPRESENTATION('',(#4091),#4099);
#4091 = ( BOUNDED_CURVE() B_SPLINE_CURVE(2,(#4092,#4093,#4094,#4095,
#4096,#4097,#4098),.UNSPECIFIED.,.T.,.F.) B_SPLINE_CURVE_WITH_KNOTS((1,2
    ,2,2,2,1),(-2.094395102393,0.,2.094395102393,4.188790204786,
6.28318530718,8.377580409573),.UNSPECIFIED.) CURVE() 
GEOMETRIC_REPRESENTATION_ITEM() RATIONAL_B_SPLINE_CURVE((1.,0.5,1.,0.5,
1.,0.5,1.)) REPRESENTATION_ITEM('') );
#4092 = CARTESIAN_POINT('',(50.0967,-49.9408));
#4093 = CARTESIAN_POINT('',(49.836892378865,-49.9408));
#4094 = CARTESIAN_POINT('',(49.966796189432,-49.7158));
#4095 = CARTESIAN_POINT('',(50.0967,-49.4908));
#4096 = CARTESIAN_POINT('',(50.226603810568,-49.7158));
#4097 = CARTESIAN_POINT('',(50.356507621135,-49.9408));
#4098 = CARTESIAN_POINT('',(50.0967,-49.9408));
#4099 = ( GEOMETRIC_REPRESENTATION_CONTEXT(2) 
PARAMETRIC_REPRESENTATION_CONTEXT() REPRESENTATION_CONTEXT('2D SPACE',''
  ) );
#4100 = PCURVE('',#4101,#4106);
#4101 = CYLINDRICAL_SURFACE('',#4102,0.15);
#4102 = AXIS2_PLACEMENT_3D('',#4103,#4104,#4105);
#4103 = CARTESIAN_POINT('',(50.0967,-49.7908,9.E-03));
#4104 = DIRECTION('',(-0.,-0.,-1.));
#4105 = DIRECTION('',(0.,-1.,0.));
#4106 = DEFINITIONAL_REPRESENTATION('',(#4107),#4111);
#4107 = LINE('',#4108,#4109);
#4108 = CARTESIAN_POINT('',(0.,-3.6E-02));
#4109 = VECTOR('',#4110,1.);
#4110 = DIRECTION('',(1.,0.));
#4111 = ( GEOMETRIC_REPRESENTATION_CONTEXT(2) 
PARAMETRIC_REPRESENTATION_CONTEXT() REPRESENTATION_CONTEXT('2D SPACE',''
  ) );
#4112 = FACE_BOUND('',#4113,.F.);
#4113 = EDGE_LOOP('',(#4114));
#4114 = ORIENTED_EDGE('',*,*,#4115,.T.);
#4115 = EDGE_CURVE('',#4116,#4116,#4118,.T.);
#4116 = VERTEX_POINT('',#4117);
#4117 = CARTESIAN_POINT('',(51.3008,-47.9608,4.5E-02));
#4118 = SURFACE_CURVE('',#4119,(#4124,#4135),.PCURVE_S1.);
#4119 = CIRCLE('',#4120,0.15);
#4120 = AXIS2_PLACEMENT_3D('',#4121,#4122,#4123);
#4121 = CARTESIAN_POINT('',(51.3008,-47.8108,4.5E-02));
#4122 = DIRECTION('',(0.,-0.,-1.));
#4123 = DIRECTION('',(4.736951571734E-14,-1.,0.));
#4124 = PCURVE('',#132,#4125);
#4125 = DEFINITIONAL_REPRESENTATION('',(#4126),#4134);
#4126 = ( BOUNDED_CURVE() B_SPLINE_CURVE(2,(#4127,#4128,#4129,#4130,
#4131,#4132,#4133),.UNSPECIFIED.,.T.,.F.) B_SPLINE_CURVE_WITH_KNOTS((1,2
    ,2,2,2,1),(-2.094395102393,0.,2.094395102393,4.188790204786,
6.28318530718,8.377580409573),.UNSPECIFIED.) CURVE() 
GEOMETRIC_REPRESENTATION_ITEM() RATIONAL_B_SPLINE_CURVE((1.,0.5,1.,0.5,
1.,0.5,1.)) REPRESENTATION_ITEM('') );
#4127 = CARTESIAN_POINT('',(51.3008,-47.9608));
#4128 = CARTESIAN_POINT('',(51.040992378865,-47.9608));
#4129 = CARTESIAN_POINT('',(51.170896189432,-47.7358));
#4130 = CARTESIAN_POINT('',(51.3008,-47.5108));
#4131 = CARTESIAN_POINT('',(51.430703810568,-47.7358));
#4132 = CARTESIAN_POINT('',(51.560607621135,-47.9608));
#4133 = CARTESIAN_POINT('',(51.3008,-47.9608));
#4134 = ( GEOMETRIC_REPRESENTATION_CONTEXT(2) 
PARAMETRIC_REPRESENTATION_CONTEXT() REPRESENTATION_CONTEXT('2D SPACE',''
  ) );
#4135 = PCURVE('',#4136,#4141);
#4136 = CYLINDRICAL_SURFACE('',#4137,0.15);
#4137 = AXIS2_PLACEMENT_3D('',#4138,#4139,#4140);
#4138 = CARTESIAN_POINT('',(51.3008,-47.8108,9.E-03));
#4139 = DIRECTION('',(0.,0.,-1.));
#4140 = DIRECTION('',(4.736951571734E-14,-1.,0.));
#4141 = DEFINITIONAL_REPRESENTATION('',(#4142),#4146);
#4142 = LINE('',#4143,#4144);
#4143 = CARTESIAN_POINT('',(0.,-3.6E-02));
#4144 = VECTOR('',#4145,1.);
#4145 = DIRECTION('',(1.,0.));
#4146 = ( GEOMETRIC_REPRESENTATION_CONTEXT(2) 
PARAMETRIC_REPRESENTATION_CONTEXT() REPRESENTATION_CONTEXT('2D SPACE',''
  ) );
#4147 = FACE_BOUND('',#4148,.F.);
#4148 = EDGE_LOOP('',(#4149));
#4149 = ORIENTED_EDGE('',*,*,#4150,.T.);
#4150 = EDGE_CURVE('',#4151,#4151,#4153,.T.);
#4151 = VERTEX_POINT('',#4152);
#4152 = CARTESIAN_POINT('',(51.3328,-46.4406,4.5E-02));
#4153 = SURFACE_CURVE('',#4154,(#4159,#4170),.PCURVE_S1.);
#4154 = CIRCLE('',#4155,0.15);
#4155 = AXIS2_PLACEMENT_3D('',#4156,#4157,#4158);
#4156 = CARTESIAN_POINT('',(51.3328,-46.2906,4.5E-02));
#4157 = DIRECTION('',(-0.,-0.,-1.));
#4158 = DIRECTION('',(0.,-1.,0.));
#4159 = PCURVE('',#132,#4160);
#4160 = DEFINITIONAL_REPRESENTATION('',(#4161),#4169);
#4161 = ( BOUNDED_CURVE() B_SPLINE_CURVE(2,(#4162,#4163,#4164,#4165,
#4166,#4167,#4168),.UNSPECIFIED.,.T.,.F.) B_SPLINE_CURVE_WITH_KNOTS((1,2
    ,2,2,2,1),(-2.094395102393,0.,2.094395102393,4.188790204786,
6.28318530718,8.377580409573),.UNSPECIFIED.) CURVE() 
GEOMETRIC_REPRESENTATION_ITEM() RATIONAL_B_SPLINE_CURVE((1.,0.5,1.,0.5,
1.,0.5,1.)) REPRESENTATION_ITEM('') );
#4162 = CARTESIAN_POINT('',(51.3328,-46.4406));
#4163 = CARTESIAN_POINT('',(51.072992378865,-46.4406));
#4164 = CARTESIAN_POINT('',(51.202896189432,-46.2156));
#4165 = CARTESIAN_POINT('',(51.3328,-45.9906));
#4166 = CARTESIAN_POINT('',(51.462703810568,-46.2156));
#4167 = CARTESIAN_POINT('',(51.592607621135,-46.4406));
#4168 = CARTESIAN_POINT('',(51.3328,-46.4406));
#4169 = ( GEOMETRIC_REPRESENTATION_CONTEXT(2) 
PARAMETRIC_REPRESENTATION_CONTEXT() REPRESENTATION_CONTEXT('2D SPACE',''
  ) );
#4170 = PCURVE('',#4171,#4176);
#4171 = CYLINDRICAL_SURFACE('',#4172,0.15);
#4172 = AXIS2_PLACEMENT_3D('',#4173,#4174,#4175);
#4173 = CARTESIAN_POINT('',(51.3328,-46.2906,9.E-03));
#4174 = DIRECTION('',(-0.,-0.,-1.));
#4175 = DIRECTION('',(0.,-1.,0.));
#4176 = DEFINITIONAL_REPRESENTATION('',(#4177),#4181);
#4177 = LINE('',#4178,#4179);
#4178 = CARTESIAN_POINT('',(0.,-3.6E-02));
#4179 = VECTOR('',#4180,1.);
#4180 = DIRECTION('',(1.,0.));
#4181 = ( GEOMETRIC_REPRESENTATION_CONTEXT(2) 
PARAMETRIC_REPRESENTATION_CONTEXT() REPRESENTATION_CONTEXT('2D SPACE',''
  ) );
#4182 = FACE_BOUND('',#4183,.F.);
#4183 = EDGE_LOOP('',(#4184));
#4184 = ORIENTED_EDGE('',*,*,#4185,.T.);
#4185 = EDGE_CURVE('',#4186,#4186,#4188,.T.);
#4186 = VERTEX_POINT('',#4187);
#4187 = CARTESIAN_POINT('',(54.8452,-49.9893,4.5E-02));
#4188 = SURFACE_CURVE('',#4189,(#4194,#4205),.PCURVE_S1.);
#4189 = CIRCLE('',#4190,0.15);
#4190 = AXIS2_PLACEMENT_3D('',#4191,#4192,#4193);
#4191 = CARTESIAN_POINT('',(54.8452,-49.8393,4.5E-02));
#4192 = DIRECTION('',(-0.,-0.,-1.));
#4193 = DIRECTION('',(0.,-1.,0.));
#4194 = PCURVE('',#132,#4195);
#4195 = DEFINITIONAL_REPRESENTATION('',(#4196),#4204);
#4196 = ( BOUNDED_CURVE() B_SPLINE_CURVE(2,(#4197,#4198,#4199,#4200,
#4201,#4202,#4203),.UNSPECIFIED.,.T.,.F.) B_SPLINE_CURVE_WITH_KNOTS((1,2
    ,2,2,2,1),(-2.094395102393,0.,2.094395102393,4.188790204786,
6.28318530718,8.377580409573),.UNSPECIFIED.) CURVE() 
GEOMETRIC_REPRESENTATION_ITEM() RATIONAL_B_SPLINE_CURVE((1.,0.5,1.,0.5,
1.,0.5,1.)) REPRESENTATION_ITEM('') );
#4197 = CARTESIAN_POINT('',(54.8452,-49.9893));
#4198 = CARTESIAN_POINT('',(54.585392378865,-49.9893));
#4199 = CARTESIAN_POINT('',(54.715296189432,-49.7643));
#4200 = CARTESIAN_POINT('',(54.8452,-49.5393));
#4201 = CARTESIAN_POINT('',(54.975103810568,-49.7643));
#4202 = CARTESIAN_POINT('',(55.105007621135,-49.9893));
#4203 = CARTESIAN_POINT('',(54.8452,-49.9893));
#4204 = ( GEOMETRIC_REPRESENTATION_CONTEXT(2) 
PARAMETRIC_REPRESENTATION_CONTEXT() REPRESENTATION_CONTEXT('2D SPACE',''
  ) );
#4205 = PCURVE('',#4206,#4211);
#4206 = CYLINDRICAL_SURFACE('',#4207,0.15);
#4207 = AXIS2_PLACEMENT_3D('',#4208,#4209,#4210);
#4208 = CARTESIAN_POINT('',(54.8452,-49.8393,9.E-03));
#4209 = DIRECTION('',(-0.,-0.,-1.));
#4210 = DIRECTION('',(0.,-1.,0.));
#4211 = DEFINITIONAL_REPRESENTATION('',(#4212),#4216);
#4212 = LINE('',#4213,#4214);
#4213 = CARTESIAN_POINT('',(0.,-3.6E-02));
#4214 = VECTOR('',#4215,1.);
#4215 = DIRECTION('',(1.,0.));
#4216 = ( GEOMETRIC_REPRESENTATION_CONTEXT(2) 
PARAMETRIC_REPRESENTATION_CONTEXT() REPRESENTATION_CONTEXT('2D SPACE',''
  ) );
#4217 = FACE_BOUND('',#4218,.F.);
#4218 = EDGE_LOOP('',(#4219));
#4219 = ORIENTED_EDGE('',*,*,#4220,.T.);
#4220 = EDGE_CURVE('',#4221,#4221,#4223,.T.);
#4221 = VERTEX_POINT('',#4222);
#4222 = CARTESIAN_POINT('',(52.1372,-38.9893,4.5E-02));
#4223 = SURFACE_CURVE('',#4224,(#4229,#4240),.PCURVE_S1.);
#4224 = CIRCLE('',#4225,0.15);
#4225 = AXIS2_PLACEMENT_3D('',#4226,#4227,#4228);
#4226 = CARTESIAN_POINT('',(52.1372,-38.8393,4.5E-02));
#4227 = DIRECTION('',(-0.,-0.,-1.));
#4228 = DIRECTION('',(0.,-1.,0.));
#4229 = PCURVE('',#132,#4230);
#4230 = DEFINITIONAL_REPRESENTATION('',(#4231),#4239);
#4231 = ( BOUNDED_CURVE() B_SPLINE_CURVE(2,(#4232,#4233,#4234,#4235,
#4236,#4237,#4238),.UNSPECIFIED.,.T.,.F.) B_SPLINE_CURVE_WITH_KNOTS((1,2
    ,2,2,2,1),(-2.094395102393,0.,2.094395102393,4.188790204786,
6.28318530718,8.377580409573),.UNSPECIFIED.) CURVE() 
GEOMETRIC_REPRESENTATION_ITEM() RATIONAL_B_SPLINE_CURVE((1.,0.5,1.,0.5,
1.,0.5,1.)) REPRESENTATION_ITEM('') );
#4232 = CARTESIAN_POINT('',(52.1372,-38.9893));
#4233 = CARTESIAN_POINT('',(51.877392378865,-38.9893));
#4234 = CARTESIAN_POINT('',(52.007296189432,-38.7643));
#4235 = CARTESIAN_POINT('',(52.1372,-38.5393));
#4236 = CARTESIAN_POINT('',(52.267103810568,-38.7643));
#4237 = CARTESIAN_POINT('',(52.397007621135,-38.9893));
#4238 = CARTESIAN_POINT('',(52.1372,-38.9893));
#4239 = ( GEOMETRIC_REPRESENTATION_CONTEXT(2) 
PARAMETRIC_REPRESENTATION_CONTEXT() REPRESENTATION_CONTEXT('2D SPACE',''
  ) );
#4240 = PCURVE('',#4241,#4246);
#4241 = CYLINDRICAL_SURFACE('',#4242,0.15);
#4242 = AXIS2_PLACEMENT_3D('',#4243,#4244,#4245);
#4243 = CARTESIAN_POINT('',(52.1372,-38.8393,9.E-03));
#4244 = DIRECTION('',(-0.,-0.,-1.));
#4245 = DIRECTION('',(0.,-1.,0.));
#4246 = DEFINITIONAL_REPRESENTATION('',(#4247),#4251);
#4247 = LINE('',#4248,#4249);
#4248 = CARTESIAN_POINT('',(0.,-3.6E-02));
#4249 = VECTOR('',#4250,1.);
#4250 = DIRECTION('',(1.,0.));
#4251 = ( GEOMETRIC_REPRESENTATION_CONTEXT(2) 
PARAMETRIC_REPRESENTATION_CONTEXT() REPRESENTATION_CONTEXT('2D SPACE',''
  ) );
#4252 = FACE_BOUND('',#4253,.F.);
#4253 = EDGE_LOOP('',(#4254));
#4254 = ORIENTED_EDGE('',*,*,#4255,.T.);
#4255 = EDGE_CURVE('',#4256,#4256,#4258,.T.);
#4256 = VERTEX_POINT('',#4257);
#4257 = CARTESIAN_POINT('',(54.1825,-41.193,4.5E-02));
#4258 = SURFACE_CURVE('',#4259,(#4264,#4275),.PCURVE_S1.);
#4259 = CIRCLE('',#4260,0.15);
#4260 = AXIS2_PLACEMENT_3D('',#4261,#4262,#4263);
#4261 = CARTESIAN_POINT('',(54.1825,-41.043,4.5E-02));
#4262 = DIRECTION('',(-0.,0.,-1.));
#4263 = DIRECTION('',(-4.736951571734E-14,-1.,0.));
#4264 = PCURVE('',#132,#4265);
#4265 = DEFINITIONAL_REPRESENTATION('',(#4266),#4274);
#4266 = ( BOUNDED_CURVE() B_SPLINE_CURVE(2,(#4267,#4268,#4269,#4270,
#4271,#4272,#4273),.UNSPECIFIED.,.T.,.F.) B_SPLINE_CURVE_WITH_KNOTS((1,2
    ,2,2,2,1),(-2.094395102393,0.,2.094395102393,4.188790204786,
6.28318530718,8.377580409573),.UNSPECIFIED.) CURVE() 
GEOMETRIC_REPRESENTATION_ITEM() RATIONAL_B_SPLINE_CURVE((1.,0.5,1.,0.5,
1.,0.5,1.)) REPRESENTATION_ITEM('') );
#4267 = CARTESIAN_POINT('',(54.1825,-41.193));
#4268 = CARTESIAN_POINT('',(53.922692378865,-41.193));
#4269 = CARTESIAN_POINT('',(54.052596189432,-40.968));
#4270 = CARTESIAN_POINT('',(54.1825,-40.743));
#4271 = CARTESIAN_POINT('',(54.312403810568,-40.968));
#4272 = CARTESIAN_POINT('',(54.442307621135,-41.193));
#4273 = CARTESIAN_POINT('',(54.1825,-41.193));
#4274 = ( GEOMETRIC_REPRESENTATION_CONTEXT(2) 
PARAMETRIC_REPRESENTATION_CONTEXT() REPRESENTATION_CONTEXT('2D SPACE',''
  ) );
#4275 = PCURVE('',#4276,#4281);
#4276 = CYLINDRICAL_SURFACE('',#4277,0.15);
#4277 = AXIS2_PLACEMENT_3D('',#4278,#4279,#4280);
#4278 = CARTESIAN_POINT('',(54.1825,-41.043,9.E-03));
#4279 = DIRECTION('',(-0.,-0.,-1.));
#4280 = DIRECTION('',(-4.736951571734E-14,-1.,0.));
#4281 = DEFINITIONAL_REPRESENTATION('',(#4282),#4286);
#4282 = LINE('',#4283,#4284);
#4283 = CARTESIAN_POINT('',(0.,-3.6E-02));
#4284 = VECTOR('',#4285,1.);
#4285 = DIRECTION('',(1.,0.));
#4286 = ( GEOMETRIC_REPRESENTATION_CONTEXT(2) 
PARAMETRIC_REPRESENTATION_CONTEXT() REPRESENTATION_CONTEXT('2D SPACE',''
  ) );
#4287 = FACE_BOUND('',#4288,.F.);
#4288 = EDGE_LOOP('',(#4289));
#4289 = ORIENTED_EDGE('',*,*,#4290,.T.);
#4290 = EDGE_CURVE('',#4291,#4291,#4293,.T.);
#4291 = VERTEX_POINT('',#4292);
#4292 = CARTESIAN_POINT('',(32.662,-36.2577,4.5E-02));
#4293 = SURFACE_CURVE('',#4294,(#4299,#4310),.PCURVE_S1.);
#4294 = CIRCLE('',#4295,0.15);
#4295 = AXIS2_PLACEMENT_3D('',#4296,#4297,#4298);
#4296 = CARTESIAN_POINT('',(32.662,-36.1077,4.5E-02));
#4297 = DIRECTION('',(-0.,-0.,-1.));
#4298 = DIRECTION('',(0.,-1.,0.));
#4299 = PCURVE('',#132,#4300);
#4300 = DEFINITIONAL_REPRESENTATION('',(#4301),#4309);
#4301 = ( BOUNDED_CURVE() B_SPLINE_CURVE(2,(#4302,#4303,#4304,#4305,
#4306,#4307,#4308),.UNSPECIFIED.,.T.,.F.) B_SPLINE_CURVE_WITH_KNOTS((1,2
    ,2,2,2,1),(-2.094395102393,0.,2.094395102393,4.188790204786,
6.28318530718,8.377580409573),.UNSPECIFIED.) CURVE() 
GEOMETRIC_REPRESENTATION_ITEM() RATIONAL_B_SPLINE_CURVE((1.,0.5,1.,0.5,
1.,0.5,1.)) REPRESENTATION_ITEM('') );
#4302 = CARTESIAN_POINT('',(32.662,-36.2577));
#4303 = CARTESIAN_POINT('',(32.402192378865,-36.2577));
#4304 = CARTESIAN_POINT('',(32.532096189432,-36.0327));
#4305 = CARTESIAN_POINT('',(32.662,-35.8077));
#4306 = CARTESIAN_POINT('',(32.791903810568,-36.0327));
#4307 = CARTESIAN_POINT('',(32.921807621135,-36.2577));
#4308 = CARTESIAN_POINT('',(32.662,-36.2577));
#4309 = ( GEOMETRIC_REPRESENTATION_CONTEXT(2) 
PARAMETRIC_REPRESENTATION_CONTEXT() REPRESENTATION_CONTEXT('2D SPACE',''
  ) );
#4310 = PCURVE('',#4311,#4316);
#4311 = CYLINDRICAL_SURFACE('',#4312,0.15);
#4312 = AXIS2_PLACEMENT_3D('',#4313,#4314,#4315);
#4313 = CARTESIAN_POINT('',(32.662,-36.1077,9.E-03));
#4314 = DIRECTION('',(-0.,-0.,-1.));
#4315 = DIRECTION('',(0.,-1.,0.));
#4316 = DEFINITIONAL_REPRESENTATION('',(#4317),#4321);
#4317 = LINE('',#4318,#4319);
#4318 = CARTESIAN_POINT('',(0.,-3.6E-02));
#4319 = VECTOR('',#4320,1.);
#4320 = DIRECTION('',(1.,0.));
#4321 = ( GEOMETRIC_REPRESENTATION_CONTEXT(2) 
PARAMETRIC_REPRESENTATION_CONTEXT() REPRESENTATION_CONTEXT('2D SPACE',''
  ) );
#4322 = FACE_BOUND('',#4323,.F.);
#4323 = EDGE_LOOP('',(#4324));
#4324 = ORIENTED_EDGE('',*,*,#4325,.T.);
#4325 = EDGE_CURVE('',#4326,#4326,#4328,.T.);
#4326 = VERTEX_POINT('',#4327);
#4327 = CARTESIAN_POINT('',(32.67,-35.4652,4.5E-02));
#4328 = SURFACE_CURVE('',#4329,(#4334,#4345),.PCURVE_S1.);
#4329 = CIRCLE('',#4330,0.15);
#4330 = AXIS2_PLACEMENT_3D('',#4331,#4332,#4333);
#4331 = CARTESIAN_POINT('',(32.67,-35.3152,4.5E-02));
#4332 = DIRECTION('',(-0.,-0.,-1.));
#4333 = DIRECTION('',(0.,-1.,0.));
#4334 = PCURVE('',#132,#4335);
#4335 = DEFINITIONAL_REPRESENTATION('',(#4336),#4344);
#4336 = ( BOUNDED_CURVE() B_SPLINE_CURVE(2,(#4337,#4338,#4339,#4340,
#4341,#4342,#4343),.UNSPECIFIED.,.T.,.F.) B_SPLINE_CURVE_WITH_KNOTS((1,2
    ,2,2,2,1),(-2.094395102393,0.,2.094395102393,4.188790204786,
6.28318530718,8.377580409573),.UNSPECIFIED.) CURVE() 
GEOMETRIC_REPRESENTATION_ITEM() RATIONAL_B_SPLINE_CURVE((1.,0.5,1.,0.5,
1.,0.5,1.)) REPRESENTATION_ITEM('') );
#4337 = CARTESIAN_POINT('',(32.67,-35.4652));
#4338 = CARTESIAN_POINT('',(32.410192378865,-35.4652));
#4339 = CARTESIAN_POINT('',(32.540096189432,-35.2402));
#4340 = CARTESIAN_POINT('',(32.67,-35.0152));
#4341 = CARTESIAN_POINT('',(32.799903810568,-35.2402));
#4342 = CARTESIAN_POINT('',(32.929807621135,-35.4652));
#4343 = CARTESIAN_POINT('',(32.67,-35.4652));
#4344 = ( GEOMETRIC_REPRESENTATION_CONTEXT(2) 
PARAMETRIC_REPRESENTATION_CONTEXT() REPRESENTATION_CONTEXT('2D SPACE',''
  ) );
#4345 = PCURVE('',#4346,#4351);
#4346 = CYLINDRICAL_SURFACE('',#4347,0.15);
#4347 = AXIS2_PLACEMENT_3D('',#4348,#4349,#4350);
#4348 = CARTESIAN_POINT('',(32.67,-35.3152,9.E-03));
#4349 = DIRECTION('',(-0.,-0.,-1.));
#4350 = DIRECTION('',(0.,-1.,0.));
#4351 = DEFINITIONAL_REPRESENTATION('',(#4352),#4356);
#4352 = LINE('',#4353,#4354);
#4353 = CARTESIAN_POINT('',(0.,-3.6E-02));
#4354 = VECTOR('',#4355,1.);
#4355 = DIRECTION('',(1.,0.));
#4356 = ( GEOMETRIC_REPRESENTATION_CONTEXT(2) 
PARAMETRIC_REPRESENTATION_CONTEXT() REPRESENTATION_CONTEXT('2D SPACE',''
  ) );
#4357 = FACE_BOUND('',#4358,.F.);
#4358 = EDGE_LOOP('',(#4359));
#4359 = ORIENTED_EDGE('',*,*,#4360,.T.);
#4360 = EDGE_CURVE('',#4361,#4361,#4363,.T.);
#4361 = VERTEX_POINT('',#4362);
#4362 = CARTESIAN_POINT('',(32.6687,-32.3013,4.5E-02));
#4363 = SURFACE_CURVE('',#4364,(#4369,#4380),.PCURVE_S1.);
#4364 = CIRCLE('',#4365,0.15);
#4365 = AXIS2_PLACEMENT_3D('',#4366,#4367,#4368);
#4366 = CARTESIAN_POINT('',(32.6687,-32.1513,4.5E-02));
#4367 = DIRECTION('',(-0.,-0.,-1.));
#4368 = DIRECTION('',(0.,-1.,0.));
#4369 = PCURVE('',#132,#4370);
#4370 = DEFINITIONAL_REPRESENTATION('',(#4371),#4379);
#4371 = ( BOUNDED_CURVE() B_SPLINE_CURVE(2,(#4372,#4373,#4374,#4375,
#4376,#4377,#4378),.UNSPECIFIED.,.T.,.F.) B_SPLINE_CURVE_WITH_KNOTS((1,2
    ,2,2,2,1),(-2.094395102393,0.,2.094395102393,4.188790204786,
6.28318530718,8.377580409573),.UNSPECIFIED.) CURVE() 
GEOMETRIC_REPRESENTATION_ITEM() RATIONAL_B_SPLINE_CURVE((1.,0.5,1.,0.5,
1.,0.5,1.)) REPRESENTATION_ITEM('') );
#4372 = CARTESIAN_POINT('',(32.6687,-32.3013));
#4373 = CARTESIAN_POINT('',(32.408892378865,-32.3013));
#4374 = CARTESIAN_POINT('',(32.538796189432,-32.0763));
#4375 = CARTESIAN_POINT('',(32.6687,-31.8513));
#4376 = CARTESIAN_POINT('',(32.798603810568,-32.0763));
#4377 = CARTESIAN_POINT('',(32.928507621135,-32.3013));
#4378 = CARTESIAN_POINT('',(32.6687,-32.3013));
#4379 = ( GEOMETRIC_REPRESENTATION_CONTEXT(2) 
PARAMETRIC_REPRESENTATION_CONTEXT() REPRESENTATION_CONTEXT('2D SPACE',''
  ) );
#4380 = PCURVE('',#4381,#4386);
#4381 = CYLINDRICAL_SURFACE('',#4382,0.15);
#4382 = AXIS2_PLACEMENT_3D('',#4383,#4384,#4385);
#4383 = CARTESIAN_POINT('',(32.6687,-32.1513,9.E-03));
#4384 = DIRECTION('',(-0.,-0.,-1.));
#4385 = DIRECTION('',(0.,-1.,0.));
#4386 = DEFINITIONAL_REPRESENTATION('',(#4387),#4391);
#4387 = LINE('',#4388,#4389);
#4388 = CARTESIAN_POINT('',(0.,-3.6E-02));
#4389 = VECTOR('',#4390,1.);
#4390 = DIRECTION('',(1.,0.));
#4391 = ( GEOMETRIC_REPRESENTATION_CONTEXT(2) 
PARAMETRIC_REPRESENTATION_CONTEXT() REPRESENTATION_CONTEXT('2D SPACE',''
  ) );
#4392 = FACE_BOUND('',#4393,.F.);
#4393 = EDGE_LOOP('',(#4394));
#4394 = ORIENTED_EDGE('',*,*,#4395,.T.);
#4395 = EDGE_CURVE('',#4396,#4396,#4398,.T.);
#4396 = VERTEX_POINT('',#4397);
#4397 = CARTESIAN_POINT('',(35.8586,-31.2325,4.5E-02));
#4398 = SURFACE_CURVE('',#4399,(#4404,#4415),.PCURVE_S1.);
#4399 = CIRCLE('',#4400,0.15);
#4400 = AXIS2_PLACEMENT_3D('',#4401,#4402,#4403);
#4401 = CARTESIAN_POINT('',(35.8586,-31.0825,4.5E-02));
#4402 = DIRECTION('',(0.,-0.,-1.));
#4403 = DIRECTION('',(4.736951571734E-14,-1.,0.));
#4404 = PCURVE('',#132,#4405);
#4405 = DEFINITIONAL_REPRESENTATION('',(#4406),#4414);
#4406 = ( BOUNDED_CURVE() B_SPLINE_CURVE(2,(#4407,#4408,#4409,#4410,
#4411,#4412,#4413),.UNSPECIFIED.,.T.,.F.) B_SPLINE_CURVE_WITH_KNOTS((1,2
    ,2,2,2,1),(-2.094395102393,0.,2.094395102393,4.188790204786,
6.28318530718,8.377580409573),.UNSPECIFIED.) CURVE() 
GEOMETRIC_REPRESENTATION_ITEM() RATIONAL_B_SPLINE_CURVE((1.,0.5,1.,0.5,
1.,0.5,1.)) REPRESENTATION_ITEM('') );
#4407 = CARTESIAN_POINT('',(35.8586,-31.2325));
#4408 = CARTESIAN_POINT('',(35.598792378865,-31.2325));
#4409 = CARTESIAN_POINT('',(35.728696189432,-31.0075));
#4410 = CARTESIAN_POINT('',(35.8586,-30.7825));
#4411 = CARTESIAN_POINT('',(35.988503810568,-31.0075));
#4412 = CARTESIAN_POINT('',(36.118407621135,-31.2325));
#4413 = CARTESIAN_POINT('',(35.8586,-31.2325));
#4414 = ( GEOMETRIC_REPRESENTATION_CONTEXT(2) 
PARAMETRIC_REPRESENTATION_CONTEXT() REPRESENTATION_CONTEXT('2D SPACE',''
  ) );
#4415 = PCURVE('',#4416,#4421);
#4416 = CYLINDRICAL_SURFACE('',#4417,0.15);
#4417 = AXIS2_PLACEMENT_3D('',#4418,#4419,#4420);
#4418 = CARTESIAN_POINT('',(35.8586,-31.0825,9.E-03));
#4419 = DIRECTION('',(0.,0.,-1.));
#4420 = DIRECTION('',(4.736951571734E-14,-1.,0.));
#4421 = DEFINITIONAL_REPRESENTATION('',(#4422),#4426);
#4422 = LINE('',#4423,#4424);
#4423 = CARTESIAN_POINT('',(0.,-3.6E-02));
#4424 = VECTOR('',#4425,1.);
#4425 = DIRECTION('',(1.,0.));
#4426 = ( GEOMETRIC_REPRESENTATION_CONTEXT(2) 
PARAMETRIC_REPRESENTATION_CONTEXT() REPRESENTATION_CONTEXT('2D SPACE',''
  ) );
#4427 = FACE_BOUND('',#4428,.F.);
#4428 = EDGE_LOOP('',(#4429));
#4429 = ORIENTED_EDGE('',*,*,#4430,.T.);
#4430 = EDGE_CURVE('',#4431,#4431,#4433,.T.);
#4431 = VERTEX_POINT('',#4432);
#4432 = CARTESIAN_POINT('',(41.4176,-36.6824,4.5E-02));
#4433 = SURFACE_CURVE('',#4434,(#4439,#4450),.PCURVE_S1.);
#4434 = CIRCLE('',#4435,0.15);
#4435 = AXIS2_PLACEMENT_3D('',#4436,#4437,#4438);
#4436 = CARTESIAN_POINT('',(41.4176,-36.5324,4.5E-02));
#4437 = DIRECTION('',(-0.,-0.,-1.));
#4438 = DIRECTION('',(0.,-1.,0.));
#4439 = PCURVE('',#132,#4440);
#4440 = DEFINITIONAL_REPRESENTATION('',(#4441),#4449);
#4441 = ( BOUNDED_CURVE() B_SPLINE_CURVE(2,(#4442,#4443,#4444,#4445,
#4446,#4447,#4448),.UNSPECIFIED.,.T.,.F.) B_SPLINE_CURVE_WITH_KNOTS((1,2
    ,2,2,2,1),(-2.094395102393,0.,2.094395102393,4.188790204786,
6.28318530718,8.377580409573),.UNSPECIFIED.) CURVE() 
GEOMETRIC_REPRESENTATION_ITEM() RATIONAL_B_SPLINE_CURVE((1.,0.5,1.,0.5,
1.,0.5,1.)) REPRESENTATION_ITEM('') );
#4442 = CARTESIAN_POINT('',(41.4176,-36.6824));
#4443 = CARTESIAN_POINT('',(41.157792378865,-36.6824));
#4444 = CARTESIAN_POINT('',(41.287696189432,-36.4574));
#4445 = CARTESIAN_POINT('',(41.4176,-36.2324));
#4446 = CARTESIAN_POINT('',(41.547503810568,-36.4574));
#4447 = CARTESIAN_POINT('',(41.677407621135,-36.6824));
#4448 = CARTESIAN_POINT('',(41.4176,-36.6824));
#4449 = ( GEOMETRIC_REPRESENTATION_CONTEXT(2) 
PARAMETRIC_REPRESENTATION_CONTEXT() REPRESENTATION_CONTEXT('2D SPACE',''
  ) );
#4450 = PCURVE('',#4451,#4456);
#4451 = CYLINDRICAL_SURFACE('',#4452,0.15);
#4452 = AXIS2_PLACEMENT_3D('',#4453,#4454,#4455);
#4453 = CARTESIAN_POINT('',(41.4176,-36.5324,9.E-03));
#4454 = DIRECTION('',(-0.,-0.,-1.));
#4455 = DIRECTION('',(0.,-1.,0.));
#4456 = DEFINITIONAL_REPRESENTATION('',(#4457),#4461);
#4457 = LINE('',#4458,#4459);
#4458 = CARTESIAN_POINT('',(0.,-3.6E-02));
#4459 = VECTOR('',#4460,1.);
#4460 = DIRECTION('',(1.,0.));
#4461 = ( GEOMETRIC_REPRESENTATION_CONTEXT(2) 
PARAMETRIC_REPRESENTATION_CONTEXT() REPRESENTATION_CONTEXT('2D SPACE',''
  ) );
#4462 = FACE_BOUND('',#4463,.F.);
#4463 = EDGE_LOOP('',(#4464));
#4464 = ORIENTED_EDGE('',*,*,#4465,.T.);
#4465 = EDGE_CURVE('',#4466,#4466,#4468,.T.);
#4466 = VERTEX_POINT('',#4467);
#4467 = CARTESIAN_POINT('',(38.8167,-32.2,4.5E-02));
#4468 = SURFACE_CURVE('',#4469,(#4474,#4485),.PCURVE_S1.);
#4469 = CIRCLE('',#4470,0.15);
#4470 = AXIS2_PLACEMENT_3D('',#4471,#4472,#4473);
#4471 = CARTESIAN_POINT('',(38.8167,-32.05,4.5E-02));
#4472 = DIRECTION('',(-0.,-0.,-1.));
#4473 = DIRECTION('',(0.,-1.,0.));
#4474 = PCURVE('',#132,#4475);
#4475 = DEFINITIONAL_REPRESENTATION('',(#4476),#4484);
#4476 = ( BOUNDED_CURVE() B_SPLINE_CURVE(2,(#4477,#4478,#4479,#4480,
#4481,#4482,#4483),.UNSPECIFIED.,.T.,.F.) B_SPLINE_CURVE_WITH_KNOTS((1,2
    ,2,2,2,1),(-2.094395102393,0.,2.094395102393,4.188790204786,
6.28318530718,8.377580409573),.UNSPECIFIED.) CURVE() 
GEOMETRIC_REPRESENTATION_ITEM() RATIONAL_B_SPLINE_CURVE((1.,0.5,1.,0.5,
1.,0.5,1.)) REPRESENTATION_ITEM('') );
#4477 = CARTESIAN_POINT('',(38.8167,-32.2));
#4478 = CARTESIAN_POINT('',(38.556892378865,-32.2));
#4479 = CARTESIAN_POINT('',(38.686796189432,-31.975));
#4480 = CARTESIAN_POINT('',(38.8167,-31.75));
#4481 = CARTESIAN_POINT('',(38.946603810568,-31.975));
#4482 = CARTESIAN_POINT('',(39.076507621135,-32.2));
#4483 = CARTESIAN_POINT('',(38.8167,-32.2));
#4484 = ( GEOMETRIC_REPRESENTATION_CONTEXT(2) 
PARAMETRIC_REPRESENTATION_CONTEXT() REPRESENTATION_CONTEXT('2D SPACE',''
  ) );
#4485 = PCURVE('',#4486,#4491);
#4486 = CYLINDRICAL_SURFACE('',#4487,0.15);
#4487 = AXIS2_PLACEMENT_3D('',#4488,#4489,#4490);
#4488 = CARTESIAN_POINT('',(38.8167,-32.05,9.E-03));
#4489 = DIRECTION('',(-0.,-0.,-1.));
#4490 = DIRECTION('',(0.,-1.,0.));
#4491 = DEFINITIONAL_REPRESENTATION('',(#4492),#4496);
#4492 = LINE('',#4493,#4494);
#4493 = CARTESIAN_POINT('',(0.,-3.6E-02));
#4494 = VECTOR('',#4495,1.);
#4495 = DIRECTION('',(1.,0.));
#4496 = ( GEOMETRIC_REPRESENTATION_CONTEXT(2) 
PARAMETRIC_REPRESENTATION_CONTEXT() REPRESENTATION_CONTEXT('2D SPACE',''
  ) );
#4497 = FACE_BOUND('',#4498,.F.);
#4498 = EDGE_LOOP('',(#4499));
#4499 = ORIENTED_EDGE('',*,*,#4500,.T.);
#4500 = EDGE_CURVE('',#4501,#4501,#4503,.T.);
#4501 = VERTEX_POINT('',#4502);
#4502 = CARTESIAN_POINT('',(34.8679,-22.3312,4.5E-02));
#4503 = SURFACE_CURVE('',#4504,(#4509,#4520),.PCURVE_S1.);
#4504 = CIRCLE('',#4505,0.15);
#4505 = AXIS2_PLACEMENT_3D('',#4506,#4507,#4508);
#4506 = CARTESIAN_POINT('',(34.8679,-22.1812,4.5E-02));
#4507 = DIRECTION('',(-0.,-0.,-1.));
#4508 = DIRECTION('',(0.,-1.,0.));
#4509 = PCURVE('',#132,#4510);
#4510 = DEFINITIONAL_REPRESENTATION('',(#4511),#4519);
#4511 = ( BOUNDED_CURVE() B_SPLINE_CURVE(2,(#4512,#4513,#4514,#4515,
#4516,#4517,#4518),.UNSPECIFIED.,.T.,.F.) B_SPLINE_CURVE_WITH_KNOTS((1,2
    ,2,2,2,1),(-2.094395102393,0.,2.094395102393,4.188790204786,
6.28318530718,8.377580409573),.UNSPECIFIED.) CURVE() 
GEOMETRIC_REPRESENTATION_ITEM() RATIONAL_B_SPLINE_CURVE((1.,0.5,1.,0.5,
1.,0.5,1.)) REPRESENTATION_ITEM('') );
#4512 = CARTESIAN_POINT('',(34.8679,-22.3312));
#4513 = CARTESIAN_POINT('',(34.608092378865,-22.3312));
#4514 = CARTESIAN_POINT('',(34.737996189432,-22.1062));
#4515 = CARTESIAN_POINT('',(34.8679,-21.8812));
#4516 = CARTESIAN_POINT('',(34.997803810568,-22.1062));
#4517 = CARTESIAN_POINT('',(35.127707621135,-22.3312));
#4518 = CARTESIAN_POINT('',(34.8679,-22.3312));
#4519 = ( GEOMETRIC_REPRESENTATION_CONTEXT(2) 
PARAMETRIC_REPRESENTATION_CONTEXT() REPRESENTATION_CONTEXT('2D SPACE',''
  ) );
#4520 = PCURVE('',#4521,#4526);
#4521 = CYLINDRICAL_SURFACE('',#4522,0.15);
#4522 = AXIS2_PLACEMENT_3D('',#4523,#4524,#4525);
#4523 = CARTESIAN_POINT('',(34.8679,-22.1812,9.E-03));
#4524 = DIRECTION('',(-0.,-0.,-1.));
#4525 = DIRECTION('',(0.,-1.,0.));
#4526 = DEFINITIONAL_REPRESENTATION('',(#4527),#4531);
#4527 = LINE('',#4528,#4529);
#4528 = CARTESIAN_POINT('',(0.,-3.6E-02));
#4529 = VECTOR('',#4530,1.);
#4530 = DIRECTION('',(1.,0.));
#4531 = ( GEOMETRIC_REPRESENTATION_CONTEXT(2) 
PARAMETRIC_REPRESENTATION_CONTEXT() REPRESENTATION_CONTEXT('2D SPACE',''
  ) );
#4532 = FACE_BOUND('',#4533,.F.);
#4533 = EDGE_LOOP('',(#4534));
#4534 = ORIENTED_EDGE('',*,*,#4535,.T.);
#4535 = EDGE_CURVE('',#4536,#4536,#4538,.T.);
#4536 = VERTEX_POINT('',#4537);
#4537 = CARTESIAN_POINT('',(36.7825,-21.5003,4.5E-02));
#4538 = SURFACE_CURVE('',#4539,(#4544,#4555),.PCURVE_S1.);
#4539 = CIRCLE('',#4540,0.15);
#4540 = AXIS2_PLACEMENT_3D('',#4541,#4542,#4543);
#4541 = CARTESIAN_POINT('',(36.7825,-21.3503,4.5E-02));
#4542 = DIRECTION('',(-0.,-0.,-1.));
#4543 = DIRECTION('',(0.,-1.,0.));
#4544 = PCURVE('',#132,#4545);
#4545 = DEFINITIONAL_REPRESENTATION('',(#4546),#4554);
#4546 = ( BOUNDED_CURVE() B_SPLINE_CURVE(2,(#4547,#4548,#4549,#4550,
#4551,#4552,#4553),.UNSPECIFIED.,.T.,.F.) B_SPLINE_CURVE_WITH_KNOTS((1,2
    ,2,2,2,1),(-2.094395102393,0.,2.094395102393,4.188790204786,
6.28318530718,8.377580409573),.UNSPECIFIED.) CURVE() 
GEOMETRIC_REPRESENTATION_ITEM() RATIONAL_B_SPLINE_CURVE((1.,0.5,1.,0.5,
1.,0.5,1.)) REPRESENTATION_ITEM('') );
#4547 = CARTESIAN_POINT('',(36.7825,-21.5003));
#4548 = CARTESIAN_POINT('',(36.522692378865,-21.5003));
#4549 = CARTESIAN_POINT('',(36.652596189432,-21.2753));
#4550 = CARTESIAN_POINT('',(36.7825,-21.0503));
#4551 = CARTESIAN_POINT('',(36.912403810568,-21.2753));
#4552 = CARTESIAN_POINT('',(37.042307621135,-21.5003));
#4553 = CARTESIAN_POINT('',(36.7825,-21.5003));
#4554 = ( GEOMETRIC_REPRESENTATION_CONTEXT(2) 
PARAMETRIC_REPRESENTATION_CONTEXT() REPRESENTATION_CONTEXT('2D SPACE',''
  ) );
#4555 = PCURVE('',#4556,#4561);
#4556 = CYLINDRICAL_SURFACE('',#4557,0.15);
#4557 = AXIS2_PLACEMENT_3D('',#4558,#4559,#4560);
#4558 = CARTESIAN_POINT('',(36.7825,-21.3503,9.E-03));
#4559 = DIRECTION('',(-0.,-0.,-1.));
#4560 = DIRECTION('',(0.,-1.,0.));
#4561 = DEFINITIONAL_REPRESENTATION('',(#4562),#4566);
#4562 = LINE('',#4563,#4564);
#4563 = CARTESIAN_POINT('',(0.,-3.6E-02));
#4564 = VECTOR('',#4565,1.);
#4565 = DIRECTION('',(1.,0.));
#4566 = ( GEOMETRIC_REPRESENTATION_CONTEXT(2) 
PARAMETRIC_REPRESENTATION_CONTEXT() REPRESENTATION_CONTEXT('2D SPACE',''
  ) );
#4567 = FACE_BOUND('',#4568,.F.);
#4568 = EDGE_LOOP('',(#4569));
#4569 = ORIENTED_EDGE('',*,*,#4570,.T.);
#4570 = EDGE_CURVE('',#4571,#4571,#4573,.T.);
#4571 = VERTEX_POINT('',#4572);
#4572 = CARTESIAN_POINT('',(38.2328,-23.8095,4.5E-02));
#4573 = SURFACE_CURVE('',#4574,(#4579,#4590),.PCURVE_S1.);
#4574 = CIRCLE('',#4575,0.15);
#4575 = AXIS2_PLACEMENT_3D('',#4576,#4577,#4578);
#4576 = CARTESIAN_POINT('',(38.2328,-23.6595,4.5E-02));
#4577 = DIRECTION('',(-0.,-0.,-1.));
#4578 = DIRECTION('',(0.,-1.,0.));
#4579 = PCURVE('',#132,#4580);
#4580 = DEFINITIONAL_REPRESENTATION('',(#4581),#4589);
#4581 = ( BOUNDED_CURVE() B_SPLINE_CURVE(2,(#4582,#4583,#4584,#4585,
#4586,#4587,#4588),.UNSPECIFIED.,.T.,.F.) B_SPLINE_CURVE_WITH_KNOTS((1,2
    ,2,2,2,1),(-2.094395102393,0.,2.094395102393,4.188790204786,
6.28318530718,8.377580409573),.UNSPECIFIED.) CURVE() 
GEOMETRIC_REPRESENTATION_ITEM() RATIONAL_B_SPLINE_CURVE((1.,0.5,1.,0.5,
1.,0.5,1.)) REPRESENTATION_ITEM('') );
#4582 = CARTESIAN_POINT('',(38.2328,-23.8095));
#4583 = CARTESIAN_POINT('',(37.972992378865,-23.8095));
#4584 = CARTESIAN_POINT('',(38.102896189432,-23.5845));
#4585 = CARTESIAN_POINT('',(38.2328,-23.3595));
#4586 = CARTESIAN_POINT('',(38.362703810568,-23.5845));
#4587 = CARTESIAN_POINT('',(38.492607621135,-23.8095));
#4588 = CARTESIAN_POINT('',(38.2328,-23.8095));
#4589 = ( GEOMETRIC_REPRESENTATION_CONTEXT(2) 
PARAMETRIC_REPRESENTATION_CONTEXT() REPRESENTATION_CONTEXT('2D SPACE',''
  ) );
#4590 = PCURVE('',#4591,#4596);
#4591 = CYLINDRICAL_SURFACE('',#4592,0.15);
#4592 = AXIS2_PLACEMENT_3D('',#4593,#4594,#4595);
#4593 = CARTESIAN_POINT('',(38.2328,-23.6595,9.E-03));
#4594 = DIRECTION('',(-0.,-0.,-1.));
#4595 = DIRECTION('',(0.,-1.,0.));
#4596 = DEFINITIONAL_REPRESENTATION('',(#4597),#4601);
#4597 = LINE('',#4598,#4599);
#4598 = CARTESIAN_POINT('',(0.,-3.6E-02));
#4599 = VECTOR('',#4600,1.);
#4600 = DIRECTION('',(1.,0.));
#4601 = ( GEOMETRIC_REPRESENTATION_CONTEXT(2) 
PARAMETRIC_REPRESENTATION_CONTEXT() REPRESENTATION_CONTEXT('2D SPACE',''
  ) );
#4602 = FACE_BOUND('',#4603,.F.);
#4603 = EDGE_LOOP('',(#4604));
#4604 = ORIENTED_EDGE('',*,*,#4605,.T.);
#4605 = EDGE_CURVE('',#4606,#4606,#4608,.T.);
#4606 = VERTEX_POINT('',#4607);
#4607 = CARTESIAN_POINT('',(40.2055,-26.6213,4.5E-02));
#4608 = SURFACE_CURVE('',#4609,(#4614,#4625),.PCURVE_S1.);
#4609 = CIRCLE('',#4610,0.15);
#4610 = AXIS2_PLACEMENT_3D('',#4611,#4612,#4613);
#4611 = CARTESIAN_POINT('',(40.2055,-26.4713,4.5E-02));
#4612 = DIRECTION('',(-0.,-0.,-1.));
#4613 = DIRECTION('',(0.,-1.,0.));
#4614 = PCURVE('',#132,#4615);
#4615 = DEFINITIONAL_REPRESENTATION('',(#4616),#4624);
#4616 = ( BOUNDED_CURVE() B_SPLINE_CURVE(2,(#4617,#4618,#4619,#4620,
#4621,#4622,#4623),.UNSPECIFIED.,.T.,.F.) B_SPLINE_CURVE_WITH_KNOTS((1,2
    ,2,2,2,1),(-2.094395102393,0.,2.094395102393,4.188790204786,
6.28318530718,8.377580409573),.UNSPECIFIED.) CURVE() 
GEOMETRIC_REPRESENTATION_ITEM() RATIONAL_B_SPLINE_CURVE((1.,0.5,1.,0.5,
1.,0.5,1.)) REPRESENTATION_ITEM('') );
#4617 = CARTESIAN_POINT('',(40.2055,-26.6213));
#4618 = CARTESIAN_POINT('',(39.945692378865,-26.6213));
#4619 = CARTESIAN_POINT('',(40.075596189432,-26.3963));
#4620 = CARTESIAN_POINT('',(40.2055,-26.1713));
#4621 = CARTESIAN_POINT('',(40.335403810568,-26.3963));
#4622 = CARTESIAN_POINT('',(40.465307621135,-26.6213));
#4623 = CARTESIAN_POINT('',(40.2055,-26.6213));
#4624 = ( GEOMETRIC_REPRESENTATION_CONTEXT(2) 
PARAMETRIC_REPRESENTATION_CONTEXT() REPRESENTATION_CONTEXT('2D SPACE',''
  ) );
#4625 = PCURVE('',#4626,#4631);
#4626 = CYLINDRICAL_SURFACE('',#4627,0.15);
#4627 = AXIS2_PLACEMENT_3D('',#4628,#4629,#4630);
#4628 = CARTESIAN_POINT('',(40.2055,-26.4713,9.E-03));
#4629 = DIRECTION('',(-0.,-0.,-1.));
#4630 = DIRECTION('',(0.,-1.,0.));
#4631 = DEFINITIONAL_REPRESENTATION('',(#4632),#4636);
#4632 = LINE('',#4633,#4634);
#4633 = CARTESIAN_POINT('',(0.,-3.6E-02));
#4634 = VECTOR('',#4635,1.);
#4635 = DIRECTION('',(1.,0.));
#4636 = ( GEOMETRIC_REPRESENTATION_CONTEXT(2) 
PARAMETRIC_REPRESENTATION_CONTEXT() REPRESENTATION_CONTEXT('2D SPACE',''
  ) );
#4637 = FACE_BOUND('',#4638,.F.);
#4638 = EDGE_LOOP('',(#4639));
#4639 = ORIENTED_EDGE('',*,*,#4640,.T.);
#4640 = EDGE_CURVE('',#4641,#4641,#4643,.T.);
#4641 = VERTEX_POINT('',#4642);
#4642 = CARTESIAN_POINT('',(41.,-26.6176,4.5E-02));
#4643 = SURFACE_CURVE('',#4644,(#4649,#4660),.PCURVE_S1.);
#4644 = CIRCLE('',#4645,0.15);
#4645 = AXIS2_PLACEMENT_3D('',#4646,#4647,#4648);
#4646 = CARTESIAN_POINT('',(41.,-26.4676,4.5E-02));
#4647 = DIRECTION('',(-0.,-0.,-1.));
#4648 = DIRECTION('',(0.,-1.,0.));
#4649 = PCURVE('',#132,#4650);
#4650 = DEFINITIONAL_REPRESENTATION('',(#4651),#4659);
#4651 = ( BOUNDED_CURVE() B_SPLINE_CURVE(2,(#4652,#4653,#4654,#4655,
#4656,#4657,#4658),.UNSPECIFIED.,.T.,.F.) B_SPLINE_CURVE_WITH_KNOTS((1,2
    ,2,2,2,1),(-2.094395102393,0.,2.094395102393,4.188790204786,
6.28318530718,8.377580409573),.UNSPECIFIED.) CURVE() 
GEOMETRIC_REPRESENTATION_ITEM() RATIONAL_B_SPLINE_CURVE((1.,0.5,1.,0.5,
1.,0.5,1.)) REPRESENTATION_ITEM('') );
#4652 = CARTESIAN_POINT('',(41.,-26.6176));
#4653 = CARTESIAN_POINT('',(40.740192378865,-26.6176));
#4654 = CARTESIAN_POINT('',(40.870096189432,-26.3926));
#4655 = CARTESIAN_POINT('',(41.,-26.1676));
#4656 = CARTESIAN_POINT('',(41.129903810568,-26.3926));
#4657 = CARTESIAN_POINT('',(41.259807621135,-26.6176));
#4658 = CARTESIAN_POINT('',(41.,-26.6176));
#4659 = ( GEOMETRIC_REPRESENTATION_CONTEXT(2) 
PARAMETRIC_REPRESENTATION_CONTEXT() REPRESENTATION_CONTEXT('2D SPACE',''
  ) );
#4660 = PCURVE('',#4661,#4666);
#4661 = CYLINDRICAL_SURFACE('',#4662,0.15);
#4662 = AXIS2_PLACEMENT_3D('',#4663,#4664,#4665);
#4663 = CARTESIAN_POINT('',(41.,-26.4676,9.E-03));
#4664 = DIRECTION('',(-0.,-0.,-1.));
#4665 = DIRECTION('',(0.,-1.,0.));
#4666 = DEFINITIONAL_REPRESENTATION('',(#4667),#4671);
#4667 = LINE('',#4668,#4669);
#4668 = CARTESIAN_POINT('',(0.,-3.6E-02));
#4669 = VECTOR('',#4670,1.);
#4670 = DIRECTION('',(1.,0.));
#4671 = ( GEOMETRIC_REPRESENTATION_CONTEXT(2) 
PARAMETRIC_REPRESENTATION_CONTEXT() REPRESENTATION_CONTEXT('2D SPACE',''
  ) );
#4672 = FACE_BOUND('',#4673,.F.);
#4673 = EDGE_LOOP('',(#4674));
#4674 = ORIENTED_EDGE('',*,*,#4675,.T.);
#4675 = EDGE_CURVE('',#4676,#4676,#4678,.T.);
#4676 = VERTEX_POINT('',#4677);
#4677 = CARTESIAN_POINT('',(42.3996,-26.6021,4.5E-02));
#4678 = SURFACE_CURVE('',#4679,(#4684,#4695),.PCURVE_S1.);
#4679 = CIRCLE('',#4680,0.15);
#4680 = AXIS2_PLACEMENT_3D('',#4681,#4682,#4683);
#4681 = CARTESIAN_POINT('',(42.3996,-26.4521,4.5E-02));
#4682 = DIRECTION('',(-0.,-0.,-1.));
#4683 = DIRECTION('',(0.,-1.,0.));
#4684 = PCURVE('',#132,#4685);
#4685 = DEFINITIONAL_REPRESENTATION('',(#4686),#4694);
#4686 = ( BOUNDED_CURVE() B_SPLINE_CURVE(2,(#4687,#4688,#4689,#4690,
#4691,#4692,#4693),.UNSPECIFIED.,.T.,.F.) B_SPLINE_CURVE_WITH_KNOTS((1,2
    ,2,2,2,1),(-2.094395102393,0.,2.094395102393,4.188790204786,
6.28318530718,8.377580409573),.UNSPECIFIED.) CURVE() 
GEOMETRIC_REPRESENTATION_ITEM() RATIONAL_B_SPLINE_CURVE((1.,0.5,1.,0.5,
1.,0.5,1.)) REPRESENTATION_ITEM('') );
#4687 = CARTESIAN_POINT('',(42.3996,-26.6021));
#4688 = CARTESIAN_POINT('',(42.139792378865,-26.6021));
#4689 = CARTESIAN_POINT('',(42.269696189432,-26.3771));
#4690 = CARTESIAN_POINT('',(42.3996,-26.1521));
#4691 = CARTESIAN_POINT('',(42.529503810568,-26.3771));
#4692 = CARTESIAN_POINT('',(42.659407621135,-26.6021));
#4693 = CARTESIAN_POINT('',(42.3996,-26.6021));
#4694 = ( GEOMETRIC_REPRESENTATION_CONTEXT(2) 
PARAMETRIC_REPRESENTATION_CONTEXT() REPRESENTATION_CONTEXT('2D SPACE',''
  ) );
#4695 = PCURVE('',#4696,#4701);
#4696 = CYLINDRICAL_SURFACE('',#4697,0.15);
#4697 = AXIS2_PLACEMENT_3D('',#4698,#4699,#4700);
#4698 = CARTESIAN_POINT('',(42.3996,-26.4521,9.E-03));
#4699 = DIRECTION('',(-0.,-0.,-1.));
#4700 = DIRECTION('',(0.,-1.,0.));
#4701 = DEFINITIONAL_REPRESENTATION('',(#4702),#4706);
#4702 = LINE('',#4703,#4704);
#4703 = CARTESIAN_POINT('',(0.,-3.6E-02));
#4704 = VECTOR('',#4705,1.);
#4705 = DIRECTION('',(1.,0.));
#4706 = ( GEOMETRIC_REPRESENTATION_CONTEXT(2) 
PARAMETRIC_REPRESENTATION_CONTEXT() REPRESENTATION_CONTEXT('2D SPACE',''
  ) );
#4707 = FACE_BOUND('',#4708,.F.);
#4708 = EDGE_LOOP('',(#4709));
#4709 = ORIENTED_EDGE('',*,*,#4710,.T.);
#4710 = EDGE_CURVE('',#4711,#4711,#4713,.T.);
#4711 = VERTEX_POINT('',#4712);
#4712 = CARTESIAN_POINT('',(37.5606,-21.5336,4.5E-02));
#4713 = SURFACE_CURVE('',#4714,(#4719,#4730),.PCURVE_S1.);
#4714 = CIRCLE('',#4715,0.15);
#4715 = AXIS2_PLACEMENT_3D('',#4716,#4717,#4718);
#4716 = CARTESIAN_POINT('',(37.5606,-21.3836,4.5E-02));
#4717 = DIRECTION('',(-0.,-0.,-1.));
#4718 = DIRECTION('',(0.,-1.,0.));
#4719 = PCURVE('',#132,#4720);
#4720 = DEFINITIONAL_REPRESENTATION('',(#4721),#4729);
#4721 = ( BOUNDED_CURVE() B_SPLINE_CURVE(2,(#4722,#4723,#4724,#4725,
#4726,#4727,#4728),.UNSPECIFIED.,.T.,.F.) B_SPLINE_CURVE_WITH_KNOTS((1,2
    ,2,2,2,1),(-2.094395102393,0.,2.094395102393,4.188790204786,
6.28318530718,8.377580409573),.UNSPECIFIED.) CURVE() 
GEOMETRIC_REPRESENTATION_ITEM() RATIONAL_B_SPLINE_CURVE((1.,0.5,1.,0.5,
1.,0.5,1.)) REPRESENTATION_ITEM('') );
#4722 = CARTESIAN_POINT('',(37.5606,-21.5336));
#4723 = CARTESIAN_POINT('',(37.300792378865,-21.5336));
#4724 = CARTESIAN_POINT('',(37.430696189432,-21.3086));
#4725 = CARTESIAN_POINT('',(37.5606,-21.0836));
#4726 = CARTESIAN_POINT('',(37.690503810568,-21.3086));
#4727 = CARTESIAN_POINT('',(37.820407621135,-21.5336));
#4728 = CARTESIAN_POINT('',(37.5606,-21.5336));
#4729 = ( GEOMETRIC_REPRESENTATION_CONTEXT(2) 
PARAMETRIC_REPRESENTATION_CONTEXT() REPRESENTATION_CONTEXT('2D SPACE',''
  ) );
#4730 = PCURVE('',#4731,#4736);
#4731 = CYLINDRICAL_SURFACE('',#4732,0.15);
#4732 = AXIS2_PLACEMENT_3D('',#4733,#4734,#4735);
#4733 = CARTESIAN_POINT('',(37.5606,-21.3836,9.E-03));
#4734 = DIRECTION('',(-0.,-0.,-1.));
#4735 = DIRECTION('',(0.,-1.,0.));
#4736 = DEFINITIONAL_REPRESENTATION('',(#4737),#4741);
#4737 = LINE('',#4738,#4739);
#4738 = CARTESIAN_POINT('',(0.,-3.6E-02));
#4739 = VECTOR('',#4740,1.);
#4740 = DIRECTION('',(1.,0.));
#4741 = ( GEOMETRIC_REPRESENTATION_CONTEXT(2) 
PARAMETRIC_REPRESENTATION_CONTEXT() REPRESENTATION_CONTEXT('2D SPACE',''
  ) );
#4742 = FACE_BOUND('',#4743,.F.);
#4743 = EDGE_LOOP('',(#4744));
#4744 = ORIENTED_EDGE('',*,*,#4745,.T.);
#4745 = EDGE_CURVE('',#4746,#4746,#4748,.T.);
#4746 = VERTEX_POINT('',#4747);
#4747 = CARTESIAN_POINT('',(41.8419,-21.6158,4.5E-02));
#4748 = SURFACE_CURVE('',#4749,(#4754,#4765),.PCURVE_S1.);
#4749 = CIRCLE('',#4750,0.15);
#4750 = AXIS2_PLACEMENT_3D('',#4751,#4752,#4753);
#4751 = CARTESIAN_POINT('',(41.8419,-21.4658,4.5E-02));
#4752 = DIRECTION('',(0.,-0.,-1.));
#4753 = DIRECTION('',(4.736951571734E-14,-1.,0.));
#4754 = PCURVE('',#132,#4755);
#4755 = DEFINITIONAL_REPRESENTATION('',(#4756),#4764);
#4756 = ( BOUNDED_CURVE() B_SPLINE_CURVE(2,(#4757,#4758,#4759,#4760,
#4761,#4762,#4763),.UNSPECIFIED.,.T.,.F.) B_SPLINE_CURVE_WITH_KNOTS((1,2
    ,2,2,2,1),(-2.094395102393,0.,2.094395102393,4.188790204786,
6.28318530718,8.377580409573),.UNSPECIFIED.) CURVE() 
GEOMETRIC_REPRESENTATION_ITEM() RATIONAL_B_SPLINE_CURVE((1.,0.5,1.,0.5,
1.,0.5,1.)) REPRESENTATION_ITEM('') );
#4757 = CARTESIAN_POINT('',(41.8419,-21.6158));
#4758 = CARTESIAN_POINT('',(41.582092378865,-21.6158));
#4759 = CARTESIAN_POINT('',(41.711996189432,-21.3908));
#4760 = CARTESIAN_POINT('',(41.8419,-21.1658));
#4761 = CARTESIAN_POINT('',(41.971803810568,-21.3908));
#4762 = CARTESIAN_POINT('',(42.101707621135,-21.6158));
#4763 = CARTESIAN_POINT('',(41.8419,-21.6158));
#4764 = ( GEOMETRIC_REPRESENTATION_CONTEXT(2) 
PARAMETRIC_REPRESENTATION_CONTEXT() REPRESENTATION_CONTEXT('2D SPACE',''
  ) );
#4765 = PCURVE('',#4766,#4771);
#4766 = CYLINDRICAL_SURFACE('',#4767,0.15);
#4767 = AXIS2_PLACEMENT_3D('',#4768,#4769,#4770);
#4768 = CARTESIAN_POINT('',(41.8419,-21.4658,9.E-03));
#4769 = DIRECTION('',(0.,0.,-1.));
#4770 = DIRECTION('',(4.736951571734E-14,-1.,0.));
#4771 = DEFINITIONAL_REPRESENTATION('',(#4772),#4776);
#4772 = LINE('',#4773,#4774);
#4773 = CARTESIAN_POINT('',(0.,-3.6E-02));
#4774 = VECTOR('',#4775,1.);
#4775 = DIRECTION('',(1.,0.));
#4776 = ( GEOMETRIC_REPRESENTATION_CONTEXT(2) 
PARAMETRIC_REPRESENTATION_CONTEXT() REPRESENTATION_CONTEXT('2D SPACE',''
  ) );
#4777 = FACE_BOUND('',#4778,.F.);
#4778 = EDGE_LOOP('',(#4779));
#4779 = ORIENTED_EDGE('',*,*,#4780,.T.);
#4780 = EDGE_CURVE('',#4781,#4781,#4783,.T.);
#4781 = VERTEX_POINT('',#4782);
#4782 = CARTESIAN_POINT('',(44.,-31.2378,4.5E-02));
#4783 = SURFACE_CURVE('',#4784,(#4789,#4800),.PCURVE_S1.);
#4784 = CIRCLE('',#4785,0.15);
#4785 = AXIS2_PLACEMENT_3D('',#4786,#4787,#4788);
#4786 = CARTESIAN_POINT('',(44.,-31.0878,4.5E-02));
#4787 = DIRECTION('',(-0.,-0.,-1.));
#4788 = DIRECTION('',(0.,-1.,0.));
#4789 = PCURVE('',#132,#4790);
#4790 = DEFINITIONAL_REPRESENTATION('',(#4791),#4799);
#4791 = ( BOUNDED_CURVE() B_SPLINE_CURVE(2,(#4792,#4793,#4794,#4795,
#4796,#4797,#4798),.UNSPECIFIED.,.T.,.F.) B_SPLINE_CURVE_WITH_KNOTS((1,2
    ,2,2,2,1),(-2.094395102393,0.,2.094395102393,4.188790204786,
6.28318530718,8.377580409573),.UNSPECIFIED.) CURVE() 
GEOMETRIC_REPRESENTATION_ITEM() RATIONAL_B_SPLINE_CURVE((1.,0.5,1.,0.5,
1.,0.5,1.)) REPRESENTATION_ITEM('') );
#4792 = CARTESIAN_POINT('',(44.,-31.2378));
#4793 = CARTESIAN_POINT('',(43.740192378865,-31.2378));
#4794 = CARTESIAN_POINT('',(43.870096189432,-31.0128));
#4795 = CARTESIAN_POINT('',(44.,-30.7878));
#4796 = CARTESIAN_POINT('',(44.129903810568,-31.0128));
#4797 = CARTESIAN_POINT('',(44.259807621135,-31.2378));
#4798 = CARTESIAN_POINT('',(44.,-31.2378));
#4799 = ( GEOMETRIC_REPRESENTATION_CONTEXT(2) 
PARAMETRIC_REPRESENTATION_CONTEXT() REPRESENTATION_CONTEXT('2D SPACE',''
  ) );
#4800 = PCURVE('',#4801,#4806);
#4801 = CYLINDRICAL_SURFACE('',#4802,0.15);
#4802 = AXIS2_PLACEMENT_3D('',#4803,#4804,#4805);
#4803 = CARTESIAN_POINT('',(44.,-31.0878,9.E-03));
#4804 = DIRECTION('',(-0.,-0.,-1.));
#4805 = DIRECTION('',(0.,-1.,0.));
#4806 = DEFINITIONAL_REPRESENTATION('',(#4807),#4811);
#4807 = LINE('',#4808,#4809);
#4808 = CARTESIAN_POINT('',(0.,-3.6E-02));
#4809 = VECTOR('',#4810,1.);
#4810 = DIRECTION('',(1.,0.));
#4811 = ( GEOMETRIC_REPRESENTATION_CONTEXT(2) 
PARAMETRIC_REPRESENTATION_CONTEXT() REPRESENTATION_CONTEXT('2D SPACE',''
  ) );
#4812 = FACE_BOUND('',#4813,.F.);
#4813 = EDGE_LOOP('',(#4814));
#4814 = ORIENTED_EDGE('',*,*,#4815,.T.);
#4815 = EDGE_CURVE('',#4816,#4816,#4818,.T.);
#4816 = VERTEX_POINT('',#4817);
#4817 = CARTESIAN_POINT('',(46.6424,-31.828,4.5E-02));
#4818 = SURFACE_CURVE('',#4819,(#4824,#4835),.PCURVE_S1.);
#4819 = CIRCLE('',#4820,0.15);
#4820 = AXIS2_PLACEMENT_3D('',#4821,#4822,#4823);
#4821 = CARTESIAN_POINT('',(46.6424,-31.678,4.5E-02));
#4822 = DIRECTION('',(-0.,-0.,-1.));
#4823 = DIRECTION('',(0.,-1.,0.));
#4824 = PCURVE('',#132,#4825);
#4825 = DEFINITIONAL_REPRESENTATION('',(#4826),#4834);
#4826 = ( BOUNDED_CURVE() B_SPLINE_CURVE(2,(#4827,#4828,#4829,#4830,
#4831,#4832,#4833),.UNSPECIFIED.,.T.,.F.) B_SPLINE_CURVE_WITH_KNOTS((1,2
    ,2,2,2,1),(-2.094395102393,0.,2.094395102393,4.188790204786,
6.28318530718,8.377580409573),.UNSPECIFIED.) CURVE() 
GEOMETRIC_REPRESENTATION_ITEM() RATIONAL_B_SPLINE_CURVE((1.,0.5,1.,0.5,
1.,0.5,1.)) REPRESENTATION_ITEM('') );
#4827 = CARTESIAN_POINT('',(46.6424,-31.828));
#4828 = CARTESIAN_POINT('',(46.382592378865,-31.828));
#4829 = CARTESIAN_POINT('',(46.512496189432,-31.603));
#4830 = CARTESIAN_POINT('',(46.6424,-31.378));
#4831 = CARTESIAN_POINT('',(46.772303810568,-31.603));
#4832 = CARTESIAN_POINT('',(46.902207621135,-31.828));
#4833 = CARTESIAN_POINT('',(46.6424,-31.828));
#4834 = ( GEOMETRIC_REPRESENTATION_CONTEXT(2) 
PARAMETRIC_REPRESENTATION_CONTEXT() REPRESENTATION_CONTEXT('2D SPACE',''
  ) );
#4835 = PCURVE('',#4836,#4841);
#4836 = CYLINDRICAL_SURFACE('',#4837,0.15);
#4837 = AXIS2_PLACEMENT_3D('',#4838,#4839,#4840);
#4838 = CARTESIAN_POINT('',(46.6424,-31.678,9.E-03));
#4839 = DIRECTION('',(-0.,-0.,-1.));
#4840 = DIRECTION('',(0.,-1.,0.));
#4841 = DEFINITIONAL_REPRESENTATION('',(#4842),#4846);
#4842 = LINE('',#4843,#4844);
#4843 = CARTESIAN_POINT('',(0.,-3.6E-02));
#4844 = VECTOR('',#4845,1.);
#4845 = DIRECTION('',(1.,0.));
#4846 = ( GEOMETRIC_REPRESENTATION_CONTEXT(2) 
PARAMETRIC_REPRESENTATION_CONTEXT() REPRESENTATION_CONTEXT('2D SPACE',''
  ) );
#4847 = FACE_BOUND('',#4848,.F.);
#4848 = EDGE_LOOP('',(#4849));
#4849 = ORIENTED_EDGE('',*,*,#4850,.T.);
#4850 = EDGE_CURVE('',#4851,#4851,#4853,.T.);
#4851 = VERTEX_POINT('',#4852);
#4852 = CARTESIAN_POINT('',(52.1372,-30.7268,4.5E-02));
#4853 = SURFACE_CURVE('',#4854,(#4859,#4870),.PCURVE_S1.);
#4854 = CIRCLE('',#4855,0.15);
#4855 = AXIS2_PLACEMENT_3D('',#4856,#4857,#4858);
#4856 = CARTESIAN_POINT('',(52.1372,-30.5768,4.5E-02));
#4857 = DIRECTION('',(-0.,-0.,-1.));
#4858 = DIRECTION('',(0.,-1.,0.));
#4859 = PCURVE('',#132,#4860);
#4860 = DEFINITIONAL_REPRESENTATION('',(#4861),#4869);
#4861 = ( BOUNDED_CURVE() B_SPLINE_CURVE(2,(#4862,#4863,#4864,#4865,
#4866,#4867,#4868),.UNSPECIFIED.,.T.,.F.) B_SPLINE_CURVE_WITH_KNOTS((1,2
    ,2,2,2,1),(-2.094395102393,0.,2.094395102393,4.188790204786,
6.28318530718,8.377580409573),.UNSPECIFIED.) CURVE() 
GEOMETRIC_REPRESENTATION_ITEM() RATIONAL_B_SPLINE_CURVE((1.,0.5,1.,0.5,
1.,0.5,1.)) REPRESENTATION_ITEM('') );
#4862 = CARTESIAN_POINT('',(52.1372,-30.7268));
#4863 = CARTESIAN_POINT('',(51.877392378865,-30.7268));
#4864 = CARTESIAN_POINT('',(52.007296189432,-30.5018));
#4865 = CARTESIAN_POINT('',(52.1372,-30.2768));
#4866 = CARTESIAN_POINT('',(52.267103810568,-30.5018));
#4867 = CARTESIAN_POINT('',(52.397007621135,-30.7268));
#4868 = CARTESIAN_POINT('',(52.1372,-30.7268));
#4869 = ( GEOMETRIC_REPRESENTATION_CONTEXT(2) 
PARAMETRIC_REPRESENTATION_CONTEXT() REPRESENTATION_CONTEXT('2D SPACE',''
  ) );
#4870 = PCURVE('',#4871,#4876);
#4871 = CYLINDRICAL_SURFACE('',#4872,0.15);
#4872 = AXIS2_PLACEMENT_3D('',#4873,#4874,#4875);
#4873 = CARTESIAN_POINT('',(52.1372,-30.5768,9.E-03));
#4874 = DIRECTION('',(-0.,-0.,-1.));
#4875 = DIRECTION('',(0.,-1.,0.));
#4876 = DEFINITIONAL_REPRESENTATION('',(#4877),#4881);
#4877 = LINE('',#4878,#4879);
#4878 = CARTESIAN_POINT('',(0.,-3.6E-02));
#4879 = VECTOR('',#4880,1.);
#4880 = DIRECTION('',(1.,0.));
#4881 = ( GEOMETRIC_REPRESENTATION_CONTEXT(2) 
PARAMETRIC_REPRESENTATION_CONTEXT() REPRESENTATION_CONTEXT('2D SPACE',''
  ) );
#4882 = FACE_BOUND('',#4883,.F.);
#4883 = EDGE_LOOP('',(#4884));
#4884 = ORIENTED_EDGE('',*,*,#4885,.T.);
#4885 = EDGE_CURVE('',#4886,#4886,#4888,.T.);
#4886 = VERTEX_POINT('',#4887);
#4887 = CARTESIAN_POINT('',(53.2557,-30.6153,4.5E-02));
#4888 = SURFACE_CURVE('',#4889,(#4894,#4905),.PCURVE_S1.);
#4889 = CIRCLE('',#4890,0.15);
#4890 = AXIS2_PLACEMENT_3D('',#4891,#4892,#4893);
#4891 = CARTESIAN_POINT('',(53.2557,-30.4653,4.5E-02));
#4892 = DIRECTION('',(-0.,0.,-1.));
#4893 = DIRECTION('',(-4.736951571734E-14,-1.,0.));
#4894 = PCURVE('',#132,#4895);
#4895 = DEFINITIONAL_REPRESENTATION('',(#4896),#4904);
#4896 = ( BOUNDED_CURVE() B_SPLINE_CURVE(2,(#4897,#4898,#4899,#4900,
#4901,#4902,#4903),.UNSPECIFIED.,.T.,.F.) B_SPLINE_CURVE_WITH_KNOTS((1,2
    ,2,2,2,1),(-2.094395102393,0.,2.094395102393,4.188790204786,
6.28318530718,8.377580409573),.UNSPECIFIED.) CURVE() 
GEOMETRIC_REPRESENTATION_ITEM() RATIONAL_B_SPLINE_CURVE((1.,0.5,1.,0.5,
1.,0.5,1.)) REPRESENTATION_ITEM('') );
#4897 = CARTESIAN_POINT('',(53.2557,-30.6153));
#4898 = CARTESIAN_POINT('',(52.995892378865,-30.6153));
#4899 = CARTESIAN_POINT('',(53.125796189432,-30.3903));
#4900 = CARTESIAN_POINT('',(53.2557,-30.1653));
#4901 = CARTESIAN_POINT('',(53.385603810568,-30.3903));
#4902 = CARTESIAN_POINT('',(53.515507621135,-30.6153));
#4903 = CARTESIAN_POINT('',(53.2557,-30.6153));
#4904 = ( GEOMETRIC_REPRESENTATION_CONTEXT(2) 
PARAMETRIC_REPRESENTATION_CONTEXT() REPRESENTATION_CONTEXT('2D SPACE',''
  ) );
#4905 = PCURVE('',#4906,#4911);
#4906 = CYLINDRICAL_SURFACE('',#4907,0.15);
#4907 = AXIS2_PLACEMENT_3D('',#4908,#4909,#4910);
#4908 = CARTESIAN_POINT('',(53.2557,-30.4653,9.E-03));
#4909 = DIRECTION('',(-0.,-0.,-1.));
#4910 = DIRECTION('',(-4.736951571734E-14,-1.,0.));
#4911 = DEFINITIONAL_REPRESENTATION('',(#4912),#4916);
#4912 = LINE('',#4913,#4914);
#4913 = CARTESIAN_POINT('',(0.,-3.6E-02));
#4914 = VECTOR('',#4915,1.);
#4915 = DIRECTION('',(1.,0.));
#4916 = ( GEOMETRIC_REPRESENTATION_CONTEXT(2) 
PARAMETRIC_REPRESENTATION_CONTEXT() REPRESENTATION_CONTEXT('2D SPACE',''
  ) );
#4917 = FACE_BOUND('',#4918,.F.);
#4918 = EDGE_LOOP('',(#4919));
#4919 = ORIENTED_EDGE('',*,*,#4920,.T.);
#4920 = EDGE_CURVE('',#4921,#4921,#4923,.T.);
#4921 = VERTEX_POINT('',#4922);
#4922 = CARTESIAN_POINT('',(43.4,-26.6084,4.5E-02));
#4923 = SURFACE_CURVE('',#4924,(#4929,#4940),.PCURVE_S1.);
#4924 = CIRCLE('',#4925,0.15);
#4925 = AXIS2_PLACEMENT_3D('',#4926,#4927,#4928);
#4926 = CARTESIAN_POINT('',(43.4,-26.4584,4.5E-02));
#4927 = DIRECTION('',(-0.,-0.,-1.));
#4928 = DIRECTION('',(0.,-1.,0.));
#4929 = PCURVE('',#132,#4930);
#4930 = DEFINITIONAL_REPRESENTATION('',(#4931),#4939);
#4931 = ( BOUNDED_CURVE() B_SPLINE_CURVE(2,(#4932,#4933,#4934,#4935,
#4936,#4937,#4938),.UNSPECIFIED.,.T.,.F.) B_SPLINE_CURVE_WITH_KNOTS((1,2
    ,2,2,2,1),(-2.094395102393,0.,2.094395102393,4.188790204786,
6.28318530718,8.377580409573),.UNSPECIFIED.) CURVE() 
GEOMETRIC_REPRESENTATION_ITEM() RATIONAL_B_SPLINE_CURVE((1.,0.5,1.,0.5,
1.,0.5,1.)) REPRESENTATION_ITEM('') );
#4932 = CARTESIAN_POINT('',(43.4,-26.6084));
#4933 = CARTESIAN_POINT('',(43.140192378865,-26.6084));
#4934 = CARTESIAN_POINT('',(43.270096189432,-26.3834));
#4935 = CARTESIAN_POINT('',(43.4,-26.1584));
#4936 = CARTESIAN_POINT('',(43.529903810568,-26.3834));
#4937 = CARTESIAN_POINT('',(43.659807621135,-26.6084));
#4938 = CARTESIAN_POINT('',(43.4,-26.6084));
#4939 = ( GEOMETRIC_REPRESENTATION_CONTEXT(2) 
PARAMETRIC_REPRESENTATION_CONTEXT() REPRESENTATION_CONTEXT('2D SPACE',''
  ) );
#4940 = PCURVE('',#4941,#4946);
#4941 = CYLINDRICAL_SURFACE('',#4942,0.15);
#4942 = AXIS2_PLACEMENT_3D('',#4943,#4944,#4945);
#4943 = CARTESIAN_POINT('',(43.4,-26.4584,9.E-03));
#4944 = DIRECTION('',(-0.,-0.,-1.));
#4945 = DIRECTION('',(0.,-1.,0.));
#4946 = DEFINITIONAL_REPRESENTATION('',(#4947),#4951);
#4947 = LINE('',#4948,#4949);
#4948 = CARTESIAN_POINT('',(0.,-3.6E-02));
#4949 = VECTOR('',#4950,1.);
#4950 = DIRECTION('',(1.,0.));
#4951 = ( GEOMETRIC_REPRESENTATION_CONTEXT(2) 
PARAMETRIC_REPRESENTATION_CONTEXT() REPRESENTATION_CONTEXT('2D SPACE',''
  ) );
#4952 = FACE_BOUND('',#4953,.F.);
#4953 = EDGE_LOOP('',(#4954));
#4954 = ORIENTED_EDGE('',*,*,#4955,.T.);
#4955 = EDGE_CURVE('',#4956,#4956,#4958,.T.);
#4956 = VERTEX_POINT('',#4957);
#4957 = CARTESIAN_POINT('',(45.0889,-27.5032,4.5E-02));
#4958 = SURFACE_CURVE('',#4959,(#4964,#4975),.PCURVE_S1.);
#4959 = CIRCLE('',#4960,0.15);
#4960 = AXIS2_PLACEMENT_3D('',#4961,#4962,#4963);
#4961 = CARTESIAN_POINT('',(45.0889,-27.3532,4.5E-02));
#4962 = DIRECTION('',(0.,-0.,-1.));
#4963 = DIRECTION('',(4.736951571734E-14,-1.,0.));
#4964 = PCURVE('',#132,#4965);
#4965 = DEFINITIONAL_REPRESENTATION('',(#4966),#4974);
#4966 = ( BOUNDED_CURVE() B_SPLINE_CURVE(2,(#4967,#4968,#4969,#4970,
#4971,#4972,#4973),.UNSPECIFIED.,.T.,.F.) B_SPLINE_CURVE_WITH_KNOTS((1,2
    ,2,2,2,1),(-2.094395102393,0.,2.094395102393,4.188790204786,
6.28318530718,8.377580409573),.UNSPECIFIED.) CURVE() 
GEOMETRIC_REPRESENTATION_ITEM() RATIONAL_B_SPLINE_CURVE((1.,0.5,1.,0.5,
1.,0.5,1.)) REPRESENTATION_ITEM('') );
#4967 = CARTESIAN_POINT('',(45.0889,-27.5032));
#4968 = CARTESIAN_POINT('',(44.829092378865,-27.5032));
#4969 = CARTESIAN_POINT('',(44.958996189432,-27.2782));
#4970 = CARTESIAN_POINT('',(45.0889,-27.0532));
#4971 = CARTESIAN_POINT('',(45.218803810568,-27.2782));
#4972 = CARTESIAN_POINT('',(45.348707621135,-27.5032));
#4973 = CARTESIAN_POINT('',(45.0889,-27.5032));
#4974 = ( GEOMETRIC_REPRESENTATION_CONTEXT(2) 
PARAMETRIC_REPRESENTATION_CONTEXT() REPRESENTATION_CONTEXT('2D SPACE',''
  ) );
#4975 = PCURVE('',#4976,#4981);
#4976 = CYLINDRICAL_SURFACE('',#4977,0.15);
#4977 = AXIS2_PLACEMENT_3D('',#4978,#4979,#4980);
#4978 = CARTESIAN_POINT('',(45.0889,-27.3532,9.E-03));
#4979 = DIRECTION('',(0.,0.,-1.));
#4980 = DIRECTION('',(4.736951571734E-14,-1.,0.));
#4981 = DEFINITIONAL_REPRESENTATION('',(#4982),#4986);
#4982 = LINE('',#4983,#4984);
#4983 = CARTESIAN_POINT('',(0.,-3.6E-02));
#4984 = VECTOR('',#4985,1.);
#4985 = DIRECTION('',(1.,0.));
#4986 = ( GEOMETRIC_REPRESENTATION_CONTEXT(2) 
PARAMETRIC_REPRESENTATION_CONTEXT() REPRESENTATION_CONTEXT('2D SPACE',''
  ) );
#4987 = FACE_BOUND('',#4988,.F.);
#4988 = EDGE_LOOP('',(#4989));
#4989 = ORIENTED_EDGE('',*,*,#4990,.T.);
#4990 = EDGE_CURVE('',#4991,#4991,#4993,.T.);
#4991 = VERTEX_POINT('',#4992);
#4992 = CARTESIAN_POINT('',(45.09,-26.7047,4.5E-02));
#4993 = SURFACE_CURVE('',#4994,(#4999,#5010),.PCURVE_S1.);
#4994 = CIRCLE('',#4995,0.15);
#4995 = AXIS2_PLACEMENT_3D('',#4996,#4997,#4998);
#4996 = CARTESIAN_POINT('',(45.09,-26.5547,4.5E-02));
#4997 = DIRECTION('',(-0.,-0.,-1.));
#4998 = DIRECTION('',(0.,-1.,0.));
#4999 = PCURVE('',#132,#5000);
#5000 = DEFINITIONAL_REPRESENTATION('',(#5001),#5009);
#5001 = ( BOUNDED_CURVE() B_SPLINE_CURVE(2,(#5002,#5003,#5004,#5005,
#5006,#5007,#5008),.UNSPECIFIED.,.T.,.F.) B_SPLINE_CURVE_WITH_KNOTS((1,2
    ,2,2,2,1),(-2.094395102393,0.,2.094395102393,4.188790204786,
6.28318530718,8.377580409573),.UNSPECIFIED.) CURVE() 
GEOMETRIC_REPRESENTATION_ITEM() RATIONAL_B_SPLINE_CURVE((1.,0.5,1.,0.5,
1.,0.5,1.)) REPRESENTATION_ITEM('') );
#5002 = CARTESIAN_POINT('',(45.09,-26.7047));
#5003 = CARTESIAN_POINT('',(44.830192378865,-26.7047));
#5004 = CARTESIAN_POINT('',(44.960096189432,-26.4797));
#5005 = CARTESIAN_POINT('',(45.09,-26.2547));
#5006 = CARTESIAN_POINT('',(45.219903810568,-26.4797));
#5007 = CARTESIAN_POINT('',(45.349807621135,-26.7047));
#5008 = CARTESIAN_POINT('',(45.09,-26.7047));
#5009 = ( GEOMETRIC_REPRESENTATION_CONTEXT(2) 
PARAMETRIC_REPRESENTATION_CONTEXT() REPRESENTATION_CONTEXT('2D SPACE',''
  ) );
#5010 = PCURVE('',#5011,#5016);
#5011 = CYLINDRICAL_SURFACE('',#5012,0.15);
#5012 = AXIS2_PLACEMENT_3D('',#5013,#5014,#5015);
#5013 = CARTESIAN_POINT('',(45.09,-26.5547,9.E-03));
#5014 = DIRECTION('',(-0.,-0.,-1.));
#5015 = DIRECTION('',(0.,-1.,0.));
#5016 = DEFINITIONAL_REPRESENTATION('',(#5017),#5021);
#5017 = LINE('',#5018,#5019);
#5018 = CARTESIAN_POINT('',(0.,-3.6E-02));
#5019 = VECTOR('',#5020,1.);
#5020 = DIRECTION('',(1.,0.));
#5021 = ( GEOMETRIC_REPRESENTATION_CONTEXT(2) 
PARAMETRIC_REPRESENTATION_CONTEXT() REPRESENTATION_CONTEXT('2D SPACE',''
  ) );
#5022 = FACE_BOUND('',#5023,.F.);
#5023 = EDGE_LOOP('',(#5024));
#5024 = ORIENTED_EDGE('',*,*,#5025,.T.);
#5025 = EDGE_CURVE('',#5026,#5026,#5028,.T.);
#5026 = VERTEX_POINT('',#5027);
#5027 = CARTESIAN_POINT('',(46.8734,-24.5599,4.5E-02));
#5028 = SURFACE_CURVE('',#5029,(#5034,#5045),.PCURVE_S1.);
#5029 = CIRCLE('',#5030,0.15);
#5030 = AXIS2_PLACEMENT_3D('',#5031,#5032,#5033);
#5031 = CARTESIAN_POINT('',(46.8734,-24.4099,4.5E-02));
#5032 = DIRECTION('',(-0.,0.,-1.));
#5033 = DIRECTION('',(-4.736951571734E-14,-1.,0.));
#5034 = PCURVE('',#132,#5035);
#5035 = DEFINITIONAL_REPRESENTATION('',(#5036),#5044);
#5036 = ( BOUNDED_CURVE() B_SPLINE_CURVE(2,(#5037,#5038,#5039,#5040,
#5041,#5042,#5043),.UNSPECIFIED.,.T.,.F.) B_SPLINE_CURVE_WITH_KNOTS((1,2
    ,2,2,2,1),(-2.094395102393,0.,2.094395102393,4.188790204786,
6.28318530718,8.377580409573),.UNSPECIFIED.) CURVE() 
GEOMETRIC_REPRESENTATION_ITEM() RATIONAL_B_SPLINE_CURVE((1.,0.5,1.,0.5,
1.,0.5,1.)) REPRESENTATION_ITEM('') );
#5037 = CARTESIAN_POINT('',(46.8734,-24.5599));
#5038 = CARTESIAN_POINT('',(46.613592378865,-24.5599));
#5039 = CARTESIAN_POINT('',(46.743496189432,-24.3349));
#5040 = CARTESIAN_POINT('',(46.8734,-24.1099));
#5041 = CARTESIAN_POINT('',(47.003303810568,-24.3349));
#5042 = CARTESIAN_POINT('',(47.133207621135,-24.5599));
#5043 = CARTESIAN_POINT('',(46.8734,-24.5599));
#5044 = ( GEOMETRIC_REPRESENTATION_CONTEXT(2) 
PARAMETRIC_REPRESENTATION_CONTEXT() REPRESENTATION_CONTEXT('2D SPACE',''
  ) );
#5045 = PCURVE('',#5046,#5051);
#5046 = CYLINDRICAL_SURFACE('',#5047,0.15);
#5047 = AXIS2_PLACEMENT_3D('',#5048,#5049,#5050);
#5048 = CARTESIAN_POINT('',(46.8734,-24.4099,9.E-03));
#5049 = DIRECTION('',(-0.,-0.,-1.));
#5050 = DIRECTION('',(-4.736951571734E-14,-1.,0.));
#5051 = DEFINITIONAL_REPRESENTATION('',(#5052),#5056);
#5052 = LINE('',#5053,#5054);
#5053 = CARTESIAN_POINT('',(0.,-3.6E-02));
#5054 = VECTOR('',#5055,1.);
#5055 = DIRECTION('',(1.,0.));
#5056 = ( GEOMETRIC_REPRESENTATION_CONTEXT(2) 
PARAMETRIC_REPRESENTATION_CONTEXT() REPRESENTATION_CONTEXT('2D SPACE',''
  ) );
#5057 = FACE_BOUND('',#5058,.F.);
#5058 = EDGE_LOOP('',(#5059));
#5059 = ORIENTED_EDGE('',*,*,#5060,.T.);
#5060 = EDGE_CURVE('',#5061,#5061,#5063,.T.);
#5061 = VERTEX_POINT('',#5062);
#5062 = CARTESIAN_POINT('',(48.1639,-22.2784,4.5E-02));
#5063 = SURFACE_CURVE('',#5064,(#5069,#5080),.PCURVE_S1.);
#5064 = CIRCLE('',#5065,0.15);
#5065 = AXIS2_PLACEMENT_3D('',#5066,#5067,#5068);
#5066 = CARTESIAN_POINT('',(48.1639,-22.1284,4.5E-02));
#5067 = DIRECTION('',(-0.,-0.,-1.));
#5068 = DIRECTION('',(0.,-1.,0.));
#5069 = PCURVE('',#132,#5070);
#5070 = DEFINITIONAL_REPRESENTATION('',(#5071),#5079);
#5071 = ( BOUNDED_CURVE() B_SPLINE_CURVE(2,(#5072,#5073,#5074,#5075,
#5076,#5077,#5078),.UNSPECIFIED.,.T.,.F.) B_SPLINE_CURVE_WITH_KNOTS((1,2
    ,2,2,2,1),(-2.094395102393,0.,2.094395102393,4.188790204786,
6.28318530718,8.377580409573),.UNSPECIFIED.) CURVE() 
GEOMETRIC_REPRESENTATION_ITEM() RATIONAL_B_SPLINE_CURVE((1.,0.5,1.,0.5,
1.,0.5,1.)) REPRESENTATION_ITEM('') );
#5072 = CARTESIAN_POINT('',(48.1639,-22.2784));
#5073 = CARTESIAN_POINT('',(47.904092378865,-22.2784));
#5074 = CARTESIAN_POINT('',(48.033996189432,-22.0534));
#5075 = CARTESIAN_POINT('',(48.1639,-21.8284));
#5076 = CARTESIAN_POINT('',(48.293803810568,-22.0534));
#5077 = CARTESIAN_POINT('',(48.423707621135,-22.2784));
#5078 = CARTESIAN_POINT('',(48.1639,-22.2784));
#5079 = ( GEOMETRIC_REPRESENTATION_CONTEXT(2) 
PARAMETRIC_REPRESENTATION_CONTEXT() REPRESENTATION_CONTEXT('2D SPACE',''
  ) );
#5080 = PCURVE('',#5081,#5086);
#5081 = CYLINDRICAL_SURFACE('',#5082,0.15);
#5082 = AXIS2_PLACEMENT_3D('',#5083,#5084,#5085);
#5083 = CARTESIAN_POINT('',(48.1639,-22.1284,9.E-03));
#5084 = DIRECTION('',(-0.,-0.,-1.));
#5085 = DIRECTION('',(0.,-1.,0.));
#5086 = DEFINITIONAL_REPRESENTATION('',(#5087),#5091);
#5087 = LINE('',#5088,#5089);
#5088 = CARTESIAN_POINT('',(0.,-3.6E-02));
#5089 = VECTOR('',#5090,1.);
#5090 = DIRECTION('',(1.,0.));
#5091 = ( GEOMETRIC_REPRESENTATION_CONTEXT(2) 
PARAMETRIC_REPRESENTATION_CONTEXT() REPRESENTATION_CONTEXT('2D SPACE',''
  ) );
#5092 = FACE_BOUND('',#5093,.F.);
#5093 = EDGE_LOOP('',(#5094));
#5094 = ORIENTED_EDGE('',*,*,#5095,.T.);
#5095 = EDGE_CURVE('',#5096,#5096,#5098,.T.);
#5096 = VERTEX_POINT('',#5097);
#5097 = CARTESIAN_POINT('',(48.2298,-18.6498,4.5E-02));
#5098 = SURFACE_CURVE('',#5099,(#5104,#5115),.PCURVE_S1.);
#5099 = CIRCLE('',#5100,0.15);
#5100 = AXIS2_PLACEMENT_3D('',#5101,#5102,#5103);
#5101 = CARTESIAN_POINT('',(48.2298,-18.4998,4.5E-02));
#5102 = DIRECTION('',(-0.,-0.,-1.));
#5103 = DIRECTION('',(0.,-1.,0.));
#5104 = PCURVE('',#132,#5105);
#5105 = DEFINITIONAL_REPRESENTATION('',(#5106),#5114);
#5106 = ( BOUNDED_CURVE() B_SPLINE_CURVE(2,(#5107,#5108,#5109,#5110,
#5111,#5112,#5113),.UNSPECIFIED.,.T.,.F.) B_SPLINE_CURVE_WITH_KNOTS((1,2
    ,2,2,2,1),(-2.094395102393,0.,2.094395102393,4.188790204786,
6.28318530718,8.377580409573),.UNSPECIFIED.) CURVE() 
GEOMETRIC_REPRESENTATION_ITEM() RATIONAL_B_SPLINE_CURVE((1.,0.5,1.,0.5,
1.,0.5,1.)) REPRESENTATION_ITEM('') );
#5107 = CARTESIAN_POINT('',(48.2298,-18.6498));
#5108 = CARTESIAN_POINT('',(47.969992378865,-18.6498));
#5109 = CARTESIAN_POINT('',(48.099896189432,-18.4248));
#5110 = CARTESIAN_POINT('',(48.2298,-18.1998));
#5111 = CARTESIAN_POINT('',(48.359703810568,-18.4248));
#5112 = CARTESIAN_POINT('',(48.489607621135,-18.6498));
#5113 = CARTESIAN_POINT('',(48.2298,-18.6498));
#5114 = ( GEOMETRIC_REPRESENTATION_CONTEXT(2) 
PARAMETRIC_REPRESENTATION_CONTEXT() REPRESENTATION_CONTEXT('2D SPACE',''
  ) );
#5115 = PCURVE('',#5116,#5121);
#5116 = CYLINDRICAL_SURFACE('',#5117,0.15);
#5117 = AXIS2_PLACEMENT_3D('',#5118,#5119,#5120);
#5118 = CARTESIAN_POINT('',(48.2298,-18.4998,9.E-03));
#5119 = DIRECTION('',(-0.,-0.,-1.));
#5120 = DIRECTION('',(0.,-1.,0.));
#5121 = DEFINITIONAL_REPRESENTATION('',(#5122),#5126);
#5122 = LINE('',#5123,#5124);
#5123 = CARTESIAN_POINT('',(0.,-3.6E-02));
#5124 = VECTOR('',#5125,1.);
#5125 = DIRECTION('',(1.,0.));
#5126 = ( GEOMETRIC_REPRESENTATION_CONTEXT(2) 
PARAMETRIC_REPRESENTATION_CONTEXT() REPRESENTATION_CONTEXT('2D SPACE',''
  ) );
#5127 = FACE_BOUND('',#5128,.F.);
#5128 = EDGE_LOOP('',(#5129));
#5129 = ORIENTED_EDGE('',*,*,#5130,.T.);
#5130 = EDGE_CURVE('',#5131,#5131,#5133,.T.);
#5131 = VERTEX_POINT('',#5132);
#5132 = CARTESIAN_POINT('',(49.8,-26.6146,4.5E-02));
#5133 = SURFACE_CURVE('',#5134,(#5139,#5150),.PCURVE_S1.);
#5134 = CIRCLE('',#5135,0.15);
#5135 = AXIS2_PLACEMENT_3D('',#5136,#5137,#5138);
#5136 = CARTESIAN_POINT('',(49.8,-26.4646,4.5E-02));
#5137 = DIRECTION('',(-0.,-0.,-1.));
#5138 = DIRECTION('',(0.,-1.,0.));
#5139 = PCURVE('',#132,#5140);
#5140 = DEFINITIONAL_REPRESENTATION('',(#5141),#5149);
#5141 = ( BOUNDED_CURVE() B_SPLINE_CURVE(2,(#5142,#5143,#5144,#5145,
#5146,#5147,#5148),.UNSPECIFIED.,.T.,.F.) B_SPLINE_CURVE_WITH_KNOTS((1,2
    ,2,2,2,1),(-2.094395102393,0.,2.094395102393,4.188790204786,
6.28318530718,8.377580409573),.UNSPECIFIED.) CURVE() 
GEOMETRIC_REPRESENTATION_ITEM() RATIONAL_B_SPLINE_CURVE((1.,0.5,1.,0.5,
1.,0.5,1.)) REPRESENTATION_ITEM('') );
#5142 = CARTESIAN_POINT('',(49.8,-26.6146));
#5143 = CARTESIAN_POINT('',(49.540192378865,-26.6146));
#5144 = CARTESIAN_POINT('',(49.670096189432,-26.3896));
#5145 = CARTESIAN_POINT('',(49.8,-26.1646));
#5146 = CARTESIAN_POINT('',(49.929903810568,-26.3896));
#5147 = CARTESIAN_POINT('',(50.059807621135,-26.6146));
#5148 = CARTESIAN_POINT('',(49.8,-26.6146));
#5149 = ( GEOMETRIC_REPRESENTATION_CONTEXT(2) 
PARAMETRIC_REPRESENTATION_CONTEXT() REPRESENTATION_CONTEXT('2D SPACE',''
  ) );
#5150 = PCURVE('',#5151,#5156);
#5151 = CYLINDRICAL_SURFACE('',#5152,0.15);
#5152 = AXIS2_PLACEMENT_3D('',#5153,#5154,#5155);
#5153 = CARTESIAN_POINT('',(49.8,-26.4646,9.E-03));
#5154 = DIRECTION('',(-0.,-0.,-1.));
#5155 = DIRECTION('',(0.,-1.,0.));
#5156 = DEFINITIONAL_REPRESENTATION('',(#5157),#5161);
#5157 = LINE('',#5158,#5159);
#5158 = CARTESIAN_POINT('',(0.,-3.6E-02));
#5159 = VECTOR('',#5160,1.);
#5160 = DIRECTION('',(1.,0.));
#5161 = ( GEOMETRIC_REPRESENTATION_CONTEXT(2) 
PARAMETRIC_REPRESENTATION_CONTEXT() REPRESENTATION_CONTEXT('2D SPACE',''
  ) );
#5162 = FACE_BOUND('',#5163,.F.);
#5163 = EDGE_LOOP('',(#5164));
#5164 = ORIENTED_EDGE('',*,*,#5165,.T.);
#5165 = EDGE_CURVE('',#5166,#5166,#5168,.T.);
#5166 = VERTEX_POINT('',#5167);
#5167 = CARTESIAN_POINT('',(53.1064,-27.039,4.5E-02));
#5168 = SURFACE_CURVE('',#5169,(#5174,#5185),.PCURVE_S1.);
#5169 = CIRCLE('',#5170,0.15);
#5170 = AXIS2_PLACEMENT_3D('',#5171,#5172,#5173);
#5171 = CARTESIAN_POINT('',(53.1064,-26.889,4.5E-02));
#5172 = DIRECTION('',(-0.,-0.,-1.));
#5173 = DIRECTION('',(0.,-1.,0.));
#5174 = PCURVE('',#132,#5175);
#5175 = DEFINITIONAL_REPRESENTATION('',(#5176),#5184);
#5176 = ( BOUNDED_CURVE() B_SPLINE_CURVE(2,(#5177,#5178,#5179,#5180,
#5181,#5182,#5183),.UNSPECIFIED.,.T.,.F.) B_SPLINE_CURVE_WITH_KNOTS((1,2
    ,2,2,2,1),(-2.094395102393,0.,2.094395102393,4.188790204786,
6.28318530718,8.377580409573),.UNSPECIFIED.) CURVE() 
GEOMETRIC_REPRESENTATION_ITEM() RATIONAL_B_SPLINE_CURVE((1.,0.5,1.,0.5,
1.,0.5,1.)) REPRESENTATION_ITEM('') );
#5177 = CARTESIAN_POINT('',(53.1064,-27.039));
#5178 = CARTESIAN_POINT('',(52.846592378865,-27.039));
#5179 = CARTESIAN_POINT('',(52.976496189432,-26.814));
#5180 = CARTESIAN_POINT('',(53.1064,-26.589));
#5181 = CARTESIAN_POINT('',(53.236303810568,-26.814));
#5182 = CARTESIAN_POINT('',(53.366207621135,-27.039));
#5183 = CARTESIAN_POINT('',(53.1064,-27.039));
#5184 = ( GEOMETRIC_REPRESENTATION_CONTEXT(2) 
PARAMETRIC_REPRESENTATION_CONTEXT() REPRESENTATION_CONTEXT('2D SPACE',''
  ) );
#5185 = PCURVE('',#5186,#5191);
#5186 = CYLINDRICAL_SURFACE('',#5187,0.15);
#5187 = AXIS2_PLACEMENT_3D('',#5188,#5189,#5190);
#5188 = CARTESIAN_POINT('',(53.1064,-26.889,9.E-03));
#5189 = DIRECTION('',(-0.,-0.,-1.));
#5190 = DIRECTION('',(0.,-1.,0.));
#5191 = DEFINITIONAL_REPRESENTATION('',(#5192),#5196);
#5192 = LINE('',#5193,#5194);
#5193 = CARTESIAN_POINT('',(0.,-3.6E-02));
#5194 = VECTOR('',#5195,1.);
#5195 = DIRECTION('',(1.,0.));
#5196 = ( GEOMETRIC_REPRESENTATION_CONTEXT(2) 
PARAMETRIC_REPRESENTATION_CONTEXT() REPRESENTATION_CONTEXT('2D SPACE',''
  ) );
#5197 = FACE_BOUND('',#5198,.F.);
#5198 = EDGE_LOOP('',(#5199));
#5199 = ORIENTED_EDGE('',*,*,#5200,.T.);
#5200 = EDGE_CURVE('',#5201,#5201,#5203,.T.);
#5201 = VERTEX_POINT('',#5202);
#5202 = CARTESIAN_POINT('',(51.996,-21.3522,4.5E-02));
#5203 = SURFACE_CURVE('',#5204,(#5209,#5220),.PCURVE_S1.);
#5204 = CIRCLE('',#5205,0.15);
#5205 = AXIS2_PLACEMENT_3D('',#5206,#5207,#5208);
#5206 = CARTESIAN_POINT('',(51.996,-21.2022,4.5E-02));
#5207 = DIRECTION('',(0.,-0.,-1.));
#5208 = DIRECTION('',(4.736951571734E-14,-1.,0.));
#5209 = PCURVE('',#132,#5210);
#5210 = DEFINITIONAL_REPRESENTATION('',(#5211),#5219);
#5211 = ( BOUNDED_CURVE() B_SPLINE_CURVE(2,(#5212,#5213,#5214,#5215,
#5216,#5217,#5218),.UNSPECIFIED.,.T.,.F.) B_SPLINE_CURVE_WITH_KNOTS((1,2
    ,2,2,2,1),(-2.094395102393,0.,2.094395102393,4.188790204786,
6.28318530718,8.377580409573),.UNSPECIFIED.) CURVE() 
GEOMETRIC_REPRESENTATION_ITEM() RATIONAL_B_SPLINE_CURVE((1.,0.5,1.,0.5,
1.,0.5,1.)) REPRESENTATION_ITEM('') );
#5212 = CARTESIAN_POINT('',(51.996,-21.3522));
#5213 = CARTESIAN_POINT('',(51.736192378865,-21.3522));
#5214 = CARTESIAN_POINT('',(51.866096189432,-21.1272));
#5215 = CARTESIAN_POINT('',(51.996,-20.9022));
#5216 = CARTESIAN_POINT('',(52.125903810568,-21.1272));
#5217 = CARTESIAN_POINT('',(52.255807621135,-21.3522));
#5218 = CARTESIAN_POINT('',(51.996,-21.3522));
#5219 = ( GEOMETRIC_REPRESENTATION_CONTEXT(2) 
PARAMETRIC_REPRESENTATION_CONTEXT() REPRESENTATION_CONTEXT('2D SPACE',''
  ) );
#5220 = PCURVE('',#5221,#5226);
#5221 = CYLINDRICAL_SURFACE('',#5222,0.15);
#5222 = AXIS2_PLACEMENT_3D('',#5223,#5224,#5225);
#5223 = CARTESIAN_POINT('',(51.996,-21.2022,9.E-03));
#5224 = DIRECTION('',(0.,0.,-1.));
#5225 = DIRECTION('',(4.736951571734E-14,-1.,0.));
#5226 = DEFINITIONAL_REPRESENTATION('',(#5227),#5231);
#5227 = LINE('',#5228,#5229);
#5228 = CARTESIAN_POINT('',(0.,-3.6E-02));
#5229 = VECTOR('',#5230,1.);
#5230 = DIRECTION('',(1.,0.));
#5231 = ( GEOMETRIC_REPRESENTATION_CONTEXT(2) 
PARAMETRIC_REPRESENTATION_CONTEXT() REPRESENTATION_CONTEXT('2D SPACE',''
  ) );
#5232 = FACE_BOUND('',#5233,.F.);
#5233 = EDGE_LOOP('',(#5234));
#5234 = ORIENTED_EDGE('',*,*,#5235,.T.);
#5235 = EDGE_CURVE('',#5236,#5236,#5238,.T.);
#5236 = VERTEX_POINT('',#5237);
#5237 = CARTESIAN_POINT('',(50.0463,-20.7373,4.5E-02));
#5238 = SURFACE_CURVE('',#5239,(#5244,#5255),.PCURVE_S1.);
#5239 = CIRCLE('',#5240,0.15);
#5240 = AXIS2_PLACEMENT_3D('',#5241,#5242,#5243);
#5241 = CARTESIAN_POINT('',(50.0463,-20.5873,4.5E-02));
#5242 = DIRECTION('',(-0.,-0.,-1.));
#5243 = DIRECTION('',(0.,-1.,0.));
#5244 = PCURVE('',#132,#5245);
#5245 = DEFINITIONAL_REPRESENTATION('',(#5246),#5254);
#5246 = ( BOUNDED_CURVE() B_SPLINE_CURVE(2,(#5247,#5248,#5249,#5250,
#5251,#5252,#5253),.UNSPECIFIED.,.T.,.F.) B_SPLINE_CURVE_WITH_KNOTS((1,2
    ,2,2,2,1),(-2.094395102393,0.,2.094395102393,4.188790204786,
6.28318530718,8.377580409573),.UNSPECIFIED.) CURVE() 
GEOMETRIC_REPRESENTATION_ITEM() RATIONAL_B_SPLINE_CURVE((1.,0.5,1.,0.5,
1.,0.5,1.)) REPRESENTATION_ITEM('') );
#5247 = CARTESIAN_POINT('',(50.0463,-20.7373));
#5248 = CARTESIAN_POINT('',(49.786492378865,-20.7373));
#5249 = CARTESIAN_POINT('',(49.916396189432,-20.5123));
#5250 = CARTESIAN_POINT('',(50.0463,-20.2873));
#5251 = CARTESIAN_POINT('',(50.176203810568,-20.5123));
#5252 = CARTESIAN_POINT('',(50.306107621135,-20.7373));
#5253 = CARTESIAN_POINT('',(50.0463,-20.7373));
#5254 = ( GEOMETRIC_REPRESENTATION_CONTEXT(2) 
PARAMETRIC_REPRESENTATION_CONTEXT() REPRESENTATION_CONTEXT('2D SPACE',''
  ) );
#5255 = PCURVE('',#5256,#5261);
#5256 = CYLINDRICAL_SURFACE('',#5257,0.15);
#5257 = AXIS2_PLACEMENT_3D('',#5258,#5259,#5260);
#5258 = CARTESIAN_POINT('',(50.0463,-20.5873,9.E-03));
#5259 = DIRECTION('',(-0.,-0.,-1.));
#5260 = DIRECTION('',(0.,-1.,0.));
#5261 = DEFINITIONAL_REPRESENTATION('',(#5262),#5266);
#5262 = LINE('',#5263,#5264);
#5263 = CARTESIAN_POINT('',(0.,-3.6E-02));
#5264 = VECTOR('',#5265,1.);
#5265 = DIRECTION('',(1.,0.));
#5266 = ( GEOMETRIC_REPRESENTATION_CONTEXT(2) 
PARAMETRIC_REPRESENTATION_CONTEXT() REPRESENTATION_CONTEXT('2D SPACE',''
  ) );
#5267 = ADVANCED_FACE('',(#5268,#5493,#5523,#5553,#5583,#5613,#5643,
    #5673,#5703,#5733,#5763,#5793,#5889,#5919,#5949,#5979,#6009,#6039,
    #6069,#6099,#6129,#6159,#6189,#6219,#6249,#6279,#6309,#6339,#6369,
    #6399,#6429,#6459,#6489,#6519,#6549,#6579,#6609,#6639,#6669,#6699,
    #6729,#6759,#6789,#6819,#6849,#6879,#6909,#6939,#6969,#6999,#7029,
    #7059,#7089,#7119,#7149,#7179,#7209,#7239,#7269,#7299,#7403,#7507,
    #7537,#7567,#7597,#7701,#7731,#7761,#7791,#7895,#7925,#7955,#7985,
    #8015,#8045,#8075,#8105,#8135,#8165,#8195,#8225,#8255,#8285,#8315,
    #8345,#8375,#8405,#8435,#8465,#8495,#8525,#8555,#8585,#8615,#8645,
    #8675,#8705,#8735,#8765,#8795,#8825,#8855,#8885,#8915,#8945,#8975,
    #9005,#9035,#9065,#9095,#9125,#9155,#9185,#9215,#9245,#9275,#9305,
    #9335,#9365,#9395,#9425,#9455,#9485),#73,.T.);
#5268 = FACE_BOUND('',#5269,.T.);
#5269 = EDGE_LOOP('',(#5270,#5271,#5272,#5300,#5323,#5351,#5374,#5397,
    #5420,#5443,#5466,#5492));
#5270 = ORIENTED_EDGE('',*,*,#56,.F.);
#5271 = ORIENTED_EDGE('',*,*,#181,.F.);
#5272 = ORIENTED_EDGE('',*,*,#5273,.F.);
#5273 = EDGE_CURVE('',#5274,#154,#5276,.T.);
#5274 = VERTEX_POINT('',#5275);
#5275 = CARTESIAN_POINT('',(0.,-2.,0.755));
#5276 = SURFACE_CURVE('',#5277,(#5282,#5293),.PCURVE_S1.);
#5277 = CIRCLE('',#5278,1.99999850585);
#5278 = AXIS2_PLACEMENT_3D('',#5279,#5280,#5281);
#5279 = CARTESIAN_POINT('',(1.99999850585,-1.99999850585,0.755));
#5280 = DIRECTION('',(0.,0.,-1.));
#5281 = DIRECTION('',(-1.,-7.47075741171E-07,-0.));
#5282 = PCURVE('',#73,#5283);
#5283 = DEFINITIONAL_REPRESENTATION('',(#5284),#5292);
#5284 = ( BOUNDED_CURVE() B_SPLINE_CURVE(2,(#5285,#5286,#5287,#5288,
#5289,#5290,#5291),.UNSPECIFIED.,.T.,.F.) B_SPLINE_CURVE_WITH_KNOTS((1,2
    ,2,2,2,1),(-2.094395102393,0.,2.094395102393,4.188790204786,
6.28318530718,8.377580409573),.UNSPECIFIED.) CURVE() 
GEOMETRIC_REPRESENTATION_ITEM() RATIONAL_B_SPLINE_CURVE((1.,0.5,1.,0.5,
1.,0.5,1.)) REPRESENTATION_ITEM('') );
#5285 = CARTESIAN_POINT('',(5.579980921766E-13,-2.));
#5286 = CARTESIAN_POINT('',(-2.587943790155E-06,1.464099027193));
#5287 = CARTESIAN_POINT('',(2.999996464803,-0.267948245178));
#5288 = CARTESIAN_POINT('',(5.999995517549,-1.999995517549));
#5289 = CARTESIAN_POINT('',(2.999999052747,-3.732047272371));
#5290 = CARTESIAN_POINT('',(2.58794490926E-06,-5.464099027193));
#5291 = CARTESIAN_POINT('',(5.579980921766E-13,-2.));
#5292 = ( GEOMETRIC_REPRESENTATION_CONTEXT(2) 
PARAMETRIC_REPRESENTATION_CONTEXT() REPRESENTATION_CONTEXT('2D SPACE',''
  ) );
#5293 = PCURVE('',#169,#5294);
#5294 = DEFINITIONAL_REPRESENTATION('',(#5295),#5299);
#5295 = LINE('',#5296,#5297);
#5296 = CARTESIAN_POINT('',(0.,-0.71));
#5297 = VECTOR('',#5298,1.);
#5298 = DIRECTION('',(1.,0.));
#5299 = ( GEOMETRIC_REPRESENTATION_CONTEXT(2) 
PARAMETRIC_REPRESENTATION_CONTEXT() REPRESENTATION_CONTEXT('2D SPACE',''
  ) );
#5300 = ORIENTED_EDGE('',*,*,#5301,.F.);
#5301 = EDGE_CURVE('',#5302,#5274,#5304,.T.);
#5302 = VERTEX_POINT('',#5303);
#5303 = CARTESIAN_POINT('',(-2.22044604925E-16,-90.64,0.755));
#5304 = SURFACE_CURVE('',#5305,(#5309,#5316),.PCURVE_S1.);
#5305 = LINE('',#5306,#5307);
#5306 = CARTESIAN_POINT('',(0.,-90.64,0.755));
#5307 = VECTOR('',#5308,1.);
#5308 = DIRECTION('',(0.,1.,0.));
#5309 = PCURVE('',#73,#5310);
#5310 = DEFINITIONAL_REPRESENTATION('',(#5311),#5315);
#5311 = LINE('',#5312,#5313);
#5312 = CARTESIAN_POINT('',(0.,-90.64));
#5313 = VECTOR('',#5314,1.);
#5314 = DIRECTION('',(0.,1.));
#5315 = ( GEOMETRIC_REPRESENTATION_CONTEXT(2) 
PARAMETRIC_REPRESENTATION_CONTEXT() REPRESENTATION_CONTEXT('2D SPACE',''
  ) );
#5316 = PCURVE('',#349,#5317);
#5317 = DEFINITIONAL_REPRESENTATION('',(#5318),#5322);
#5318 = LINE('',#5319,#5320);
#5319 = CARTESIAN_POINT('',(0.,-0.71));
#5320 = VECTOR('',#5321,1.);
#5321 = DIRECTION('',(1.,0.));
#5322 = ( GEOMETRIC_REPRESENTATION_CONTEXT(2) 
PARAMETRIC_REPRESENTATION_CONTEXT() REPRESENTATION_CONTEXT('2D SPACE',''
  ) );
#5323 = ORIENTED_EDGE('',*,*,#5324,.F.);
#5324 = EDGE_CURVE('',#5325,#5302,#5327,.T.);
#5325 = VERTEX_POINT('',#5326);
#5326 = CARTESIAN_POINT('',(2.,-92.64,0.755));
#5327 = SURFACE_CURVE('',#5328,(#5333,#5344),.PCURVE_S1.);
#5328 = CIRCLE('',#5329,2.000000212955);
#5329 = AXIS2_PLACEMENT_3D('',#5330,#5331,#5332);
#5330 = CARTESIAN_POINT('',(2.000000212955,-90.63999978704,0.755));
#5331 = DIRECTION('',(0.,0.,-1.));
#5332 = DIRECTION('',(-1.064773820094E-07,-1.,-0.));
#5333 = PCURVE('',#73,#5334);
#5334 = DEFINITIONAL_REPRESENTATION('',(#5335),#5343);
#5335 = ( BOUNDED_CURVE() B_SPLINE_CURVE(2,(#5336,#5337,#5338,#5339,
#5340,#5341,#5342),.UNSPECIFIED.,.T.,.F.) B_SPLINE_CURVE_WITH_KNOTS((1,2
    ,2,2,2,1),(-2.094395102393,0.,2.094395102393,4.188790204786,
6.28318530718,8.377580409573),.UNSPECIFIED.) CURVE() 
GEOMETRIC_REPRESENTATION_ITEM() RATIONAL_B_SPLINE_CURVE((1.,0.5,1.,0.5,
1.,0.5,1.)) REPRESENTATION_ITEM('') );
#5336 = CARTESIAN_POINT('',(2.,-92.63999999999));
#5337 = CARTESIAN_POINT('',(-1.464101983986,-92.63999963114));
#5338 = CARTESIAN_POINT('',(0.267949327439,-89.63999949613));
#5339 = CARTESIAN_POINT('',(2.000000638865,-86.63999936113));
#5340 = CARTESIAN_POINT('',(3.732051311426,-89.63999986498));
#5341 = CARTESIAN_POINT('',(5.464101983987,-92.64000036884));
#5342 = CARTESIAN_POINT('',(2.,-92.63999999999));
#5343 = ( GEOMETRIC_REPRESENTATION_CONTEXT(2) 
PARAMETRIC_REPRESENTATION_CONTEXT() REPRESENTATION_CONTEXT('2D SPACE',''
  ) );
#5344 = PCURVE('',#382,#5345);
#5345 = DEFINITIONAL_REPRESENTATION('',(#5346),#5350);
#5346 = LINE('',#5347,#5348);
#5347 = CARTESIAN_POINT('',(0.,-0.71));
#5348 = VECTOR('',#5349,1.);
#5349 = DIRECTION('',(1.,0.));
#5350 = ( GEOMETRIC_REPRESENTATION_CONTEXT(2) 
PARAMETRIC_REPRESENTATION_CONTEXT() REPRESENTATION_CONTEXT('2D SPACE',''
  ) );
#5351 = ORIENTED_EDGE('',*,*,#5352,.F.);
#5352 = EDGE_CURVE('',#5353,#5325,#5355,.T.);
#5353 = VERTEX_POINT('',#5354);
#5354 = CARTESIAN_POINT('',(45.325,-92.64,0.755));
#5355 = SURFACE_CURVE('',#5356,(#5360,#5367),.PCURVE_S1.);
#5356 = LINE('',#5357,#5358);
#5357 = CARTESIAN_POINT('',(45.325,-92.64,0.755));
#5358 = VECTOR('',#5359,1.);
#5359 = DIRECTION('',(-1.,0.,0.));
#5360 = PCURVE('',#73,#5361);
#5361 = DEFINITIONAL_REPRESENTATION('',(#5362),#5366);
#5362 = LINE('',#5363,#5364);
#5363 = CARTESIAN_POINT('',(45.325,-92.64));
#5364 = VECTOR('',#5365,1.);
#5365 = DIRECTION('',(-1.,0.));
#5366 = ( GEOMETRIC_REPRESENTATION_CONTEXT(2) 
PARAMETRIC_REPRESENTATION_CONTEXT() REPRESENTATION_CONTEXT('2D SPACE',''
  ) );
#5367 = PCURVE('',#410,#5368);
#5368 = DEFINITIONAL_REPRESENTATION('',(#5369),#5373);
#5369 = LINE('',#5370,#5371);
#5370 = CARTESIAN_POINT('',(0.,-0.71));
#5371 = VECTOR('',#5372,1.);
#5372 = DIRECTION('',(1.,0.));
#5373 = ( GEOMETRIC_REPRESENTATION_CONTEXT(2) 
PARAMETRIC_REPRESENTATION_CONTEXT() REPRESENTATION_CONTEXT('2D SPACE',''
  ) );
#5374 = ORIENTED_EDGE('',*,*,#5375,.F.);
#5375 = EDGE_CURVE('',#5376,#5353,#5378,.T.);
#5376 = VERTEX_POINT('',#5377);
#5377 = CARTESIAN_POINT('',(45.325,-86.59,0.755));
#5378 = SURFACE_CURVE('',#5379,(#5383,#5390),.PCURVE_S1.);
#5379 = LINE('',#5380,#5381);
#5380 = CARTESIAN_POINT('',(45.325,-86.59,0.755));
#5381 = VECTOR('',#5382,1.);
#5382 = DIRECTION('',(0.,-1.,0.));
#5383 = PCURVE('',#73,#5384);
#5384 = DEFINITIONAL_REPRESENTATION('',(#5385),#5389);
#5385 = LINE('',#5386,#5387);
#5386 = CARTESIAN_POINT('',(45.325,-86.59));
#5387 = VECTOR('',#5388,1.);
#5388 = DIRECTION('',(0.,-1.));
#5389 = ( GEOMETRIC_REPRESENTATION_CONTEXT(2) 
PARAMETRIC_REPRESENTATION_CONTEXT() REPRESENTATION_CONTEXT('2D SPACE',''
  ) );
#5390 = PCURVE('',#438,#5391);
#5391 = DEFINITIONAL_REPRESENTATION('',(#5392),#5396);
#5392 = LINE('',#5393,#5394);
#5393 = CARTESIAN_POINT('',(0.,-0.71));
#5394 = VECTOR('',#5395,1.);
#5395 = DIRECTION('',(1.,0.));
#5396 = ( GEOMETRIC_REPRESENTATION_CONTEXT(2) 
PARAMETRIC_REPRESENTATION_CONTEXT() REPRESENTATION_CONTEXT('2D SPACE',''
  ) );
#5397 = ORIENTED_EDGE('',*,*,#5398,.F.);
#5398 = EDGE_CURVE('',#5399,#5376,#5401,.T.);
#5399 = VERTEX_POINT('',#5400);
#5400 = CARTESIAN_POINT('',(54.675,-86.59,0.755));
#5401 = SURFACE_CURVE('',#5402,(#5406,#5413),.PCURVE_S1.);
#5402 = LINE('',#5403,#5404);
#5403 = CARTESIAN_POINT('',(54.675,-86.59,0.755));
#5404 = VECTOR('',#5405,1.);
#5405 = DIRECTION('',(-1.,0.,0.));
#5406 = PCURVE('',#73,#5407);
#5407 = DEFINITIONAL_REPRESENTATION('',(#5408),#5412);
#5408 = LINE('',#5409,#5410);
#5409 = CARTESIAN_POINT('',(54.675,-86.59));
#5410 = VECTOR('',#5411,1.);
#5411 = DIRECTION('',(-1.,0.));
#5412 = ( GEOMETRIC_REPRESENTATION_CONTEXT(2) 
PARAMETRIC_REPRESENTATION_CONTEXT() REPRESENTATION_CONTEXT('2D SPACE',''
  ) );
#5413 = PCURVE('',#466,#5414);
#5414 = DEFINITIONAL_REPRESENTATION('',(#5415),#5419);
#5415 = LINE('',#5416,#5417);
#5416 = CARTESIAN_POINT('',(0.,-0.71));
#5417 = VECTOR('',#5418,1.);
#5418 = DIRECTION('',(1.,0.));
#5419 = ( GEOMETRIC_REPRESENTATION_CONTEXT(2) 
PARAMETRIC_REPRESENTATION_CONTEXT() REPRESENTATION_CONTEXT('2D SPACE',''
  ) );
#5420 = ORIENTED_EDGE('',*,*,#5421,.F.);
#5421 = EDGE_CURVE('',#5422,#5399,#5424,.T.);
#5422 = VERTEX_POINT('',#5423);
#5423 = CARTESIAN_POINT('',(54.675,-92.64,0.755));
#5424 = SURFACE_CURVE('',#5425,(#5429,#5436),.PCURVE_S1.);
#5425 = LINE('',#5426,#5427);
#5426 = CARTESIAN_POINT('',(54.675,-92.64,0.755));
#5427 = VECTOR('',#5428,1.);
#5428 = DIRECTION('',(0.,1.,0.));
#5429 = PCURVE('',#73,#5430);
#5430 = DEFINITIONAL_REPRESENTATION('',(#5431),#5435);
#5431 = LINE('',#5432,#5433);
#5432 = CARTESIAN_POINT('',(54.675,-92.64));
#5433 = VECTOR('',#5434,1.);
#5434 = DIRECTION('',(0.,1.));
#5435 = ( GEOMETRIC_REPRESENTATION_CONTEXT(2) 
PARAMETRIC_REPRESENTATION_CONTEXT() REPRESENTATION_CONTEXT('2D SPACE',''
  ) );
#5436 = PCURVE('',#494,#5437);
#5437 = DEFINITIONAL_REPRESENTATION('',(#5438),#5442);
#5438 = LINE('',#5439,#5440);
#5439 = CARTESIAN_POINT('',(0.,-0.71));
#5440 = VECTOR('',#5441,1.);
#5441 = DIRECTION('',(1.,0.));
#5442 = ( GEOMETRIC_REPRESENTATION_CONTEXT(2) 
PARAMETRIC_REPRESENTATION_CONTEXT() REPRESENTATION_CONTEXT('2D SPACE',''
  ) );
#5443 = ORIENTED_EDGE('',*,*,#5444,.F.);
#5444 = EDGE_CURVE('',#5445,#5422,#5447,.T.);
#5445 = VERTEX_POINT('',#5446);
#5446 = CARTESIAN_POINT('',(56.,-92.64,0.755));
#5447 = SURFACE_CURVE('',#5448,(#5452,#5459),.PCURVE_S1.);
#5448 = LINE('',#5449,#5450);
#5449 = CARTESIAN_POINT('',(56.,-92.64,0.755));
#5450 = VECTOR('',#5451,1.);
#5451 = DIRECTION('',(-1.,0.,0.));
#5452 = PCURVE('',#73,#5453);
#5453 = DEFINITIONAL_REPRESENTATION('',(#5454),#5458);
#5454 = LINE('',#5455,#5456);
#5455 = CARTESIAN_POINT('',(56.,-92.64));
#5456 = VECTOR('',#5457,1.);
#5457 = DIRECTION('',(-1.,0.));
#5458 = ( GEOMETRIC_REPRESENTATION_CONTEXT(2) 
PARAMETRIC_REPRESENTATION_CONTEXT() REPRESENTATION_CONTEXT('2D SPACE',''
  ) );
#5459 = PCURVE('',#522,#5460);
#5460 = DEFINITIONAL_REPRESENTATION('',(#5461),#5465);
#5461 = LINE('',#5462,#5463);
#5462 = CARTESIAN_POINT('',(0.,-0.71));
#5463 = VECTOR('',#5464,1.);
#5464 = DIRECTION('',(1.,0.));
#5465 = ( GEOMETRIC_REPRESENTATION_CONTEXT(2) 
PARAMETRIC_REPRESENTATION_CONTEXT() REPRESENTATION_CONTEXT('2D SPACE',''
  ) );
#5466 = ORIENTED_EDGE('',*,*,#5467,.F.);
#5467 = EDGE_CURVE('',#229,#5445,#5468,.T.);
#5468 = SURFACE_CURVE('',#5469,(#5474,#5485),.PCURVE_S1.);
#5469 = CIRCLE('',#5470,2.000001920065);
#5470 = AXIS2_PLACEMENT_3D('',#5471,#5472,#5473);
#5471 = CARTESIAN_POINT('',(55.999998079936,-90.63999807993,0.755));
#5472 = DIRECTION('',(0.,0.,-1.));
#5473 = DIRECTION('',(1.,-9.600311179815E-07,0.));
#5474 = PCURVE('',#73,#5475);
#5475 = DEFINITIONAL_REPRESENTATION('',(#5476),#5484);
#5476 = ( BOUNDED_CURVE() B_SPLINE_CURVE(2,(#5477,#5478,#5479,#5480,
#5481,#5482,#5483),.UNSPECIFIED.,.T.,.F.) B_SPLINE_CURVE_WITH_KNOTS((1,2
    ,2,2,2,1),(-2.094395102393,0.,2.094395102393,4.188790204786,
6.28318530718,8.377580409573),.UNSPECIFIED.) CURVE() 
GEOMETRIC_REPRESENTATION_ITEM() RATIONAL_B_SPLINE_CURVE((1.,0.5,1.,0.5,
1.,0.5,1.)) REPRESENTATION_ITEM('') );
#5477 = CARTESIAN_POINT('',(58.,-90.63999999999));
#5478 = CARTESIAN_POINT('',(57.999996674352,-94.10410494078));
#5479 = CARTESIAN_POINT('',(54.99999545708,-92.37204959029));
#5480 = CARTESIAN_POINT('',(51.999994239808,-90.6399942398));
#5481 = CARTESIAN_POINT('',(54.999998782728,-88.9079446495));
#5482 = CARTESIAN_POINT('',(58.000003325649,-87.1758950592));
#5483 = CARTESIAN_POINT('',(58.,-90.63999999999));
#5484 = ( GEOMETRIC_REPRESENTATION_CONTEXT(2) 
PARAMETRIC_REPRESENTATION_CONTEXT() REPRESENTATION_CONTEXT('2D SPACE',''
  ) );
#5485 = PCURVE('',#267,#5486);
#5486 = DEFINITIONAL_REPRESENTATION('',(#5487),#5491);
#5487 = LINE('',#5488,#5489);
#5488 = CARTESIAN_POINT('',(0.,-0.71));
#5489 = VECTOR('',#5490,1.);
#5490 = DIRECTION('',(1.,0.));
#5491 = ( GEOMETRIC_REPRESENTATION_CONTEXT(2) 
PARAMETRIC_REPRESENTATION_CONTEXT() REPRESENTATION_CONTEXT('2D SPACE',''
  ) );
#5492 = ORIENTED_EDGE('',*,*,#228,.F.);
#5493 = FACE_BOUND('',#5494,.T.);
#5494 = EDGE_LOOP('',(#5495));
#5495 = ORIENTED_EDGE('',*,*,#5496,.T.);
#5496 = EDGE_CURVE('',#5497,#5497,#5499,.T.);
#5497 = VERTEX_POINT('',#5498);
#5498 = CARTESIAN_POINT('',(9.0584,-86.9894,0.755));
#5499 = SURFACE_CURVE('',#5500,(#5505,#5516),.PCURVE_S1.);
#5500 = CIRCLE('',#5501,0.15);
#5501 = AXIS2_PLACEMENT_3D('',#5502,#5503,#5504);
#5502 = CARTESIAN_POINT('',(9.0584,-86.8394,0.755));
#5503 = DIRECTION('',(0.,-0.,-1.));
#5504 = DIRECTION('',(1.184237892933E-14,-1.,0.));
#5505 = PCURVE('',#73,#5506);
#5506 = DEFINITIONAL_REPRESENTATION('',(#5507),#5515);
#5507 = ( BOUNDED_CURVE() B_SPLINE_CURVE(2,(#5508,#5509,#5510,#5511,
#5512,#5513,#5514),.UNSPECIFIED.,.T.,.F.) B_SPLINE_CURVE_WITH_KNOTS((1,2
    ,2,2,2,1),(-2.094395102393,0.,2.094395102393,4.188790204786,
6.28318530718,8.377580409573),.UNSPECIFIED.) CURVE() 
GEOMETRIC_REPRESENTATION_ITEM() RATIONAL_B_SPLINE_CURVE((1.,0.5,1.,0.5,
1.,0.5,1.)) REPRESENTATION_ITEM('') );
#5508 = CARTESIAN_POINT('',(9.0584,-86.9894));
#5509 = CARTESIAN_POINT('',(8.798592378865,-86.9894));
#5510 = CARTESIAN_POINT('',(8.928496189432,-86.7644));
#5511 = CARTESIAN_POINT('',(9.0584,-86.5394));
#5512 = CARTESIAN_POINT('',(9.188303810568,-86.7644));
#5513 = CARTESIAN_POINT('',(9.318207621135,-86.9894));
#5514 = CARTESIAN_POINT('',(9.0584,-86.9894));
#5515 = ( GEOMETRIC_REPRESENTATION_CONTEXT(2) 
PARAMETRIC_REPRESENTATION_CONTEXT() REPRESENTATION_CONTEXT('2D SPACE',''
  ) );
#5516 = PCURVE('',#584,#5517);
#5517 = DEFINITIONAL_REPRESENTATION('',(#5518),#5522);
#5518 = LINE('',#5519,#5520);
#5519 = CARTESIAN_POINT('',(0.,-0.746));
#5520 = VECTOR('',#5521,1.);
#5521 = DIRECTION('',(1.,0.));
#5522 = ( GEOMETRIC_REPRESENTATION_CONTEXT(2) 
PARAMETRIC_REPRESENTATION_CONTEXT() REPRESENTATION_CONTEXT('2D SPACE',''
  ) );
#5523 = FACE_BOUND('',#5524,.T.);
#5524 = EDGE_LOOP('',(#5525));
#5525 = ORIENTED_EDGE('',*,*,#5526,.T.);
#5526 = EDGE_CURVE('',#5527,#5527,#5529,.T.);
#5527 = VERTEX_POINT('',#5528);
#5528 = CARTESIAN_POINT('',(16.3406,-84.0587,0.755));
#5529 = SURFACE_CURVE('',#5530,(#5535,#5546),.PCURVE_S1.);
#5530 = CIRCLE('',#5531,0.15);
#5531 = AXIS2_PLACEMENT_3D('',#5532,#5533,#5534);
#5532 = CARTESIAN_POINT('',(16.3406,-83.9087,0.755));
#5533 = DIRECTION('',(-0.,0.,-1.));
#5534 = DIRECTION('',(-2.368475785867E-14,-1.,0.));
#5535 = PCURVE('',#73,#5536);
#5536 = DEFINITIONAL_REPRESENTATION('',(#5537),#5545);
#5537 = ( BOUNDED_CURVE() B_SPLINE_CURVE(2,(#5538,#5539,#5540,#5541,
#5542,#5543,#5544),.UNSPECIFIED.,.T.,.F.) B_SPLINE_CURVE_WITH_KNOTS((1,2
    ,2,2,2,1),(-2.094395102393,0.,2.094395102393,4.188790204786,
6.28318530718,8.377580409573),.UNSPECIFIED.) CURVE() 
GEOMETRIC_REPRESENTATION_ITEM() RATIONAL_B_SPLINE_CURVE((1.,0.5,1.,0.5,
1.,0.5,1.)) REPRESENTATION_ITEM('') );
#5538 = CARTESIAN_POINT('',(16.3406,-84.0587));
#5539 = CARTESIAN_POINT('',(16.080792378865,-84.0587));
#5540 = CARTESIAN_POINT('',(16.210696189432,-83.8337));
#5541 = CARTESIAN_POINT('',(16.3406,-83.6087));
#5542 = CARTESIAN_POINT('',(16.470503810568,-83.8337));
#5543 = CARTESIAN_POINT('',(16.600407621135,-84.0587));
#5544 = CARTESIAN_POINT('',(16.3406,-84.0587));
#5545 = ( GEOMETRIC_REPRESENTATION_CONTEXT(2) 
PARAMETRIC_REPRESENTATION_CONTEXT() REPRESENTATION_CONTEXT('2D SPACE',''
  ) );
#5546 = PCURVE('',#619,#5547);
#5547 = DEFINITIONAL_REPRESENTATION('',(#5548),#5552);
#5548 = LINE('',#5549,#5550);
#5549 = CARTESIAN_POINT('',(0.,-0.746));
#5550 = VECTOR('',#5551,1.);
#5551 = DIRECTION('',(1.,0.));
#5552 = ( GEOMETRIC_REPRESENTATION_CONTEXT(2) 
PARAMETRIC_REPRESENTATION_CONTEXT() REPRESENTATION_CONTEXT('2D SPACE',''
  ) );
#5553 = FACE_BOUND('',#5554,.T.);
#5554 = EDGE_LOOP('',(#5555));
#5555 = ORIENTED_EDGE('',*,*,#5556,.T.);
#5556 = EDGE_CURVE('',#5557,#5557,#5559,.T.);
#5557 = VERTEX_POINT('',#5558);
#5558 = CARTESIAN_POINT('',(5.8735,-79.0735,0.755));
#5559 = SURFACE_CURVE('',#5560,(#5565,#5576),.PCURVE_S1.);
#5560 = CIRCLE('',#5561,0.15);
#5561 = AXIS2_PLACEMENT_3D('',#5562,#5563,#5564);
#5562 = CARTESIAN_POINT('',(5.8735,-78.9235,0.755));
#5563 = DIRECTION('',(-0.,-0.,-1.));
#5564 = DIRECTION('',(0.,-1.,0.));
#5565 = PCURVE('',#73,#5566);
#5566 = DEFINITIONAL_REPRESENTATION('',(#5567),#5575);
#5567 = ( BOUNDED_CURVE() B_SPLINE_CURVE(2,(#5568,#5569,#5570,#5571,
#5572,#5573,#5574),.UNSPECIFIED.,.T.,.F.) B_SPLINE_CURVE_WITH_KNOTS((1,2
    ,2,2,2,1),(-2.094395102393,0.,2.094395102393,4.188790204786,
6.28318530718,8.377580409573),.UNSPECIFIED.) CURVE() 
GEOMETRIC_REPRESENTATION_ITEM() RATIONAL_B_SPLINE_CURVE((1.,0.5,1.,0.5,
1.,0.5,1.)) REPRESENTATION_ITEM('') );
#5568 = CARTESIAN_POINT('',(5.8735,-79.0735));
#5569 = CARTESIAN_POINT('',(5.613692378865,-79.0735));
#5570 = CARTESIAN_POINT('',(5.743596189432,-78.8485));
#5571 = CARTESIAN_POINT('',(5.8735,-78.6235));
#5572 = CARTESIAN_POINT('',(6.003403810568,-78.8485));
#5573 = CARTESIAN_POINT('',(6.133307621135,-79.0735));
#5574 = CARTESIAN_POINT('',(5.8735,-79.0735));
#5575 = ( GEOMETRIC_REPRESENTATION_CONTEXT(2) 
PARAMETRIC_REPRESENTATION_CONTEXT() REPRESENTATION_CONTEXT('2D SPACE',''
  ) );
#5576 = PCURVE('',#654,#5577);
#5577 = DEFINITIONAL_REPRESENTATION('',(#5578),#5582);
#5578 = LINE('',#5579,#5580);
#5579 = CARTESIAN_POINT('',(0.,-0.746));
#5580 = VECTOR('',#5581,1.);
#5581 = DIRECTION('',(1.,0.));
#5582 = ( GEOMETRIC_REPRESENTATION_CONTEXT(2) 
PARAMETRIC_REPRESENTATION_CONTEXT() REPRESENTATION_CONTEXT('2D SPACE',''
  ) );
#5583 = FACE_BOUND('',#5584,.T.);
#5584 = EDGE_LOOP('',(#5585));
#5585 = ORIENTED_EDGE('',*,*,#5586,.T.);
#5586 = EDGE_CURVE('',#5587,#5587,#5589,.T.);
#5587 = VERTEX_POINT('',#5588);
#5588 = CARTESIAN_POINT('',(10.5587,-82.368,0.755));
#5589 = SURFACE_CURVE('',#5590,(#5595,#5606),.PCURVE_S1.);
#5590 = CIRCLE('',#5591,0.15);
#5591 = AXIS2_PLACEMENT_3D('',#5592,#5593,#5594);
#5592 = CARTESIAN_POINT('',(10.5587,-82.218,0.755));
#5593 = DIRECTION('',(-0.,-0.,-1.));
#5594 = DIRECTION('',(0.,-1.,0.));
#5595 = PCURVE('',#73,#5596);
#5596 = DEFINITIONAL_REPRESENTATION('',(#5597),#5605);
#5597 = ( BOUNDED_CURVE() B_SPLINE_CURVE(2,(#5598,#5599,#5600,#5601,
#5602,#5603,#5604),.UNSPECIFIED.,.T.,.F.) B_SPLINE_CURVE_WITH_KNOTS((1,2
    ,2,2,2,1),(-2.094395102393,0.,2.094395102393,4.188790204786,
6.28318530718,8.377580409573),.UNSPECIFIED.) CURVE() 
GEOMETRIC_REPRESENTATION_ITEM() RATIONAL_B_SPLINE_CURVE((1.,0.5,1.,0.5,
1.,0.5,1.)) REPRESENTATION_ITEM('') );
#5598 = CARTESIAN_POINT('',(10.5587,-82.368));
#5599 = CARTESIAN_POINT('',(10.298892378865,-82.368));
#5600 = CARTESIAN_POINT('',(10.428796189432,-82.143));
#5601 = CARTESIAN_POINT('',(10.5587,-81.918));
#5602 = CARTESIAN_POINT('',(10.688603810568,-82.143));
#5603 = CARTESIAN_POINT('',(10.818507621135,-82.368));
#5604 = CARTESIAN_POINT('',(10.5587,-82.368));
#5605 = ( GEOMETRIC_REPRESENTATION_CONTEXT(2) 
PARAMETRIC_REPRESENTATION_CONTEXT() REPRESENTATION_CONTEXT('2D SPACE',''
  ) );
#5606 = PCURVE('',#689,#5607);
#5607 = DEFINITIONAL_REPRESENTATION('',(#5608),#5612);
#5608 = LINE('',#5609,#5610);
#5609 = CARTESIAN_POINT('',(0.,-0.746));
#5610 = VECTOR('',#5611,1.);
#5611 = DIRECTION('',(1.,0.));
#5612 = ( GEOMETRIC_REPRESENTATION_CONTEXT(2) 
PARAMETRIC_REPRESENTATION_CONTEXT() REPRESENTATION_CONTEXT('2D SPACE',''
  ) );
#5613 = FACE_BOUND('',#5614,.T.);
#5614 = EDGE_LOOP('',(#5615));
#5615 = ORIENTED_EDGE('',*,*,#5616,.T.);
#5616 = EDGE_CURVE('',#5617,#5617,#5619,.T.);
#5617 = VERTEX_POINT('',#5618);
#5618 = CARTESIAN_POINT('',(9.8781,-79.0781,0.755));
#5619 = SURFACE_CURVE('',#5620,(#5625,#5636),.PCURVE_S1.);
#5620 = CIRCLE('',#5621,0.15);
#5621 = AXIS2_PLACEMENT_3D('',#5622,#5623,#5624);
#5622 = CARTESIAN_POINT('',(9.8781,-78.9281,0.755));
#5623 = DIRECTION('',(-0.,-0.,-1.));
#5624 = DIRECTION('',(0.,-1.,0.));
#5625 = PCURVE('',#73,#5626);
#5626 = DEFINITIONAL_REPRESENTATION('',(#5627),#5635);
#5627 = ( BOUNDED_CURVE() B_SPLINE_CURVE(2,(#5628,#5629,#5630,#5631,
#5632,#5633,#5634),.UNSPECIFIED.,.T.,.F.) B_SPLINE_CURVE_WITH_KNOTS((1,2
    ,2,2,2,1),(-2.094395102393,0.,2.094395102393,4.188790204786,
6.28318530718,8.377580409573),.UNSPECIFIED.) CURVE() 
GEOMETRIC_REPRESENTATION_ITEM() RATIONAL_B_SPLINE_CURVE((1.,0.5,1.,0.5,
1.,0.5,1.)) REPRESENTATION_ITEM('') );
#5628 = CARTESIAN_POINT('',(9.8781,-79.0781));
#5629 = CARTESIAN_POINT('',(9.618292378865,-79.0781));
#5630 = CARTESIAN_POINT('',(9.748196189432,-78.8531));
#5631 = CARTESIAN_POINT('',(9.8781,-78.6281));
#5632 = CARTESIAN_POINT('',(10.008003810568,-78.8531));
#5633 = CARTESIAN_POINT('',(10.137907621135,-79.0781));
#5634 = CARTESIAN_POINT('',(9.8781,-79.0781));
#5635 = ( GEOMETRIC_REPRESENTATION_CONTEXT(2) 
PARAMETRIC_REPRESENTATION_CONTEXT() REPRESENTATION_CONTEXT('2D SPACE',''
  ) );
#5636 = PCURVE('',#724,#5637);
#5637 = DEFINITIONAL_REPRESENTATION('',(#5638),#5642);
#5638 = LINE('',#5639,#5640);
#5639 = CARTESIAN_POINT('',(0.,-0.746));
#5640 = VECTOR('',#5641,1.);
#5641 = DIRECTION('',(1.,0.));
#5642 = ( GEOMETRIC_REPRESENTATION_CONTEXT(2) 
PARAMETRIC_REPRESENTATION_CONTEXT() REPRESENTATION_CONTEXT('2D SPACE',''
  ) );
#5643 = FACE_BOUND('',#5644,.T.);
#5644 = EDGE_LOOP('',(#5645));
#5645 = ORIENTED_EDGE('',*,*,#5646,.T.);
#5646 = EDGE_CURVE('',#5647,#5647,#5649,.T.);
#5647 = VERTEX_POINT('',#5648);
#5648 = CARTESIAN_POINT('',(12.2072,-81.6215,0.755));
#5649 = SURFACE_CURVE('',#5650,(#5655,#5666),.PCURVE_S1.);
#5650 = CIRCLE('',#5651,0.15);
#5651 = AXIS2_PLACEMENT_3D('',#5652,#5653,#5654);
#5652 = CARTESIAN_POINT('',(12.2072,-81.4715,0.755));
#5653 = DIRECTION('',(-0.,-0.,-1.));
#5654 = DIRECTION('',(0.,-1.,0.));
#5655 = PCURVE('',#73,#5656);
#5656 = DEFINITIONAL_REPRESENTATION('',(#5657),#5665);
#5657 = ( BOUNDED_CURVE() B_SPLINE_CURVE(2,(#5658,#5659,#5660,#5661,
#5662,#5663,#5664),.UNSPECIFIED.,.T.,.F.) B_SPLINE_CURVE_WITH_KNOTS((1,2
    ,2,2,2,1),(-2.094395102393,0.,2.094395102393,4.188790204786,
6.28318530718,8.377580409573),.UNSPECIFIED.) CURVE() 
GEOMETRIC_REPRESENTATION_ITEM() RATIONAL_B_SPLINE_CURVE((1.,0.5,1.,0.5,
1.,0.5,1.)) REPRESENTATION_ITEM('') );
#5658 = CARTESIAN_POINT('',(12.2072,-81.6215));
#5659 = CARTESIAN_POINT('',(11.947392378865,-81.6215));
#5660 = CARTESIAN_POINT('',(12.077296189432,-81.3965));
#5661 = CARTESIAN_POINT('',(12.2072,-81.1715));
#5662 = CARTESIAN_POINT('',(12.337103810568,-81.3965));
#5663 = CARTESIAN_POINT('',(12.467007621135,-81.6215));
#5664 = CARTESIAN_POINT('',(12.2072,-81.6215));
#5665 = ( GEOMETRIC_REPRESENTATION_CONTEXT(2) 
PARAMETRIC_REPRESENTATION_CONTEXT() REPRESENTATION_CONTEXT('2D SPACE',''
  ) );
#5666 = PCURVE('',#759,#5667);
#5667 = DEFINITIONAL_REPRESENTATION('',(#5668),#5672);
#5668 = LINE('',#5669,#5670);
#5669 = CARTESIAN_POINT('',(0.,-0.746));
#5670 = VECTOR('',#5671,1.);
#5671 = DIRECTION('',(1.,0.));
#5672 = ( GEOMETRIC_REPRESENTATION_CONTEXT(2) 
PARAMETRIC_REPRESENTATION_CONTEXT() REPRESENTATION_CONTEXT('2D SPACE',''
  ) );
#5673 = FACE_BOUND('',#5674,.T.);
#5674 = EDGE_LOOP('',(#5675));
#5675 = ORIENTED_EDGE('',*,*,#5676,.T.);
#5676 = EDGE_CURVE('',#5677,#5677,#5679,.T.);
#5677 = VERTEX_POINT('',#5678);
#5678 = CARTESIAN_POINT('',(12.2072,-79.1379,0.755));
#5679 = SURFACE_CURVE('',#5680,(#5685,#5696),.PCURVE_S1.);
#5680 = CIRCLE('',#5681,0.15);
#5681 = AXIS2_PLACEMENT_3D('',#5682,#5683,#5684);
#5682 = CARTESIAN_POINT('',(12.2072,-78.9879,0.755));
#5683 = DIRECTION('',(-0.,-0.,-1.));
#5684 = DIRECTION('',(0.,-1.,0.));
#5685 = PCURVE('',#73,#5686);
#5686 = DEFINITIONAL_REPRESENTATION('',(#5687),#5695);
#5687 = ( BOUNDED_CURVE() B_SPLINE_CURVE(2,(#5688,#5689,#5690,#5691,
#5692,#5693,#5694),.UNSPECIFIED.,.T.,.F.) B_SPLINE_CURVE_WITH_KNOTS((1,2
    ,2,2,2,1),(-2.094395102393,0.,2.094395102393,4.188790204786,
6.28318530718,8.377580409573),.UNSPECIFIED.) CURVE() 
GEOMETRIC_REPRESENTATION_ITEM() RATIONAL_B_SPLINE_CURVE((1.,0.5,1.,0.5,
1.,0.5,1.)) REPRESENTATION_ITEM('') );
#5688 = CARTESIAN_POINT('',(12.2072,-79.1379));
#5689 = CARTESIAN_POINT('',(11.947392378865,-79.1379));
#5690 = CARTESIAN_POINT('',(12.077296189432,-78.9129));
#5691 = CARTESIAN_POINT('',(12.2072,-78.6879));
#5692 = CARTESIAN_POINT('',(12.337103810568,-78.9129));
#5693 = CARTESIAN_POINT('',(12.467007621135,-79.1379));
#5694 = CARTESIAN_POINT('',(12.2072,-79.1379));
#5695 = ( GEOMETRIC_REPRESENTATION_CONTEXT(2) 
PARAMETRIC_REPRESENTATION_CONTEXT() REPRESENTATION_CONTEXT('2D SPACE',''
  ) );
#5696 = PCURVE('',#794,#5697);
#5697 = DEFINITIONAL_REPRESENTATION('',(#5698),#5702);
#5698 = LINE('',#5699,#5700);
#5699 = CARTESIAN_POINT('',(0.,-0.746));
#5700 = VECTOR('',#5701,1.);
#5701 = DIRECTION('',(1.,0.));
#5702 = ( GEOMETRIC_REPRESENTATION_CONTEXT(2) 
PARAMETRIC_REPRESENTATION_CONTEXT() REPRESENTATION_CONTEXT('2D SPACE',''
  ) );
#5703 = FACE_BOUND('',#5704,.T.);
#5704 = EDGE_LOOP('',(#5705));
#5705 = ORIENTED_EDGE('',*,*,#5706,.T.);
#5706 = EDGE_CURVE('',#5707,#5707,#5709,.T.);
#5707 = VERTEX_POINT('',#5708);
#5708 = CARTESIAN_POINT('',(16.84,-82.2892,0.755));
#5709 = SURFACE_CURVE('',#5710,(#5715,#5726),.PCURVE_S1.);
#5710 = CIRCLE('',#5711,0.15);
#5711 = AXIS2_PLACEMENT_3D('',#5712,#5713,#5714);
#5712 = CARTESIAN_POINT('',(16.84,-82.1392,0.755));
#5713 = DIRECTION('',(-0.,-0.,-1.));
#5714 = DIRECTION('',(0.,-1.,0.));
#5715 = PCURVE('',#73,#5716);
#5716 = DEFINITIONAL_REPRESENTATION('',(#5717),#5725);
#5717 = ( BOUNDED_CURVE() B_SPLINE_CURVE(2,(#5718,#5719,#5720,#5721,
#5722,#5723,#5724),.UNSPECIFIED.,.T.,.F.) B_SPLINE_CURVE_WITH_KNOTS((1,2
    ,2,2,2,1),(-2.094395102393,0.,2.094395102393,4.188790204786,
6.28318530718,8.377580409573),.UNSPECIFIED.) CURVE() 
GEOMETRIC_REPRESENTATION_ITEM() RATIONAL_B_SPLINE_CURVE((1.,0.5,1.,0.5,
1.,0.5,1.)) REPRESENTATION_ITEM('') );
#5718 = CARTESIAN_POINT('',(16.84,-82.2892));
#5719 = CARTESIAN_POINT('',(16.580192378865,-82.2892));
#5720 = CARTESIAN_POINT('',(16.710096189432,-82.0642));
#5721 = CARTESIAN_POINT('',(16.84,-81.8392));
#5722 = CARTESIAN_POINT('',(16.969903810568,-82.0642));
#5723 = CARTESIAN_POINT('',(17.099807621135,-82.2892));
#5724 = CARTESIAN_POINT('',(16.84,-82.2892));
#5725 = ( GEOMETRIC_REPRESENTATION_CONTEXT(2) 
PARAMETRIC_REPRESENTATION_CONTEXT() REPRESENTATION_CONTEXT('2D SPACE',''
  ) );
#5726 = PCURVE('',#829,#5727);
#5727 = DEFINITIONAL_REPRESENTATION('',(#5728),#5732);
#5728 = LINE('',#5729,#5730);
#5729 = CARTESIAN_POINT('',(0.,-0.746));
#5730 = VECTOR('',#5731,1.);
#5731 = DIRECTION('',(1.,0.));
#5732 = ( GEOMETRIC_REPRESENTATION_CONTEXT(2) 
PARAMETRIC_REPRESENTATION_CONTEXT() REPRESENTATION_CONTEXT('2D SPACE',''
  ) );
#5733 = FACE_BOUND('',#5734,.T.);
#5734 = EDGE_LOOP('',(#5735));
#5735 = ORIENTED_EDGE('',*,*,#5736,.T.);
#5736 = EDGE_CURVE('',#5737,#5737,#5739,.T.);
#5737 = VERTEX_POINT('',#5738);
#5738 = CARTESIAN_POINT('',(14.1265,-73.7468,0.755));
#5739 = SURFACE_CURVE('',#5740,(#5745,#5756),.PCURVE_S1.);
#5740 = CIRCLE('',#5741,0.15);
#5741 = AXIS2_PLACEMENT_3D('',#5742,#5743,#5744);
#5742 = CARTESIAN_POINT('',(14.1265,-73.5968,0.755));
#5743 = DIRECTION('',(-0.,-0.,-1.));
#5744 = DIRECTION('',(0.,-1.,0.));
#5745 = PCURVE('',#73,#5746);
#5746 = DEFINITIONAL_REPRESENTATION('',(#5747),#5755);
#5747 = ( BOUNDED_CURVE() B_SPLINE_CURVE(2,(#5748,#5749,#5750,#5751,
#5752,#5753,#5754),.UNSPECIFIED.,.T.,.F.) B_SPLINE_CURVE_WITH_KNOTS((1,2
    ,2,2,2,1),(-2.094395102393,0.,2.094395102393,4.188790204786,
6.28318530718,8.377580409573),.UNSPECIFIED.) CURVE() 
GEOMETRIC_REPRESENTATION_ITEM() RATIONAL_B_SPLINE_CURVE((1.,0.5,1.,0.5,
1.,0.5,1.)) REPRESENTATION_ITEM('') );
#5748 = CARTESIAN_POINT('',(14.1265,-73.7468));
#5749 = CARTESIAN_POINT('',(13.866692378865,-73.7468));
#5750 = CARTESIAN_POINT('',(13.996596189432,-73.5218));
#5751 = CARTESIAN_POINT('',(14.1265,-73.2968));
#5752 = CARTESIAN_POINT('',(14.256403810568,-73.5218));
#5753 = CARTESIAN_POINT('',(14.386307621135,-73.7468));
#5754 = CARTESIAN_POINT('',(14.1265,-73.7468));
#5755 = ( GEOMETRIC_REPRESENTATION_CONTEXT(2) 
PARAMETRIC_REPRESENTATION_CONTEXT() REPRESENTATION_CONTEXT('2D SPACE',''
  ) );
#5756 = PCURVE('',#864,#5757);
#5757 = DEFINITIONAL_REPRESENTATION('',(#5758),#5762);
#5758 = LINE('',#5759,#5760);
#5759 = CARTESIAN_POINT('',(0.,-0.746));
#5760 = VECTOR('',#5761,1.);
#5761 = DIRECTION('',(1.,0.));
#5762 = ( GEOMETRIC_REPRESENTATION_CONTEXT(2) 
PARAMETRIC_REPRESENTATION_CONTEXT() REPRESENTATION_CONTEXT('2D SPACE',''
  ) );
#5763 = FACE_BOUND('',#5764,.T.);
#5764 = EDGE_LOOP('',(#5765));
#5765 = ORIENTED_EDGE('',*,*,#5766,.T.);
#5766 = EDGE_CURVE('',#5767,#5767,#5769,.T.);
#5767 = VERTEX_POINT('',#5768);
#5768 = CARTESIAN_POINT('',(21.9848,-84.0479,0.755));
#5769 = SURFACE_CURVE('',#5770,(#5775,#5786),.PCURVE_S1.);
#5770 = CIRCLE('',#5771,0.15);
#5771 = AXIS2_PLACEMENT_3D('',#5772,#5773,#5774);
#5772 = CARTESIAN_POINT('',(21.9848,-83.8979,0.755));
#5773 = DIRECTION('',(-0.,-0.,-1.));
#5774 = DIRECTION('',(0.,-1.,0.));
#5775 = PCURVE('',#73,#5776);
#5776 = DEFINITIONAL_REPRESENTATION('',(#5777),#5785);
#5777 = ( BOUNDED_CURVE() B_SPLINE_CURVE(2,(#5778,#5779,#5780,#5781,
#5782,#5783,#5784),.UNSPECIFIED.,.T.,.F.) B_SPLINE_CURVE_WITH_KNOTS((1,2
    ,2,2,2,1),(-2.094395102393,0.,2.094395102393,4.188790204786,
6.28318530718,8.377580409573),.UNSPECIFIED.) CURVE() 
GEOMETRIC_REPRESENTATION_ITEM() RATIONAL_B_SPLINE_CURVE((1.,0.5,1.,0.5,
1.,0.5,1.)) REPRESENTATION_ITEM('') );
#5778 = CARTESIAN_POINT('',(21.9848,-84.0479));
#5779 = CARTESIAN_POINT('',(21.724992378865,-84.0479));
#5780 = CARTESIAN_POINT('',(21.854896189432,-83.8229));
#5781 = CARTESIAN_POINT('',(21.9848,-83.5979));
#5782 = CARTESIAN_POINT('',(22.114703810568,-83.8229));
#5783 = CARTESIAN_POINT('',(22.244607621135,-84.0479));
#5784 = CARTESIAN_POINT('',(21.9848,-84.0479));
#5785 = ( GEOMETRIC_REPRESENTATION_CONTEXT(2) 
PARAMETRIC_REPRESENTATION_CONTEXT() REPRESENTATION_CONTEXT('2D SPACE',''
  ) );
#5786 = PCURVE('',#899,#5787);
#5787 = DEFINITIONAL_REPRESENTATION('',(#5788),#5792);
#5788 = LINE('',#5789,#5790);
#5789 = CARTESIAN_POINT('',(0.,-0.746));
#5790 = VECTOR('',#5791,1.);
#5791 = DIRECTION('',(1.,0.));
#5792 = ( GEOMETRIC_REPRESENTATION_CONTEXT(2) 
PARAMETRIC_REPRESENTATION_CONTEXT() REPRESENTATION_CONTEXT('2D SPACE',''
  ) );
#5793 = FACE_BOUND('',#5794,.T.);
#5794 = EDGE_LOOP('',(#5795,#5821,#5844,#5868));
#5795 = ORIENTED_EDGE('',*,*,#5796,.F.);
#5796 = EDGE_CURVE('',#5797,#5799,#5801,.T.);
#5797 = VERTEX_POINT('',#5798);
#5798 = CARTESIAN_POINT('',(13.7,-88.,0.755));
#5799 = VERTEX_POINT('',#5800);
#5800 = CARTESIAN_POINT('',(13.7,-89.4,0.755));
#5801 = SURFACE_CURVE('',#5802,(#5807,#5814),.PCURVE_S1.);
#5802 = CIRCLE('',#5803,0.7);
#5803 = AXIS2_PLACEMENT_3D('',#5804,#5805,#5806);
#5804 = CARTESIAN_POINT('',(13.7,-88.7,0.755));
#5805 = DIRECTION('',(0.,0.,1.));
#5806 = DIRECTION('',(-1.522591576629E-14,1.,0.));
#5807 = PCURVE('',#73,#5808);
#5808 = DEFINITIONAL_REPRESENTATION('',(#5809),#5813);
#5809 = CIRCLE('',#5810,0.7);
#5810 = AXIS2_PLACEMENT_2D('',#5811,#5812);
#5811 = CARTESIAN_POINT('',(13.7,-88.7));
#5812 = DIRECTION('',(-1.522591576629E-14,1.));
#5813 = ( GEOMETRIC_REPRESENTATION_CONTEXT(2) 
PARAMETRIC_REPRESENTATION_CONTEXT() REPRESENTATION_CONTEXT('2D SPACE',''
  ) );
#5814 = PCURVE('',#932,#5815);
#5815 = DEFINITIONAL_REPRESENTATION('',(#5816),#5820);
#5816 = LINE('',#5817,#5818);
#5817 = CARTESIAN_POINT('',(6.28318530718,-0.71));
#5818 = VECTOR('',#5819,1.);
#5819 = DIRECTION('',(-1.,0.));
#5820 = ( GEOMETRIC_REPRESENTATION_CONTEXT(2) 
PARAMETRIC_REPRESENTATION_CONTEXT() REPRESENTATION_CONTEXT('2D SPACE',''
  ) );
#5821 = ORIENTED_EDGE('',*,*,#5822,.F.);
#5822 = EDGE_CURVE('',#5823,#5797,#5825,.T.);
#5823 = VERTEX_POINT('',#5824);
#5824 = CARTESIAN_POINT('',(40.5,-88.,0.755));
#5825 = SURFACE_CURVE('',#5826,(#5830,#5837),.PCURVE_S1.);
#5826 = LINE('',#5827,#5828);
#5827 = CARTESIAN_POINT('',(40.5,-88.,0.755));
#5828 = VECTOR('',#5829,1.);
#5829 = DIRECTION('',(-1.,0.,0.));
#5830 = PCURVE('',#73,#5831);
#5831 = DEFINITIONAL_REPRESENTATION('',(#5832),#5836);
#5832 = LINE('',#5833,#5834);
#5833 = CARTESIAN_POINT('',(40.5,-88.));
#5834 = VECTOR('',#5835,1.);
#5835 = DIRECTION('',(-1.,0.));
#5836 = ( GEOMETRIC_REPRESENTATION_CONTEXT(2) 
PARAMETRIC_REPRESENTATION_CONTEXT() REPRESENTATION_CONTEXT('2D SPACE',''
  ) );
#5837 = PCURVE('',#960,#5838);
#5838 = DEFINITIONAL_REPRESENTATION('',(#5839),#5843);
#5839 = LINE('',#5840,#5841);
#5840 = CARTESIAN_POINT('',(0.,-0.71));
#5841 = VECTOR('',#5842,1.);
#5842 = DIRECTION('',(1.,0.));
#5843 = ( GEOMETRIC_REPRESENTATION_CONTEXT(2) 
PARAMETRIC_REPRESENTATION_CONTEXT() REPRESENTATION_CONTEXT('2D SPACE',''
  ) );
#5844 = ORIENTED_EDGE('',*,*,#5845,.F.);
#5845 = EDGE_CURVE('',#5846,#5823,#5848,.T.);
#5846 = VERTEX_POINT('',#5847);
#5847 = CARTESIAN_POINT('',(40.5,-89.4,0.755));
#5848 = SURFACE_CURVE('',#5849,(#5854,#5861),.PCURVE_S1.);
#5849 = CIRCLE('',#5850,0.7);
#5850 = AXIS2_PLACEMENT_3D('',#5851,#5852,#5853);
#5851 = CARTESIAN_POINT('',(40.5,-88.7,0.755));
#5852 = DIRECTION('',(-0.,0.,1.));
#5853 = DIRECTION('',(1.015061051086E-14,-1.,0.));
#5854 = PCURVE('',#73,#5855);
#5855 = DEFINITIONAL_REPRESENTATION('',(#5856),#5860);
#5856 = CIRCLE('',#5857,0.7);
#5857 = AXIS2_PLACEMENT_2D('',#5858,#5859);
#5858 = CARTESIAN_POINT('',(40.5,-88.7));
#5859 = DIRECTION('',(1.015061051086E-14,-1.));
#5860 = ( GEOMETRIC_REPRESENTATION_CONTEXT(2) 
PARAMETRIC_REPRESENTATION_CONTEXT() REPRESENTATION_CONTEXT('2D SPACE',''
  ) );
#5861 = PCURVE('',#989,#5862);
#5862 = DEFINITIONAL_REPRESENTATION('',(#5863),#5867);
#5863 = LINE('',#5864,#5865);
#5864 = CARTESIAN_POINT('',(6.28318530718,-0.71));
#5865 = VECTOR('',#5866,1.);
#5866 = DIRECTION('',(-1.,0.));
#5867 = ( GEOMETRIC_REPRESENTATION_CONTEXT(2) 
PARAMETRIC_REPRESENTATION_CONTEXT() REPRESENTATION_CONTEXT('2D SPACE',''
  ) );
#5868 = ORIENTED_EDGE('',*,*,#5869,.F.);
#5869 = EDGE_CURVE('',#5799,#5846,#5870,.T.);
#5870 = SURFACE_CURVE('',#5871,(#5875,#5882),.PCURVE_S1.);
#5871 = LINE('',#5872,#5873);
#5872 = CARTESIAN_POINT('',(13.7,-89.4,0.755));
#5873 = VECTOR('',#5874,1.);
#5874 = DIRECTION('',(1.,0.,0.));
#5875 = PCURVE('',#73,#5876);
#5876 = DEFINITIONAL_REPRESENTATION('',(#5877),#5881);
#5877 = LINE('',#5878,#5879);
#5878 = CARTESIAN_POINT('',(13.7,-89.4));
#5879 = VECTOR('',#5880,1.);
#5880 = DIRECTION('',(1.,0.));
#5881 = ( GEOMETRIC_REPRESENTATION_CONTEXT(2) 
PARAMETRIC_REPRESENTATION_CONTEXT() REPRESENTATION_CONTEXT('2D SPACE',''
  ) );
#5882 = PCURVE('',#1015,#5883);
#5883 = DEFINITIONAL_REPRESENTATION('',(#5884),#5888);
#5884 = LINE('',#5885,#5886);
#5885 = CARTESIAN_POINT('',(0.,-0.71));
#5886 = VECTOR('',#5887,1.);
#5887 = DIRECTION('',(1.,0.));
#5888 = ( GEOMETRIC_REPRESENTATION_CONTEXT(2) 
PARAMETRIC_REPRESENTATION_CONTEXT() REPRESENTATION_CONTEXT('2D SPACE',''
  ) );
#5889 = FACE_BOUND('',#5890,.T.);
#5890 = EDGE_LOOP('',(#5891));
#5891 = ORIENTED_EDGE('',*,*,#5892,.T.);
#5892 = EDGE_CURVE('',#5893,#5893,#5895,.T.);
#5893 = VERTEX_POINT('',#5894);
#5894 = CARTESIAN_POINT('',(25.34,-84.0085,0.755));
#5895 = SURFACE_CURVE('',#5896,(#5901,#5912),.PCURVE_S1.);
#5896 = CIRCLE('',#5897,0.15);
#5897 = AXIS2_PLACEMENT_3D('',#5898,#5899,#5900);
#5898 = CARTESIAN_POINT('',(25.34,-83.8585,0.755));
#5899 = DIRECTION('',(-0.,-0.,-1.));
#5900 = DIRECTION('',(0.,-1.,0.));
#5901 = PCURVE('',#73,#5902);
#5902 = DEFINITIONAL_REPRESENTATION('',(#5903),#5911);
#5903 = ( BOUNDED_CURVE() B_SPLINE_CURVE(2,(#5904,#5905,#5906,#5907,
#5908,#5909,#5910),.UNSPECIFIED.,.T.,.F.) B_SPLINE_CURVE_WITH_KNOTS((1,2
    ,2,2,2,1),(-2.094395102393,0.,2.094395102393,4.188790204786,
6.28318530718,8.377580409573),.UNSPECIFIED.) CURVE() 
GEOMETRIC_REPRESENTATION_ITEM() RATIONAL_B_SPLINE_CURVE((1.,0.5,1.,0.5,
1.,0.5,1.)) REPRESENTATION_ITEM('') );
#5904 = CARTESIAN_POINT('',(25.34,-84.0085));
#5905 = CARTESIAN_POINT('',(25.080192378865,-84.0085));
#5906 = CARTESIAN_POINT('',(25.210096189432,-83.7835));
#5907 = CARTESIAN_POINT('',(25.34,-83.5585));
#5908 = CARTESIAN_POINT('',(25.469903810568,-83.7835));
#5909 = CARTESIAN_POINT('',(25.599807621135,-84.0085));
#5910 = CARTESIAN_POINT('',(25.34,-84.0085));
#5911 = ( GEOMETRIC_REPRESENTATION_CONTEXT(2) 
PARAMETRIC_REPRESENTATION_CONTEXT() REPRESENTATION_CONTEXT('2D SPACE',''
  ) );
#5912 = PCURVE('',#1050,#5913);
#5913 = DEFINITIONAL_REPRESENTATION('',(#5914),#5918);
#5914 = LINE('',#5915,#5916);
#5915 = CARTESIAN_POINT('',(0.,-0.746));
#5916 = VECTOR('',#5917,1.);
#5917 = DIRECTION('',(1.,0.));
#5918 = ( GEOMETRIC_REPRESENTATION_CONTEXT(2) 
PARAMETRIC_REPRESENTATION_CONTEXT() REPRESENTATION_CONTEXT('2D SPACE',''
  ) );
#5919 = FACE_BOUND('',#5920,.T.);
#5920 = EDGE_LOOP('',(#5921));
#5921 = ORIENTED_EDGE('',*,*,#5922,.T.);
#5922 = EDGE_CURVE('',#5923,#5923,#5925,.T.);
#5923 = VERTEX_POINT('',#5924);
#5924 = CARTESIAN_POINT('',(26.0937,-84.0504,0.755));
#5925 = SURFACE_CURVE('',#5926,(#5931,#5942),.PCURVE_S1.);
#5926 = CIRCLE('',#5927,0.15);
#5927 = AXIS2_PLACEMENT_3D('',#5928,#5929,#5930);
#5928 = CARTESIAN_POINT('',(26.0937,-83.9004,0.755));
#5929 = DIRECTION('',(-0.,-0.,-1.));
#5930 = DIRECTION('',(0.,-1.,0.));
#5931 = PCURVE('',#73,#5932);
#5932 = DEFINITIONAL_REPRESENTATION('',(#5933),#5941);
#5933 = ( BOUNDED_CURVE() B_SPLINE_CURVE(2,(#5934,#5935,#5936,#5937,
#5938,#5939,#5940),.UNSPECIFIED.,.T.,.F.) B_SPLINE_CURVE_WITH_KNOTS((1,2
    ,2,2,2,1),(-2.094395102393,0.,2.094395102393,4.188790204786,
6.28318530718,8.377580409573),.UNSPECIFIED.) CURVE() 
GEOMETRIC_REPRESENTATION_ITEM() RATIONAL_B_SPLINE_CURVE((1.,0.5,1.,0.5,
1.,0.5,1.)) REPRESENTATION_ITEM('') );
#5934 = CARTESIAN_POINT('',(26.0937,-84.0504));
#5935 = CARTESIAN_POINT('',(25.833892378865,-84.0504));
#5936 = CARTESIAN_POINT('',(25.963796189432,-83.8254));
#5937 = CARTESIAN_POINT('',(26.0937,-83.6004));
#5938 = CARTESIAN_POINT('',(26.223603810568,-83.8254));
#5939 = CARTESIAN_POINT('',(26.353507621135,-84.0504));
#5940 = CARTESIAN_POINT('',(26.0937,-84.0504));
#5941 = ( GEOMETRIC_REPRESENTATION_CONTEXT(2) 
PARAMETRIC_REPRESENTATION_CONTEXT() REPRESENTATION_CONTEXT('2D SPACE',''
  ) );
#5942 = PCURVE('',#1085,#5943);
#5943 = DEFINITIONAL_REPRESENTATION('',(#5944),#5948);
#5944 = LINE('',#5945,#5946);
#5945 = CARTESIAN_POINT('',(0.,-0.746));
#5946 = VECTOR('',#5947,1.);
#5947 = DIRECTION('',(1.,0.));
#5948 = ( GEOMETRIC_REPRESENTATION_CONTEXT(2) 
PARAMETRIC_REPRESENTATION_CONTEXT() REPRESENTATION_CONTEXT('2D SPACE',''
  ) );
#5949 = FACE_BOUND('',#5950,.T.);
#5950 = EDGE_LOOP('',(#5951));
#5951 = ORIENTED_EDGE('',*,*,#5952,.T.);
#5952 = EDGE_CURVE('',#5953,#5953,#5955,.T.);
#5953 = VERTEX_POINT('',#5954);
#5954 = CARTESIAN_POINT('',(18.8411,-82.2968,0.755));
#5955 = SURFACE_CURVE('',#5956,(#5961,#5972),.PCURVE_S1.);
#5956 = CIRCLE('',#5957,0.15);
#5957 = AXIS2_PLACEMENT_3D('',#5958,#5959,#5960);
#5958 = CARTESIAN_POINT('',(18.8411,-82.1468,0.755));
#5959 = DIRECTION('',(0.,-0.,-1.));
#5960 = DIRECTION('',(2.368475785867E-14,-1.,0.));
#5961 = PCURVE('',#73,#5962);
#5962 = DEFINITIONAL_REPRESENTATION('',(#5963),#5971);
#5963 = ( BOUNDED_CURVE() B_SPLINE_CURVE(2,(#5964,#5965,#5966,#5967,
#5968,#5969,#5970),.UNSPECIFIED.,.T.,.F.) B_SPLINE_CURVE_WITH_KNOTS((1,2
    ,2,2,2,1),(-2.094395102393,0.,2.094395102393,4.188790204786,
6.28318530718,8.377580409573),.UNSPECIFIED.) CURVE() 
GEOMETRIC_REPRESENTATION_ITEM() RATIONAL_B_SPLINE_CURVE((1.,0.5,1.,0.5,
1.,0.5,1.)) REPRESENTATION_ITEM('') );
#5964 = CARTESIAN_POINT('',(18.8411,-82.2968));
#5965 = CARTESIAN_POINT('',(18.581292378865,-82.2968));
#5966 = CARTESIAN_POINT('',(18.711196189432,-82.0718));
#5967 = CARTESIAN_POINT('',(18.8411,-81.8468));
#5968 = CARTESIAN_POINT('',(18.971003810568,-82.0718));
#5969 = CARTESIAN_POINT('',(19.100907621135,-82.2968));
#5970 = CARTESIAN_POINT('',(18.8411,-82.2968));
#5971 = ( GEOMETRIC_REPRESENTATION_CONTEXT(2) 
PARAMETRIC_REPRESENTATION_CONTEXT() REPRESENTATION_CONTEXT('2D SPACE',''
  ) );
#5972 = PCURVE('',#1120,#5973);
#5973 = DEFINITIONAL_REPRESENTATION('',(#5974),#5978);
#5974 = LINE('',#5975,#5976);
#5975 = CARTESIAN_POINT('',(0.,-0.746));
#5976 = VECTOR('',#5977,1.);
#5977 = DIRECTION('',(1.,0.));
#5978 = ( GEOMETRIC_REPRESENTATION_CONTEXT(2) 
PARAMETRIC_REPRESENTATION_CONTEXT() REPRESENTATION_CONTEXT('2D SPACE',''
  ) );
#5979 = FACE_BOUND('',#5980,.T.);
#5980 = EDGE_LOOP('',(#5981));
#5981 = ORIENTED_EDGE('',*,*,#5982,.T.);
#5982 = EDGE_CURVE('',#5983,#5983,#5985,.T.);
#5983 = VERTEX_POINT('',#5984);
#5984 = CARTESIAN_POINT('',(18.7038,-81.5173,0.755));
#5985 = SURFACE_CURVE('',#5986,(#5991,#6002),.PCURVE_S1.);
#5986 = CIRCLE('',#5987,0.15);
#5987 = AXIS2_PLACEMENT_3D('',#5988,#5989,#5990);
#5988 = CARTESIAN_POINT('',(18.7038,-81.3673,0.755));
#5989 = DIRECTION('',(-0.,-0.,-1.));
#5990 = DIRECTION('',(0.,-1.,0.));
#5991 = PCURVE('',#73,#5992);
#5992 = DEFINITIONAL_REPRESENTATION('',(#5993),#6001);
#5993 = ( BOUNDED_CURVE() B_SPLINE_CURVE(2,(#5994,#5995,#5996,#5997,
#5998,#5999,#6000),.UNSPECIFIED.,.T.,.F.) B_SPLINE_CURVE_WITH_KNOTS((1,2
    ,2,2,2,1),(-2.094395102393,0.,2.094395102393,4.188790204786,
6.28318530718,8.377580409573),.UNSPECIFIED.) CURVE() 
GEOMETRIC_REPRESENTATION_ITEM() RATIONAL_B_SPLINE_CURVE((1.,0.5,1.,0.5,
1.,0.5,1.)) REPRESENTATION_ITEM('') );
#5994 = CARTESIAN_POINT('',(18.7038,-81.5173));
#5995 = CARTESIAN_POINT('',(18.443992378865,-81.5173));
#5996 = CARTESIAN_POINT('',(18.573896189432,-81.2923));
#5997 = CARTESIAN_POINT('',(18.7038,-81.0673));
#5998 = CARTESIAN_POINT('',(18.833703810568,-81.2923));
#5999 = CARTESIAN_POINT('',(18.963607621135,-81.5173));
#6000 = CARTESIAN_POINT('',(18.7038,-81.5173));
#6001 = ( GEOMETRIC_REPRESENTATION_CONTEXT(2) 
PARAMETRIC_REPRESENTATION_CONTEXT() REPRESENTATION_CONTEXT('2D SPACE',''
  ) );
#6002 = PCURVE('',#1155,#6003);
#6003 = DEFINITIONAL_REPRESENTATION('',(#6004),#6008);
#6004 = LINE('',#6005,#6006);
#6005 = CARTESIAN_POINT('',(0.,-0.746));
#6006 = VECTOR('',#6007,1.);
#6007 = DIRECTION('',(1.,0.));
#6008 = ( GEOMETRIC_REPRESENTATION_CONTEXT(2) 
PARAMETRIC_REPRESENTATION_CONTEXT() REPRESENTATION_CONTEXT('2D SPACE',''
  ) );
#6009 = FACE_BOUND('',#6010,.T.);
#6010 = EDGE_LOOP('',(#6011));
#6011 = ORIENTED_EDGE('',*,*,#6012,.T.);
#6012 = EDGE_CURVE('',#6013,#6013,#6015,.T.);
#6013 = VERTEX_POINT('',#6014);
#6014 = CARTESIAN_POINT('',(19.65,-81.55,0.755));
#6015 = SURFACE_CURVE('',#6016,(#6021,#6032),.PCURVE_S1.);
#6016 = CIRCLE('',#6017,0.15);
#6017 = AXIS2_PLACEMENT_3D('',#6018,#6019,#6020);
#6018 = CARTESIAN_POINT('',(19.65,-81.4,0.755));
#6019 = DIRECTION('',(-0.,-0.,-1.));
#6020 = DIRECTION('',(0.,-1.,0.));
#6021 = PCURVE('',#73,#6022);
#6022 = DEFINITIONAL_REPRESENTATION('',(#6023),#6031);
#6023 = ( BOUNDED_CURVE() B_SPLINE_CURVE(2,(#6024,#6025,#6026,#6027,
#6028,#6029,#6030),.UNSPECIFIED.,.T.,.F.) B_SPLINE_CURVE_WITH_KNOTS((1,2
    ,2,2,2,1),(-2.094395102393,0.,2.094395102393,4.188790204786,
6.28318530718,8.377580409573),.UNSPECIFIED.) CURVE() 
GEOMETRIC_REPRESENTATION_ITEM() RATIONAL_B_SPLINE_CURVE((1.,0.5,1.,0.5,
1.,0.5,1.)) REPRESENTATION_ITEM('') );
#6024 = CARTESIAN_POINT('',(19.65,-81.55));
#6025 = CARTESIAN_POINT('',(19.390192378865,-81.55));
#6026 = CARTESIAN_POINT('',(19.520096189432,-81.325));
#6027 = CARTESIAN_POINT('',(19.65,-81.1));
#6028 = CARTESIAN_POINT('',(19.779903810568,-81.325));
#6029 = CARTESIAN_POINT('',(19.909807621135,-81.55));
#6030 = CARTESIAN_POINT('',(19.65,-81.55));
#6031 = ( GEOMETRIC_REPRESENTATION_CONTEXT(2) 
PARAMETRIC_REPRESENTATION_CONTEXT() REPRESENTATION_CONTEXT('2D SPACE',''
  ) );
#6032 = PCURVE('',#1190,#6033);
#6033 = DEFINITIONAL_REPRESENTATION('',(#6034),#6038);
#6034 = LINE('',#6035,#6036);
#6035 = CARTESIAN_POINT('',(0.,-0.746));
#6036 = VECTOR('',#6037,1.);
#6037 = DIRECTION('',(1.,0.));
#6038 = ( GEOMETRIC_REPRESENTATION_CONTEXT(2) 
PARAMETRIC_REPRESENTATION_CONTEXT() REPRESENTATION_CONTEXT('2D SPACE',''
  ) );
#6039 = FACE_BOUND('',#6040,.T.);
#6040 = EDGE_LOOP('',(#6041));
#6041 = ORIENTED_EDGE('',*,*,#6042,.T.);
#6042 = EDGE_CURVE('',#6043,#6043,#6045,.T.);
#6043 = VERTEX_POINT('',#6044);
#6044 = CARTESIAN_POINT('',(20.2791,-82.2903,0.755));
#6045 = SURFACE_CURVE('',#6046,(#6051,#6062),.PCURVE_S1.);
#6046 = CIRCLE('',#6047,0.15);
#6047 = AXIS2_PLACEMENT_3D('',#6048,#6049,#6050);
#6048 = CARTESIAN_POINT('',(20.2791,-82.1403,0.755));
#6049 = DIRECTION('',(-0.,-0.,-1.));
#6050 = DIRECTION('',(0.,-1.,0.));
#6051 = PCURVE('',#73,#6052);
#6052 = DEFINITIONAL_REPRESENTATION('',(#6053),#6061);
#6053 = ( BOUNDED_CURVE() B_SPLINE_CURVE(2,(#6054,#6055,#6056,#6057,
#6058,#6059,#6060),.UNSPECIFIED.,.T.,.F.) B_SPLINE_CURVE_WITH_KNOTS((1,2
    ,2,2,2,1),(-2.094395102393,0.,2.094395102393,4.188790204786,
6.28318530718,8.377580409573),.UNSPECIFIED.) CURVE() 
GEOMETRIC_REPRESENTATION_ITEM() RATIONAL_B_SPLINE_CURVE((1.,0.5,1.,0.5,
1.,0.5,1.)) REPRESENTATION_ITEM('') );
#6054 = CARTESIAN_POINT('',(20.2791,-82.2903));
#6055 = CARTESIAN_POINT('',(20.019292378865,-82.2903));
#6056 = CARTESIAN_POINT('',(20.149196189432,-82.0653));
#6057 = CARTESIAN_POINT('',(20.2791,-81.8403));
#6058 = CARTESIAN_POINT('',(20.409003810568,-82.0653));
#6059 = CARTESIAN_POINT('',(20.538907621135,-82.2903));
#6060 = CARTESIAN_POINT('',(20.2791,-82.2903));
#6061 = ( GEOMETRIC_REPRESENTATION_CONTEXT(2) 
PARAMETRIC_REPRESENTATION_CONTEXT() REPRESENTATION_CONTEXT('2D SPACE',''
  ) );
#6062 = PCURVE('',#1225,#6063);
#6063 = DEFINITIONAL_REPRESENTATION('',(#6064),#6068);
#6064 = LINE('',#6065,#6066);
#6065 = CARTESIAN_POINT('',(0.,-0.746));
#6066 = VECTOR('',#6067,1.);
#6067 = DIRECTION('',(1.,0.));
#6068 = ( GEOMETRIC_REPRESENTATION_CONTEXT(2) 
PARAMETRIC_REPRESENTATION_CONTEXT() REPRESENTATION_CONTEXT('2D SPACE',''
  ) );
#6069 = FACE_BOUND('',#6070,.T.);
#6070 = EDGE_LOOP('',(#6071));
#6071 = ORIENTED_EDGE('',*,*,#6072,.T.);
#6072 = EDGE_CURVE('',#6073,#6073,#6075,.T.);
#6073 = VERTEX_POINT('',#6074);
#6074 = CARTESIAN_POINT('',(21.1717,-81.7073,0.755));
#6075 = SURFACE_CURVE('',#6076,(#6081,#6092),.PCURVE_S1.);
#6076 = CIRCLE('',#6077,0.15);
#6077 = AXIS2_PLACEMENT_3D('',#6078,#6079,#6080);
#6078 = CARTESIAN_POINT('',(21.1717,-81.5573,0.755));
#6079 = DIRECTION('',(-0.,-0.,-1.));
#6080 = DIRECTION('',(0.,-1.,0.));
#6081 = PCURVE('',#73,#6082);
#6082 = DEFINITIONAL_REPRESENTATION('',(#6083),#6091);
#6083 = ( BOUNDED_CURVE() B_SPLINE_CURVE(2,(#6084,#6085,#6086,#6087,
#6088,#6089,#6090),.UNSPECIFIED.,.T.,.F.) B_SPLINE_CURVE_WITH_KNOTS((1,2
    ,2,2,2,1),(-2.094395102393,0.,2.094395102393,4.188790204786,
6.28318530718,8.377580409573),.UNSPECIFIED.) CURVE() 
GEOMETRIC_REPRESENTATION_ITEM() RATIONAL_B_SPLINE_CURVE((1.,0.5,1.,0.5,
1.,0.5,1.)) REPRESENTATION_ITEM('') );
#6084 = CARTESIAN_POINT('',(21.1717,-81.7073));
#6085 = CARTESIAN_POINT('',(20.911892378865,-81.7073));
#6086 = CARTESIAN_POINT('',(21.041796189432,-81.4823));
#6087 = CARTESIAN_POINT('',(21.1717,-81.2573));
#6088 = CARTESIAN_POINT('',(21.301603810568,-81.4823));
#6089 = CARTESIAN_POINT('',(21.431507621135,-81.7073));
#6090 = CARTESIAN_POINT('',(21.1717,-81.7073));
#6091 = ( GEOMETRIC_REPRESENTATION_CONTEXT(2) 
PARAMETRIC_REPRESENTATION_CONTEXT() REPRESENTATION_CONTEXT('2D SPACE',''
  ) );
#6092 = PCURVE('',#1260,#6093);
#6093 = DEFINITIONAL_REPRESENTATION('',(#6094),#6098);
#6094 = LINE('',#6095,#6096);
#6095 = CARTESIAN_POINT('',(0.,-0.746));
#6096 = VECTOR('',#6097,1.);
#6097 = DIRECTION('',(1.,0.));
#6098 = ( GEOMETRIC_REPRESENTATION_CONTEXT(2) 
PARAMETRIC_REPRESENTATION_CONTEXT() REPRESENTATION_CONTEXT('2D SPACE',''
  ) );
#6099 = FACE_BOUND('',#6100,.T.);
#6100 = EDGE_LOOP('',(#6101));
#6101 = ORIENTED_EDGE('',*,*,#6102,.T.);
#6102 = EDGE_CURVE('',#6103,#6103,#6105,.T.);
#6103 = VERTEX_POINT('',#6104);
#6104 = CARTESIAN_POINT('',(20.9518,-80.9553,0.755));
#6105 = SURFACE_CURVE('',#6106,(#6111,#6122),.PCURVE_S1.);
#6106 = CIRCLE('',#6107,0.15);
#6107 = AXIS2_PLACEMENT_3D('',#6108,#6109,#6110);
#6108 = CARTESIAN_POINT('',(20.9518,-80.8053,0.755));
#6109 = DIRECTION('',(-0.,-0.,-1.));
#6110 = DIRECTION('',(0.,-1.,0.));
#6111 = PCURVE('',#73,#6112);
#6112 = DEFINITIONAL_REPRESENTATION('',(#6113),#6121);
#6113 = ( BOUNDED_CURVE() B_SPLINE_CURVE(2,(#6114,#6115,#6116,#6117,
#6118,#6119,#6120),.UNSPECIFIED.,.T.,.F.) B_SPLINE_CURVE_WITH_KNOTS((1,2
    ,2,2,2,1),(-2.094395102393,0.,2.094395102393,4.188790204786,
6.28318530718,8.377580409573),.UNSPECIFIED.) CURVE() 
GEOMETRIC_REPRESENTATION_ITEM() RATIONAL_B_SPLINE_CURVE((1.,0.5,1.,0.5,
1.,0.5,1.)) REPRESENTATION_ITEM('') );
#6114 = CARTESIAN_POINT('',(20.9518,-80.9553));
#6115 = CARTESIAN_POINT('',(20.691992378865,-80.9553));
#6116 = CARTESIAN_POINT('',(20.821896189432,-80.7303));
#6117 = CARTESIAN_POINT('',(20.9518,-80.5053));
#6118 = CARTESIAN_POINT('',(21.081703810568,-80.7303));
#6119 = CARTESIAN_POINT('',(21.211607621135,-80.9553));
#6120 = CARTESIAN_POINT('',(20.9518,-80.9553));
#6121 = ( GEOMETRIC_REPRESENTATION_CONTEXT(2) 
PARAMETRIC_REPRESENTATION_CONTEXT() REPRESENTATION_CONTEXT('2D SPACE',''
  ) );
#6122 = PCURVE('',#1295,#6123);
#6123 = DEFINITIONAL_REPRESENTATION('',(#6124),#6128);
#6124 = LINE('',#6125,#6126);
#6125 = CARTESIAN_POINT('',(0.,-0.746));
#6126 = VECTOR('',#6127,1.);
#6127 = DIRECTION('',(1.,0.));
#6128 = ( GEOMETRIC_REPRESENTATION_CONTEXT(2) 
PARAMETRIC_REPRESENTATION_CONTEXT() REPRESENTATION_CONTEXT('2D SPACE',''
  ) );
#6129 = FACE_BOUND('',#6130,.T.);
#6130 = EDGE_LOOP('',(#6131));
#6131 = ORIENTED_EDGE('',*,*,#6132,.T.);
#6132 = EDGE_CURVE('',#6133,#6133,#6135,.T.);
#6133 = VERTEX_POINT('',#6134);
#6134 = CARTESIAN_POINT('',(18.9638,-79.8671,0.755));
#6135 = SURFACE_CURVE('',#6136,(#6141,#6152),.PCURVE_S1.);
#6136 = CIRCLE('',#6137,0.15);
#6137 = AXIS2_PLACEMENT_3D('',#6138,#6139,#6140);
#6138 = CARTESIAN_POINT('',(18.9638,-79.7171,0.755));
#6139 = DIRECTION('',(-0.,-0.,-1.));
#6140 = DIRECTION('',(0.,-1.,0.));
#6141 = PCURVE('',#73,#6142);
#6142 = DEFINITIONAL_REPRESENTATION('',(#6143),#6151);
#6143 = ( BOUNDED_CURVE() B_SPLINE_CURVE(2,(#6144,#6145,#6146,#6147,
#6148,#6149,#6150),.UNSPECIFIED.,.T.,.F.) B_SPLINE_CURVE_WITH_KNOTS((1,2
    ,2,2,2,1),(-2.094395102393,0.,2.094395102393,4.188790204786,
6.28318530718,8.377580409573),.UNSPECIFIED.) CURVE() 
GEOMETRIC_REPRESENTATION_ITEM() RATIONAL_B_SPLINE_CURVE((1.,0.5,1.,0.5,
1.,0.5,1.)) REPRESENTATION_ITEM('') );
#6144 = CARTESIAN_POINT('',(18.9638,-79.8671));
#6145 = CARTESIAN_POINT('',(18.703992378865,-79.8671));
#6146 = CARTESIAN_POINT('',(18.833896189432,-79.6421));
#6147 = CARTESIAN_POINT('',(18.9638,-79.4171));
#6148 = CARTESIAN_POINT('',(19.093703810568,-79.6421));
#6149 = CARTESIAN_POINT('',(19.223607621135,-79.8671));
#6150 = CARTESIAN_POINT('',(18.9638,-79.8671));
#6151 = ( GEOMETRIC_REPRESENTATION_CONTEXT(2) 
PARAMETRIC_REPRESENTATION_CONTEXT() REPRESENTATION_CONTEXT('2D SPACE',''
  ) );
#6152 = PCURVE('',#1330,#6153);
#6153 = DEFINITIONAL_REPRESENTATION('',(#6154),#6158);
#6154 = LINE('',#6155,#6156);
#6155 = CARTESIAN_POINT('',(0.,-0.746));
#6156 = VECTOR('',#6157,1.);
#6157 = DIRECTION('',(1.,0.));
#6158 = ( GEOMETRIC_REPRESENTATION_CONTEXT(2) 
PARAMETRIC_REPRESENTATION_CONTEXT() REPRESENTATION_CONTEXT('2D SPACE',''
  ) );
#6159 = FACE_BOUND('',#6160,.T.);
#6160 = EDGE_LOOP('',(#6161));
#6161 = ORIENTED_EDGE('',*,*,#6162,.T.);
#6162 = EDGE_CURVE('',#6163,#6163,#6165,.T.);
#6163 = VERTEX_POINT('',#6164);
#6164 = CARTESIAN_POINT('',(23.2736,-81.276,0.755));
#6165 = SURFACE_CURVE('',#6166,(#6171,#6182),.PCURVE_S1.);
#6166 = CIRCLE('',#6167,0.15);
#6167 = AXIS2_PLACEMENT_3D('',#6168,#6169,#6170);
#6168 = CARTESIAN_POINT('',(23.2736,-81.126,0.755));
#6169 = DIRECTION('',(-0.,0.,-1.));
#6170 = DIRECTION('',(-2.368475785867E-14,-1.,0.));
#6171 = PCURVE('',#73,#6172);
#6172 = DEFINITIONAL_REPRESENTATION('',(#6173),#6181);
#6173 = ( BOUNDED_CURVE() B_SPLINE_CURVE(2,(#6174,#6175,#6176,#6177,
#6178,#6179,#6180),.UNSPECIFIED.,.T.,.F.) B_SPLINE_CURVE_WITH_KNOTS((1,2
    ,2,2,2,1),(-2.094395102393,0.,2.094395102393,4.188790204786,
6.28318530718,8.377580409573),.UNSPECIFIED.) CURVE() 
GEOMETRIC_REPRESENTATION_ITEM() RATIONAL_B_SPLINE_CURVE((1.,0.5,1.,0.5,
1.,0.5,1.)) REPRESENTATION_ITEM('') );
#6174 = CARTESIAN_POINT('',(23.2736,-81.276));
#6175 = CARTESIAN_POINT('',(23.013792378865,-81.276));
#6176 = CARTESIAN_POINT('',(23.143696189432,-81.051));
#6177 = CARTESIAN_POINT('',(23.2736,-80.826));
#6178 = CARTESIAN_POINT('',(23.403503810568,-81.051));
#6179 = CARTESIAN_POINT('',(23.533407621135,-81.276));
#6180 = CARTESIAN_POINT('',(23.2736,-81.276));
#6181 = ( GEOMETRIC_REPRESENTATION_CONTEXT(2) 
PARAMETRIC_REPRESENTATION_CONTEXT() REPRESENTATION_CONTEXT('2D SPACE',''
  ) );
#6182 = PCURVE('',#1365,#6183);
#6183 = DEFINITIONAL_REPRESENTATION('',(#6184),#6188);
#6184 = LINE('',#6185,#6186);
#6185 = CARTESIAN_POINT('',(0.,-0.746));
#6186 = VECTOR('',#6187,1.);
#6187 = DIRECTION('',(1.,0.));
#6188 = ( GEOMETRIC_REPRESENTATION_CONTEXT(2) 
PARAMETRIC_REPRESENTATION_CONTEXT() REPRESENTATION_CONTEXT('2D SPACE',''
  ) );
#6189 = FACE_BOUND('',#6190,.T.);
#6190 = EDGE_LOOP('',(#6191));
#6191 = ORIENTED_EDGE('',*,*,#6192,.T.);
#6192 = EDGE_CURVE('',#6193,#6193,#6195,.T.);
#6193 = VERTEX_POINT('',#6194);
#6194 = CARTESIAN_POINT('',(18.9638,-77.15,0.755));
#6195 = SURFACE_CURVE('',#6196,(#6201,#6212),.PCURVE_S1.);
#6196 = CIRCLE('',#6197,0.15);
#6197 = AXIS2_PLACEMENT_3D('',#6198,#6199,#6200);
#6198 = CARTESIAN_POINT('',(18.9638,-77.,0.755));
#6199 = DIRECTION('',(-0.,-0.,-1.));
#6200 = DIRECTION('',(0.,-1.,0.));
#6201 = PCURVE('',#73,#6202);
#6202 = DEFINITIONAL_REPRESENTATION('',(#6203),#6211);
#6203 = ( BOUNDED_CURVE() B_SPLINE_CURVE(2,(#6204,#6205,#6206,#6207,
#6208,#6209,#6210),.UNSPECIFIED.,.T.,.F.) B_SPLINE_CURVE_WITH_KNOTS((1,2
    ,2,2,2,1),(-2.094395102393,0.,2.094395102393,4.188790204786,
6.28318530718,8.377580409573),.UNSPECIFIED.) CURVE() 
GEOMETRIC_REPRESENTATION_ITEM() RATIONAL_B_SPLINE_CURVE((1.,0.5,1.,0.5,
1.,0.5,1.)) REPRESENTATION_ITEM('') );
#6204 = CARTESIAN_POINT('',(18.9638,-77.15));
#6205 = CARTESIAN_POINT('',(18.703992378865,-77.15));
#6206 = CARTESIAN_POINT('',(18.833896189432,-76.925));
#6207 = CARTESIAN_POINT('',(18.9638,-76.7));
#6208 = CARTESIAN_POINT('',(19.093703810568,-76.925));
#6209 = CARTESIAN_POINT('',(19.223607621135,-77.15));
#6210 = CARTESIAN_POINT('',(18.9638,-77.15));
#6211 = ( GEOMETRIC_REPRESENTATION_CONTEXT(2) 
PARAMETRIC_REPRESENTATION_CONTEXT() REPRESENTATION_CONTEXT('2D SPACE',''
  ) );
#6212 = PCURVE('',#1400,#6213);
#6213 = DEFINITIONAL_REPRESENTATION('',(#6214),#6218);
#6214 = LINE('',#6215,#6216);
#6215 = CARTESIAN_POINT('',(0.,-0.746));
#6216 = VECTOR('',#6217,1.);
#6217 = DIRECTION('',(1.,0.));
#6218 = ( GEOMETRIC_REPRESENTATION_CONTEXT(2) 
PARAMETRIC_REPRESENTATION_CONTEXT() REPRESENTATION_CONTEXT('2D SPACE',''
  ) );
#6219 = FACE_BOUND('',#6220,.T.);
#6220 = EDGE_LOOP('',(#6221));
#6221 = ORIENTED_EDGE('',*,*,#6222,.T.);
#6222 = EDGE_CURVE('',#6223,#6223,#6225,.T.);
#6223 = VERTEX_POINT('',#6224);
#6224 = CARTESIAN_POINT('',(23.0537,-75.9219,0.755));
#6225 = SURFACE_CURVE('',#6226,(#6231,#6242),.PCURVE_S1.);
#6226 = CIRCLE('',#6227,0.15);
#6227 = AXIS2_PLACEMENT_3D('',#6228,#6229,#6230);
#6228 = CARTESIAN_POINT('',(23.0537,-75.7719,0.755));
#6229 = DIRECTION('',(-0.,-0.,-1.));
#6230 = DIRECTION('',(0.,-1.,0.));
#6231 = PCURVE('',#73,#6232);
#6232 = DEFINITIONAL_REPRESENTATION('',(#6233),#6241);
#6233 = ( BOUNDED_CURVE() B_SPLINE_CURVE(2,(#6234,#6235,#6236,#6237,
#6238,#6239,#6240),.UNSPECIFIED.,.T.,.F.) B_SPLINE_CURVE_WITH_KNOTS((1,2
    ,2,2,2,1),(-2.094395102393,0.,2.094395102393,4.188790204786,
6.28318530718,8.377580409573),.UNSPECIFIED.) CURVE() 
GEOMETRIC_REPRESENTATION_ITEM() RATIONAL_B_SPLINE_CURVE((1.,0.5,1.,0.5,
1.,0.5,1.)) REPRESENTATION_ITEM('') );
#6234 = CARTESIAN_POINT('',(23.0537,-75.9219));
#6235 = CARTESIAN_POINT('',(22.793892378865,-75.9219));
#6236 = CARTESIAN_POINT('',(22.923796189432,-75.6969));
#6237 = CARTESIAN_POINT('',(23.0537,-75.4719));
#6238 = CARTESIAN_POINT('',(23.183603810568,-75.6969));
#6239 = CARTESIAN_POINT('',(23.313507621135,-75.9219));
#6240 = CARTESIAN_POINT('',(23.0537,-75.9219));
#6241 = ( GEOMETRIC_REPRESENTATION_CONTEXT(2) 
PARAMETRIC_REPRESENTATION_CONTEXT() REPRESENTATION_CONTEXT('2D SPACE',''
  ) );
#6242 = PCURVE('',#1435,#6243);
#6243 = DEFINITIONAL_REPRESENTATION('',(#6244),#6248);
#6244 = LINE('',#6245,#6246);
#6245 = CARTESIAN_POINT('',(0.,-0.746));
#6246 = VECTOR('',#6247,1.);
#6247 = DIRECTION('',(1.,0.));
#6248 = ( GEOMETRIC_REPRESENTATION_CONTEXT(2) 
PARAMETRIC_REPRESENTATION_CONTEXT() REPRESENTATION_CONTEXT('2D SPACE',''
  ) );
#6249 = FACE_BOUND('',#6250,.T.);
#6250 = EDGE_LOOP('',(#6251));
#6251 = ORIENTED_EDGE('',*,*,#6252,.T.);
#6252 = EDGE_CURVE('',#6253,#6253,#6255,.T.);
#6253 = VERTEX_POINT('',#6254);
#6254 = CARTESIAN_POINT('',(21.7408,-75.6206,0.755));
#6255 = SURFACE_CURVE('',#6256,(#6261,#6272),.PCURVE_S1.);
#6256 = CIRCLE('',#6257,0.15);
#6257 = AXIS2_PLACEMENT_3D('',#6258,#6259,#6260);
#6258 = CARTESIAN_POINT('',(21.7408,-75.4706,0.755));
#6259 = DIRECTION('',(-0.,-0.,-1.));
#6260 = DIRECTION('',(0.,-1.,0.));
#6261 = PCURVE('',#73,#6262);
#6262 = DEFINITIONAL_REPRESENTATION('',(#6263),#6271);
#6263 = ( BOUNDED_CURVE() B_SPLINE_CURVE(2,(#6264,#6265,#6266,#6267,
#6268,#6269,#6270),.UNSPECIFIED.,.T.,.F.) B_SPLINE_CURVE_WITH_KNOTS((1,2
    ,2,2,2,1),(-2.094395102393,0.,2.094395102393,4.188790204786,
6.28318530718,8.377580409573),.UNSPECIFIED.) CURVE() 
GEOMETRIC_REPRESENTATION_ITEM() RATIONAL_B_SPLINE_CURVE((1.,0.5,1.,0.5,
1.,0.5,1.)) REPRESENTATION_ITEM('') );
#6264 = CARTESIAN_POINT('',(21.7408,-75.6206));
#6265 = CARTESIAN_POINT('',(21.480992378865,-75.6206));
#6266 = CARTESIAN_POINT('',(21.610896189432,-75.3956));
#6267 = CARTESIAN_POINT('',(21.7408,-75.1706));
#6268 = CARTESIAN_POINT('',(21.870703810568,-75.3956));
#6269 = CARTESIAN_POINT('',(22.000607621135,-75.6206));
#6270 = CARTESIAN_POINT('',(21.7408,-75.6206));
#6271 = ( GEOMETRIC_REPRESENTATION_CONTEXT(2) 
PARAMETRIC_REPRESENTATION_CONTEXT() REPRESENTATION_CONTEXT('2D SPACE',''
  ) );
#6272 = PCURVE('',#1470,#6273);
#6273 = DEFINITIONAL_REPRESENTATION('',(#6274),#6278);
#6274 = LINE('',#6275,#6276);
#6275 = CARTESIAN_POINT('',(0.,-0.746));
#6276 = VECTOR('',#6277,1.);
#6277 = DIRECTION('',(1.,0.));
#6278 = ( GEOMETRIC_REPRESENTATION_CONTEXT(2) 
PARAMETRIC_REPRESENTATION_CONTEXT() REPRESENTATION_CONTEXT('2D SPACE',''
  ) );
#6279 = FACE_BOUND('',#6280,.T.);
#6280 = EDGE_LOOP('',(#6281));
#6281 = ORIENTED_EDGE('',*,*,#6282,.T.);
#6282 = EDGE_CURVE('',#6283,#6283,#6285,.T.);
#6283 = VERTEX_POINT('',#6284);
#6284 = CARTESIAN_POINT('',(30.1706,-79.8507,0.755));
#6285 = SURFACE_CURVE('',#6286,(#6291,#6302),.PCURVE_S1.);
#6286 = CIRCLE('',#6287,0.15);
#6287 = AXIS2_PLACEMENT_3D('',#6288,#6289,#6290);
#6288 = CARTESIAN_POINT('',(30.1706,-79.7007,0.755));
#6289 = DIRECTION('',(-0.,-0.,-1.));
#6290 = DIRECTION('',(0.,-1.,0.));
#6291 = PCURVE('',#73,#6292);
#6292 = DEFINITIONAL_REPRESENTATION('',(#6293),#6301);
#6293 = ( BOUNDED_CURVE() B_SPLINE_CURVE(2,(#6294,#6295,#6296,#6297,
#6298,#6299,#6300),.UNSPECIFIED.,.T.,.F.) B_SPLINE_CURVE_WITH_KNOTS((1,2
    ,2,2,2,1),(-2.094395102393,0.,2.094395102393,4.188790204786,
6.28318530718,8.377580409573),.UNSPECIFIED.) CURVE() 
GEOMETRIC_REPRESENTATION_ITEM() RATIONAL_B_SPLINE_CURVE((1.,0.5,1.,0.5,
1.,0.5,1.)) REPRESENTATION_ITEM('') );
#6294 = CARTESIAN_POINT('',(30.1706,-79.8507));
#6295 = CARTESIAN_POINT('',(29.910792378865,-79.8507));
#6296 = CARTESIAN_POINT('',(30.040696189432,-79.6257));
#6297 = CARTESIAN_POINT('',(30.1706,-79.4007));
#6298 = CARTESIAN_POINT('',(30.300503810568,-79.6257));
#6299 = CARTESIAN_POINT('',(30.430407621135,-79.8507));
#6300 = CARTESIAN_POINT('',(30.1706,-79.8507));
#6301 = ( GEOMETRIC_REPRESENTATION_CONTEXT(2) 
PARAMETRIC_REPRESENTATION_CONTEXT() REPRESENTATION_CONTEXT('2D SPACE',''
  ) );
#6302 = PCURVE('',#1505,#6303);
#6303 = DEFINITIONAL_REPRESENTATION('',(#6304),#6308);
#6304 = LINE('',#6305,#6306);
#6305 = CARTESIAN_POINT('',(0.,-0.746));
#6306 = VECTOR('',#6307,1.);
#6307 = DIRECTION('',(1.,0.));
#6308 = ( GEOMETRIC_REPRESENTATION_CONTEXT(2) 
PARAMETRIC_REPRESENTATION_CONTEXT() REPRESENTATION_CONTEXT('2D SPACE',''
  ) );
#6309 = FACE_BOUND('',#6310,.T.);
#6310 = EDGE_LOOP('',(#6311));
#6311 = ORIENTED_EDGE('',*,*,#6312,.T.);
#6312 = EDGE_CURVE('',#6313,#6313,#6315,.T.);
#6313 = VERTEX_POINT('',#6314);
#6314 = CARTESIAN_POINT('',(27.35,-75.45,0.755));
#6315 = SURFACE_CURVE('',#6316,(#6321,#6332),.PCURVE_S1.);
#6316 = CIRCLE('',#6317,0.15);
#6317 = AXIS2_PLACEMENT_3D('',#6318,#6319,#6320);
#6318 = CARTESIAN_POINT('',(27.35,-75.3,0.755));
#6319 = DIRECTION('',(-0.,-0.,-1.));
#6320 = DIRECTION('',(0.,-1.,0.));
#6321 = PCURVE('',#73,#6322);
#6322 = DEFINITIONAL_REPRESENTATION('',(#6323),#6331);
#6323 = ( BOUNDED_CURVE() B_SPLINE_CURVE(2,(#6324,#6325,#6326,#6327,
#6328,#6329,#6330),.UNSPECIFIED.,.T.,.F.) B_SPLINE_CURVE_WITH_KNOTS((1,2
    ,2,2,2,1),(-2.094395102393,0.,2.094395102393,4.188790204786,
6.28318530718,8.377580409573),.UNSPECIFIED.) CURVE() 
GEOMETRIC_REPRESENTATION_ITEM() RATIONAL_B_SPLINE_CURVE((1.,0.5,1.,0.5,
1.,0.5,1.)) REPRESENTATION_ITEM('') );
#6324 = CARTESIAN_POINT('',(27.35,-75.45));
#6325 = CARTESIAN_POINT('',(27.090192378865,-75.45));
#6326 = CARTESIAN_POINT('',(27.220096189432,-75.225));
#6327 = CARTESIAN_POINT('',(27.35,-75.));
#6328 = CARTESIAN_POINT('',(27.479903810568,-75.225));
#6329 = CARTESIAN_POINT('',(27.609807621135,-75.45));
#6330 = CARTESIAN_POINT('',(27.35,-75.45));
#6331 = ( GEOMETRIC_REPRESENTATION_CONTEXT(2) 
PARAMETRIC_REPRESENTATION_CONTEXT() REPRESENTATION_CONTEXT('2D SPACE',''
  ) );
#6332 = PCURVE('',#1540,#6333);
#6333 = DEFINITIONAL_REPRESENTATION('',(#6334),#6338);
#6334 = LINE('',#6335,#6336);
#6335 = CARTESIAN_POINT('',(0.,-0.746));
#6336 = VECTOR('',#6337,1.);
#6337 = DIRECTION('',(1.,0.));
#6338 = ( GEOMETRIC_REPRESENTATION_CONTEXT(2) 
PARAMETRIC_REPRESENTATION_CONTEXT() REPRESENTATION_CONTEXT('2D SPACE',''
  ) );
#6339 = FACE_BOUND('',#6340,.T.);
#6340 = EDGE_LOOP('',(#6341));
#6341 = ORIENTED_EDGE('',*,*,#6342,.T.);
#6342 = EDGE_CURVE('',#6343,#6343,#6345,.T.);
#6343 = VERTEX_POINT('',#6344);
#6344 = CARTESIAN_POINT('',(11.5889,-69.15,0.755));
#6345 = SURFACE_CURVE('',#6346,(#6351,#6362),.PCURVE_S1.);
#6346 = CIRCLE('',#6347,0.15);
#6347 = AXIS2_PLACEMENT_3D('',#6348,#6349,#6350);
#6348 = CARTESIAN_POINT('',(11.5889,-69.,0.755));
#6349 = DIRECTION('',(0.,-0.,-1.));
#6350 = DIRECTION('',(1.184237892933E-14,-1.,0.));
#6351 = PCURVE('',#73,#6352);
#6352 = DEFINITIONAL_REPRESENTATION('',(#6353),#6361);
#6353 = ( BOUNDED_CURVE() B_SPLINE_CURVE(2,(#6354,#6355,#6356,#6357,
#6358,#6359,#6360),.UNSPECIFIED.,.T.,.F.) B_SPLINE_CURVE_WITH_KNOTS((1,2
    ,2,2,2,1),(-2.094395102393,0.,2.094395102393,4.188790204786,
6.28318530718,8.377580409573),.UNSPECIFIED.) CURVE() 
GEOMETRIC_REPRESENTATION_ITEM() RATIONAL_B_SPLINE_CURVE((1.,0.5,1.,0.5,
1.,0.5,1.)) REPRESENTATION_ITEM('') );
#6354 = CARTESIAN_POINT('',(11.5889,-69.15));
#6355 = CARTESIAN_POINT('',(11.329092378865,-69.15));
#6356 = CARTESIAN_POINT('',(11.458996189432,-68.925));
#6357 = CARTESIAN_POINT('',(11.5889,-68.7));
#6358 = CARTESIAN_POINT('',(11.718803810568,-68.925));
#6359 = CARTESIAN_POINT('',(11.848707621135,-69.15));
#6360 = CARTESIAN_POINT('',(11.5889,-69.15));
#6361 = ( GEOMETRIC_REPRESENTATION_CONTEXT(2) 
PARAMETRIC_REPRESENTATION_CONTEXT() REPRESENTATION_CONTEXT('2D SPACE',''
  ) );
#6362 = PCURVE('',#1575,#6363);
#6363 = DEFINITIONAL_REPRESENTATION('',(#6364),#6368);
#6364 = LINE('',#6365,#6366);
#6365 = CARTESIAN_POINT('',(0.,-0.746));
#6366 = VECTOR('',#6367,1.);
#6367 = DIRECTION('',(1.,0.));
#6368 = ( GEOMETRIC_REPRESENTATION_CONTEXT(2) 
PARAMETRIC_REPRESENTATION_CONTEXT() REPRESENTATION_CONTEXT('2D SPACE',''
  ) );
#6369 = FACE_BOUND('',#6370,.T.);
#6370 = EDGE_LOOP('',(#6371));
#6371 = ORIENTED_EDGE('',*,*,#6372,.T.);
#6372 = EDGE_CURVE('',#6373,#6373,#6375,.T.);
#6373 = VERTEX_POINT('',#6374);
#6374 = CARTESIAN_POINT('',(6.5528,-67.0748,0.755));
#6375 = SURFACE_CURVE('',#6376,(#6381,#6392),.PCURVE_S1.);
#6376 = CIRCLE('',#6377,0.15);
#6377 = AXIS2_PLACEMENT_3D('',#6378,#6379,#6380);
#6378 = CARTESIAN_POINT('',(6.5528,-66.9248,0.755));
#6379 = DIRECTION('',(0.,-0.,-1.));
#6380 = DIRECTION('',(5.921189464667E-15,-1.,0.));
#6381 = PCURVE('',#73,#6382);
#6382 = DEFINITIONAL_REPRESENTATION('',(#6383),#6391);
#6383 = ( BOUNDED_CURVE() B_SPLINE_CURVE(2,(#6384,#6385,#6386,#6387,
#6388,#6389,#6390),.UNSPECIFIED.,.T.,.F.) B_SPLINE_CURVE_WITH_KNOTS((1,2
    ,2,2,2,1),(-2.094395102393,0.,2.094395102393,4.188790204786,
6.28318530718,8.377580409573),.UNSPECIFIED.) CURVE() 
GEOMETRIC_REPRESENTATION_ITEM() RATIONAL_B_SPLINE_CURVE((1.,0.5,1.,0.5,
1.,0.5,1.)) REPRESENTATION_ITEM('') );
#6384 = CARTESIAN_POINT('',(6.5528,-67.0748));
#6385 = CARTESIAN_POINT('',(6.292992378865,-67.0748));
#6386 = CARTESIAN_POINT('',(6.422896189432,-66.8498));
#6387 = CARTESIAN_POINT('',(6.5528,-66.6248));
#6388 = CARTESIAN_POINT('',(6.682703810568,-66.8498));
#6389 = CARTESIAN_POINT('',(6.812607621135,-67.0748));
#6390 = CARTESIAN_POINT('',(6.5528,-67.0748));
#6391 = ( GEOMETRIC_REPRESENTATION_CONTEXT(2) 
PARAMETRIC_REPRESENTATION_CONTEXT() REPRESENTATION_CONTEXT('2D SPACE',''
  ) );
#6392 = PCURVE('',#1610,#6393);
#6393 = DEFINITIONAL_REPRESENTATION('',(#6394),#6398);
#6394 = LINE('',#6395,#6396);
#6395 = CARTESIAN_POINT('',(0.,-0.746));
#6396 = VECTOR('',#6397,1.);
#6397 = DIRECTION('',(1.,0.));
#6398 = ( GEOMETRIC_REPRESENTATION_CONTEXT(2) 
PARAMETRIC_REPRESENTATION_CONTEXT() REPRESENTATION_CONTEXT('2D SPACE',''
  ) );
#6399 = FACE_BOUND('',#6400,.T.);
#6400 = EDGE_LOOP('',(#6401));
#6401 = ORIENTED_EDGE('',*,*,#6402,.T.);
#6402 = EDGE_CURVE('',#6403,#6403,#6405,.T.);
#6403 = VERTEX_POINT('',#6404);
#6404 = CARTESIAN_POINT('',(14.1783,-66.4408,0.755));
#6405 = SURFACE_CURVE('',#6406,(#6411,#6422),.PCURVE_S1.);
#6406 = CIRCLE('',#6407,0.15);
#6407 = AXIS2_PLACEMENT_3D('',#6408,#6409,#6410);
#6408 = CARTESIAN_POINT('',(14.1783,-66.2908,0.755));
#6409 = DIRECTION('',(-0.,-0.,-1.));
#6410 = DIRECTION('',(0.,-1.,0.));
#6411 = PCURVE('',#73,#6412);
#6412 = DEFINITIONAL_REPRESENTATION('',(#6413),#6421);
#6413 = ( BOUNDED_CURVE() B_SPLINE_CURVE(2,(#6414,#6415,#6416,#6417,
#6418,#6419,#6420),.UNSPECIFIED.,.T.,.F.) B_SPLINE_CURVE_WITH_KNOTS((1,2
    ,2,2,2,1),(-2.094395102393,0.,2.094395102393,4.188790204786,
6.28318530718,8.377580409573),.UNSPECIFIED.) CURVE() 
GEOMETRIC_REPRESENTATION_ITEM() RATIONAL_B_SPLINE_CURVE((1.,0.5,1.,0.5,
1.,0.5,1.)) REPRESENTATION_ITEM('') );
#6414 = CARTESIAN_POINT('',(14.1783,-66.4408));
#6415 = CARTESIAN_POINT('',(13.918492378865,-66.4408));
#6416 = CARTESIAN_POINT('',(14.048396189432,-66.2158));
#6417 = CARTESIAN_POINT('',(14.1783,-65.9908));
#6418 = CARTESIAN_POINT('',(14.308203810568,-66.2158));
#6419 = CARTESIAN_POINT('',(14.438107621135,-66.4408));
#6420 = CARTESIAN_POINT('',(14.1783,-66.4408));
#6421 = ( GEOMETRIC_REPRESENTATION_CONTEXT(2) 
PARAMETRIC_REPRESENTATION_CONTEXT() REPRESENTATION_CONTEXT('2D SPACE',''
  ) );
#6422 = PCURVE('',#1645,#6423);
#6423 = DEFINITIONAL_REPRESENTATION('',(#6424),#6428);
#6424 = LINE('',#6425,#6426);
#6425 = CARTESIAN_POINT('',(0.,-0.746));
#6426 = VECTOR('',#6427,1.);
#6427 = DIRECTION('',(1.,0.));
#6428 = ( GEOMETRIC_REPRESENTATION_CONTEXT(2) 
PARAMETRIC_REPRESENTATION_CONTEXT() REPRESENTATION_CONTEXT('2D SPACE',''
  ) );
#6429 = FACE_BOUND('',#6430,.T.);
#6430 = EDGE_LOOP('',(#6431));
#6431 = ORIENTED_EDGE('',*,*,#6432,.T.);
#6432 = EDGE_CURVE('',#6433,#6433,#6435,.T.);
#6433 = VERTEX_POINT('',#6434);
#6434 = CARTESIAN_POINT('',(5.7146,-61.4354,0.755));
#6435 = SURFACE_CURVE('',#6436,(#6441,#6452),.PCURVE_S1.);
#6436 = CIRCLE('',#6437,0.15);
#6437 = AXIS2_PLACEMENT_3D('',#6438,#6439,#6440);
#6438 = CARTESIAN_POINT('',(5.7146,-61.2854,0.755));
#6439 = DIRECTION('',(-0.,0.,-1.));
#6440 = DIRECTION('',(-5.921189464667E-15,-1.,0.));
#6441 = PCURVE('',#73,#6442);
#6442 = DEFINITIONAL_REPRESENTATION('',(#6443),#6451);
#6443 = ( BOUNDED_CURVE() B_SPLINE_CURVE(2,(#6444,#6445,#6446,#6447,
#6448,#6449,#6450),.UNSPECIFIED.,.T.,.F.) B_SPLINE_CURVE_WITH_KNOTS((1,2
    ,2,2,2,1),(-2.094395102393,0.,2.094395102393,4.188790204786,
6.28318530718,8.377580409573),.UNSPECIFIED.) CURVE() 
GEOMETRIC_REPRESENTATION_ITEM() RATIONAL_B_SPLINE_CURVE((1.,0.5,1.,0.5,
1.,0.5,1.)) REPRESENTATION_ITEM('') );
#6444 = CARTESIAN_POINT('',(5.7146,-61.4354));
#6445 = CARTESIAN_POINT('',(5.454792378865,-61.4354));
#6446 = CARTESIAN_POINT('',(5.584696189432,-61.2104));
#6447 = CARTESIAN_POINT('',(5.7146,-60.9854));
#6448 = CARTESIAN_POINT('',(5.844503810568,-61.2104));
#6449 = CARTESIAN_POINT('',(5.974407621135,-61.4354));
#6450 = CARTESIAN_POINT('',(5.7146,-61.4354));
#6451 = ( GEOMETRIC_REPRESENTATION_CONTEXT(2) 
PARAMETRIC_REPRESENTATION_CONTEXT() REPRESENTATION_CONTEXT('2D SPACE',''
  ) );
#6452 = PCURVE('',#1680,#6453);
#6453 = DEFINITIONAL_REPRESENTATION('',(#6454),#6458);
#6454 = LINE('',#6455,#6456);
#6455 = CARTESIAN_POINT('',(0.,-0.746));
#6456 = VECTOR('',#6457,1.);
#6457 = DIRECTION('',(1.,0.));
#6458 = ( GEOMETRIC_REPRESENTATION_CONTEXT(2) 
PARAMETRIC_REPRESENTATION_CONTEXT() REPRESENTATION_CONTEXT('2D SPACE',''
  ) );
#6459 = FACE_BOUND('',#6460,.T.);
#6460 = EDGE_LOOP('',(#6461));
#6461 = ORIENTED_EDGE('',*,*,#6462,.T.);
#6462 = EDGE_CURVE('',#6463,#6463,#6465,.T.);
#6463 = VERTEX_POINT('',#6464);
#6464 = CARTESIAN_POINT('',(10.9876,-63.15,0.755));
#6465 = SURFACE_CURVE('',#6466,(#6471,#6482),.PCURVE_S1.);
#6466 = CIRCLE('',#6467,0.15);
#6467 = AXIS2_PLACEMENT_3D('',#6468,#6469,#6470);
#6468 = CARTESIAN_POINT('',(10.9876,-63.,0.755));
#6469 = DIRECTION('',(-0.,-0.,-1.));
#6470 = DIRECTION('',(0.,-1.,0.));
#6471 = PCURVE('',#73,#6472);
#6472 = DEFINITIONAL_REPRESENTATION('',(#6473),#6481);
#6473 = ( BOUNDED_CURVE() B_SPLINE_CURVE(2,(#6474,#6475,#6476,#6477,
#6478,#6479,#6480),.UNSPECIFIED.,.T.,.F.) B_SPLINE_CURVE_WITH_KNOTS((1,2
    ,2,2,2,1),(-2.094395102393,0.,2.094395102393,4.188790204786,
6.28318530718,8.377580409573),.UNSPECIFIED.) CURVE() 
GEOMETRIC_REPRESENTATION_ITEM() RATIONAL_B_SPLINE_CURVE((1.,0.5,1.,0.5,
1.,0.5,1.)) REPRESENTATION_ITEM('') );
#6474 = CARTESIAN_POINT('',(10.9876,-63.15));
#6475 = CARTESIAN_POINT('',(10.727792378865,-63.15));
#6476 = CARTESIAN_POINT('',(10.857696189432,-62.925));
#6477 = CARTESIAN_POINT('',(10.9876,-62.7));
#6478 = CARTESIAN_POINT('',(11.117503810568,-62.925));
#6479 = CARTESIAN_POINT('',(11.247407621135,-63.15));
#6480 = CARTESIAN_POINT('',(10.9876,-63.15));
#6481 = ( GEOMETRIC_REPRESENTATION_CONTEXT(2) 
PARAMETRIC_REPRESENTATION_CONTEXT() REPRESENTATION_CONTEXT('2D SPACE',''
  ) );
#6482 = PCURVE('',#1715,#6483);
#6483 = DEFINITIONAL_REPRESENTATION('',(#6484),#6488);
#6484 = LINE('',#6485,#6486);
#6485 = CARTESIAN_POINT('',(0.,-0.746));
#6486 = VECTOR('',#6487,1.);
#6487 = DIRECTION('',(1.,0.));
#6488 = ( GEOMETRIC_REPRESENTATION_CONTEXT(2) 
PARAMETRIC_REPRESENTATION_CONTEXT() REPRESENTATION_CONTEXT('2D SPACE',''
  ) );
#6489 = FACE_BOUND('',#6490,.T.);
#6490 = EDGE_LOOP('',(#6491));
#6491 = ORIENTED_EDGE('',*,*,#6492,.T.);
#6492 = EDGE_CURVE('',#6493,#6493,#6495,.T.);
#6493 = VERTEX_POINT('',#6494);
#6494 = CARTESIAN_POINT('',(17.5489,-60.4369,0.755));
#6495 = SURFACE_CURVE('',#6496,(#6501,#6512),.PCURVE_S1.);
#6496 = CIRCLE('',#6497,0.15);
#6497 = AXIS2_PLACEMENT_3D('',#6498,#6499,#6500);
#6498 = CARTESIAN_POINT('',(17.5489,-60.2869,0.755));
#6499 = DIRECTION('',(-0.,-0.,-1.));
#6500 = DIRECTION('',(0.,-1.,0.));
#6501 = PCURVE('',#73,#6502);
#6502 = DEFINITIONAL_REPRESENTATION('',(#6503),#6511);
#6503 = ( BOUNDED_CURVE() B_SPLINE_CURVE(2,(#6504,#6505,#6506,#6507,
#6508,#6509,#6510),.UNSPECIFIED.,.T.,.F.) B_SPLINE_CURVE_WITH_KNOTS((1,2
    ,2,2,2,1),(-2.094395102393,0.,2.094395102393,4.188790204786,
6.28318530718,8.377580409573),.UNSPECIFIED.) CURVE() 
GEOMETRIC_REPRESENTATION_ITEM() RATIONAL_B_SPLINE_CURVE((1.,0.5,1.,0.5,
1.,0.5,1.)) REPRESENTATION_ITEM('') );
#6504 = CARTESIAN_POINT('',(17.5489,-60.4369));
#6505 = CARTESIAN_POINT('',(17.289092378865,-60.4369));
#6506 = CARTESIAN_POINT('',(17.418996189432,-60.2119));
#6507 = CARTESIAN_POINT('',(17.5489,-59.9869));
#6508 = CARTESIAN_POINT('',(17.678803810568,-60.2119));
#6509 = CARTESIAN_POINT('',(17.808707621135,-60.4369));
#6510 = CARTESIAN_POINT('',(17.5489,-60.4369));
#6511 = ( GEOMETRIC_REPRESENTATION_CONTEXT(2) 
PARAMETRIC_REPRESENTATION_CONTEXT() REPRESENTATION_CONTEXT('2D SPACE',''
  ) );
#6512 = PCURVE('',#1750,#6513);
#6513 = DEFINITIONAL_REPRESENTATION('',(#6514),#6518);
#6514 = LINE('',#6515,#6516);
#6515 = CARTESIAN_POINT('',(0.,-0.746));
#6516 = VECTOR('',#6517,1.);
#6517 = DIRECTION('',(1.,0.));
#6518 = ( GEOMETRIC_REPRESENTATION_CONTEXT(2) 
PARAMETRIC_REPRESENTATION_CONTEXT() REPRESENTATION_CONTEXT('2D SPACE',''
  ) );
#6519 = FACE_BOUND('',#6520,.T.);
#6520 = EDGE_LOOP('',(#6521));
#6521 = ORIENTED_EDGE('',*,*,#6522,.T.);
#6522 = EDGE_CURVE('',#6523,#6523,#6525,.T.);
#6523 = VERTEX_POINT('',#6524);
#6524 = CARTESIAN_POINT('',(20.25,-70.15,0.755));
#6525 = SURFACE_CURVE('',#6526,(#6531,#6542),.PCURVE_S1.);
#6526 = CIRCLE('',#6527,0.15);
#6527 = AXIS2_PLACEMENT_3D('',#6528,#6529,#6530);
#6528 = CARTESIAN_POINT('',(20.25,-70.,0.755));
#6529 = DIRECTION('',(-0.,-0.,-1.));
#6530 = DIRECTION('',(0.,-1.,0.));
#6531 = PCURVE('',#73,#6532);
#6532 = DEFINITIONAL_REPRESENTATION('',(#6533),#6541);
#6533 = ( BOUNDED_CURVE() B_SPLINE_CURVE(2,(#6534,#6535,#6536,#6537,
#6538,#6539,#6540),.UNSPECIFIED.,.T.,.F.) B_SPLINE_CURVE_WITH_KNOTS((1,2
    ,2,2,2,1),(-2.094395102393,0.,2.094395102393,4.188790204786,
6.28318530718,8.377580409573),.UNSPECIFIED.) CURVE() 
GEOMETRIC_REPRESENTATION_ITEM() RATIONAL_B_SPLINE_CURVE((1.,0.5,1.,0.5,
1.,0.5,1.)) REPRESENTATION_ITEM('') );
#6534 = CARTESIAN_POINT('',(20.25,-70.15));
#6535 = CARTESIAN_POINT('',(19.990192378865,-70.15));
#6536 = CARTESIAN_POINT('',(20.120096189432,-69.925));
#6537 = CARTESIAN_POINT('',(20.25,-69.7));
#6538 = CARTESIAN_POINT('',(20.379903810568,-69.925));
#6539 = CARTESIAN_POINT('',(20.509807621135,-70.15));
#6540 = CARTESIAN_POINT('',(20.25,-70.15));
#6541 = ( GEOMETRIC_REPRESENTATION_CONTEXT(2) 
PARAMETRIC_REPRESENTATION_CONTEXT() REPRESENTATION_CONTEXT('2D SPACE',''
  ) );
#6542 = PCURVE('',#1785,#6543);
#6543 = DEFINITIONAL_REPRESENTATION('',(#6544),#6548);
#6544 = LINE('',#6545,#6546);
#6545 = CARTESIAN_POINT('',(0.,-0.746));
#6546 = VECTOR('',#6547,1.);
#6547 = DIRECTION('',(1.,0.));
#6548 = ( GEOMETRIC_REPRESENTATION_CONTEXT(2) 
PARAMETRIC_REPRESENTATION_CONTEXT() REPRESENTATION_CONTEXT('2D SPACE',''
  ) );
#6549 = FACE_BOUND('',#6550,.T.);
#6550 = EDGE_LOOP('',(#6551));
#6551 = ORIENTED_EDGE('',*,*,#6552,.T.);
#6552 = EDGE_CURVE('',#6553,#6553,#6555,.T.);
#6553 = VERTEX_POINT('',#6554);
#6554 = CARTESIAN_POINT('',(22.35,-70.45,0.755));
#6555 = SURFACE_CURVE('',#6556,(#6561,#6572),.PCURVE_S1.);
#6556 = CIRCLE('',#6557,0.15);
#6557 = AXIS2_PLACEMENT_3D('',#6558,#6559,#6560);
#6558 = CARTESIAN_POINT('',(22.35,-70.3,0.755));
#6559 = DIRECTION('',(-0.,-0.,-1.));
#6560 = DIRECTION('',(0.,-1.,0.));
#6561 = PCURVE('',#73,#6562);
#6562 = DEFINITIONAL_REPRESENTATION('',(#6563),#6571);
#6563 = ( BOUNDED_CURVE() B_SPLINE_CURVE(2,(#6564,#6565,#6566,#6567,
#6568,#6569,#6570),.UNSPECIFIED.,.T.,.F.) B_SPLINE_CURVE_WITH_KNOTS((1,2
    ,2,2,2,1),(-2.094395102393,0.,2.094395102393,4.188790204786,
6.28318530718,8.377580409573),.UNSPECIFIED.) CURVE() 
GEOMETRIC_REPRESENTATION_ITEM() RATIONAL_B_SPLINE_CURVE((1.,0.5,1.,0.5,
1.,0.5,1.)) REPRESENTATION_ITEM('') );
#6564 = CARTESIAN_POINT('',(22.35,-70.45));
#6565 = CARTESIAN_POINT('',(22.090192378865,-70.45));
#6566 = CARTESIAN_POINT('',(22.220096189432,-70.225));
#6567 = CARTESIAN_POINT('',(22.35,-70.));
#6568 = CARTESIAN_POINT('',(22.479903810568,-70.225));
#6569 = CARTESIAN_POINT('',(22.609807621135,-70.45));
#6570 = CARTESIAN_POINT('',(22.35,-70.45));
#6571 = ( GEOMETRIC_REPRESENTATION_CONTEXT(2) 
PARAMETRIC_REPRESENTATION_CONTEXT() REPRESENTATION_CONTEXT('2D SPACE',''
  ) );
#6572 = PCURVE('',#1820,#6573);
#6573 = DEFINITIONAL_REPRESENTATION('',(#6574),#6578);
#6574 = LINE('',#6575,#6576);
#6575 = CARTESIAN_POINT('',(0.,-0.746));
#6576 = VECTOR('',#6577,1.);
#6577 = DIRECTION('',(1.,0.));
#6578 = ( GEOMETRIC_REPRESENTATION_CONTEXT(2) 
PARAMETRIC_REPRESENTATION_CONTEXT() REPRESENTATION_CONTEXT('2D SPACE',''
  ) );
#6579 = FACE_BOUND('',#6580,.T.);
#6580 = EDGE_LOOP('',(#6581));
#6581 = ORIENTED_EDGE('',*,*,#6582,.T.);
#6582 = EDGE_CURVE('',#6583,#6583,#6585,.T.);
#6583 = VERTEX_POINT('',#6584);
#6584 = CARTESIAN_POINT('',(22.4248,-67.2875,0.755));
#6585 = SURFACE_CURVE('',#6586,(#6591,#6602),.PCURVE_S1.);
#6586 = CIRCLE('',#6587,0.15);
#6587 = AXIS2_PLACEMENT_3D('',#6588,#6589,#6590);
#6588 = CARTESIAN_POINT('',(22.4248,-67.1375,0.755));
#6589 = DIRECTION('',(0.,-0.,-1.));
#6590 = DIRECTION('',(2.368475785867E-14,-1.,0.));
#6591 = PCURVE('',#73,#6592);
#6592 = DEFINITIONAL_REPRESENTATION('',(#6593),#6601);
#6593 = ( BOUNDED_CURVE() B_SPLINE_CURVE(2,(#6594,#6595,#6596,#6597,
#6598,#6599,#6600),.UNSPECIFIED.,.T.,.F.) B_SPLINE_CURVE_WITH_KNOTS((1,2
    ,2,2,2,1),(-2.094395102393,0.,2.094395102393,4.188790204786,
6.28318530718,8.377580409573),.UNSPECIFIED.) CURVE() 
GEOMETRIC_REPRESENTATION_ITEM() RATIONAL_B_SPLINE_CURVE((1.,0.5,1.,0.5,
1.,0.5,1.)) REPRESENTATION_ITEM('') );
#6594 = CARTESIAN_POINT('',(22.4248,-67.2875));
#6595 = CARTESIAN_POINT('',(22.164992378865,-67.2875));
#6596 = CARTESIAN_POINT('',(22.294896189432,-67.0625));
#6597 = CARTESIAN_POINT('',(22.4248,-66.8375));
#6598 = CARTESIAN_POINT('',(22.554703810568,-67.0625));
#6599 = CARTESIAN_POINT('',(22.684607621135,-67.2875));
#6600 = CARTESIAN_POINT('',(22.4248,-67.2875));
#6601 = ( GEOMETRIC_REPRESENTATION_CONTEXT(2) 
PARAMETRIC_REPRESENTATION_CONTEXT() REPRESENTATION_CONTEXT('2D SPACE',''
  ) );
#6602 = PCURVE('',#1855,#6603);
#6603 = DEFINITIONAL_REPRESENTATION('',(#6604),#6608);
#6604 = LINE('',#6605,#6606);
#6605 = CARTESIAN_POINT('',(0.,-0.746));
#6606 = VECTOR('',#6607,1.);
#6607 = DIRECTION('',(1.,0.));
#6608 = ( GEOMETRIC_REPRESENTATION_CONTEXT(2) 
PARAMETRIC_REPRESENTATION_CONTEXT() REPRESENTATION_CONTEXT('2D SPACE',''
  ) );
#6609 = FACE_BOUND('',#6610,.T.);
#6610 = EDGE_LOOP('',(#6611));
#6611 = ORIENTED_EDGE('',*,*,#6612,.T.);
#6612 = EDGE_CURVE('',#6613,#6613,#6615,.T.);
#6613 = VERTEX_POINT('',#6614);
#6614 = CARTESIAN_POINT('',(24.531,-71.444,0.755));
#6615 = SURFACE_CURVE('',#6616,(#6621,#6632),.PCURVE_S1.);
#6616 = CIRCLE('',#6617,0.15);
#6617 = AXIS2_PLACEMENT_3D('',#6618,#6619,#6620);
#6618 = CARTESIAN_POINT('',(24.531,-71.294,0.755));
#6619 = DIRECTION('',(-0.,-0.,-1.));
#6620 = DIRECTION('',(0.,-1.,0.));
#6621 = PCURVE('',#73,#6622);
#6622 = DEFINITIONAL_REPRESENTATION('',(#6623),#6631);
#6623 = ( BOUNDED_CURVE() B_SPLINE_CURVE(2,(#6624,#6625,#6626,#6627,
#6628,#6629,#6630),.UNSPECIFIED.,.T.,.F.) B_SPLINE_CURVE_WITH_KNOTS((1,2
    ,2,2,2,1),(-2.094395102393,0.,2.094395102393,4.188790204786,
6.28318530718,8.377580409573),.UNSPECIFIED.) CURVE() 
GEOMETRIC_REPRESENTATION_ITEM() RATIONAL_B_SPLINE_CURVE((1.,0.5,1.,0.5,
1.,0.5,1.)) REPRESENTATION_ITEM('') );
#6624 = CARTESIAN_POINT('',(24.531,-71.444));
#6625 = CARTESIAN_POINT('',(24.271192378865,-71.444));
#6626 = CARTESIAN_POINT('',(24.401096189432,-71.219));
#6627 = CARTESIAN_POINT('',(24.531,-70.994));
#6628 = CARTESIAN_POINT('',(24.660903810568,-71.219));
#6629 = CARTESIAN_POINT('',(24.790807621135,-71.444));
#6630 = CARTESIAN_POINT('',(24.531,-71.444));
#6631 = ( GEOMETRIC_REPRESENTATION_CONTEXT(2) 
PARAMETRIC_REPRESENTATION_CONTEXT() REPRESENTATION_CONTEXT('2D SPACE',''
  ) );
#6632 = PCURVE('',#1890,#6633);
#6633 = DEFINITIONAL_REPRESENTATION('',(#6634),#6638);
#6634 = LINE('',#6635,#6636);
#6635 = CARTESIAN_POINT('',(0.,-0.746));
#6636 = VECTOR('',#6637,1.);
#6637 = DIRECTION('',(1.,0.));
#6638 = ( GEOMETRIC_REPRESENTATION_CONTEXT(2) 
PARAMETRIC_REPRESENTATION_CONTEXT() REPRESENTATION_CONTEXT('2D SPACE',''
  ) );
#6639 = FACE_BOUND('',#6640,.T.);
#6640 = EDGE_LOOP('',(#6641));
#6641 = ORIENTED_EDGE('',*,*,#6642,.T.);
#6642 = EDGE_CURVE('',#6643,#6643,#6645,.T.);
#6643 = VERTEX_POINT('',#6644);
#6644 = CARTESIAN_POINT('',(24.531,-64.9171,0.755));
#6645 = SURFACE_CURVE('',#6646,(#6651,#6662),.PCURVE_S1.);
#6646 = CIRCLE('',#6647,0.15);
#6647 = AXIS2_PLACEMENT_3D('',#6648,#6649,#6650);
#6648 = CARTESIAN_POINT('',(24.531,-64.7671,0.755));
#6649 = DIRECTION('',(-0.,-0.,-1.));
#6650 = DIRECTION('',(0.,-1.,0.));
#6651 = PCURVE('',#73,#6652);
#6652 = DEFINITIONAL_REPRESENTATION('',(#6653),#6661);
#6653 = ( BOUNDED_CURVE() B_SPLINE_CURVE(2,(#6654,#6655,#6656,#6657,
#6658,#6659,#6660),.UNSPECIFIED.,.T.,.F.) B_SPLINE_CURVE_WITH_KNOTS((1,2
    ,2,2,2,1),(-2.094395102393,0.,2.094395102393,4.188790204786,
6.28318530718,8.377580409573),.UNSPECIFIED.) CURVE() 
GEOMETRIC_REPRESENTATION_ITEM() RATIONAL_B_SPLINE_CURVE((1.,0.5,1.,0.5,
1.,0.5,1.)) REPRESENTATION_ITEM('') );
#6654 = CARTESIAN_POINT('',(24.531,-64.9171));
#6655 = CARTESIAN_POINT('',(24.271192378865,-64.9171));
#6656 = CARTESIAN_POINT('',(24.401096189432,-64.6921));
#6657 = CARTESIAN_POINT('',(24.531,-64.4671));
#6658 = CARTESIAN_POINT('',(24.660903810568,-64.6921));
#6659 = CARTESIAN_POINT('',(24.790807621135,-64.9171));
#6660 = CARTESIAN_POINT('',(24.531,-64.9171));
#6661 = ( GEOMETRIC_REPRESENTATION_CONTEXT(2) 
PARAMETRIC_REPRESENTATION_CONTEXT() REPRESENTATION_CONTEXT('2D SPACE',''
  ) );
#6662 = PCURVE('',#1925,#6663);
#6663 = DEFINITIONAL_REPRESENTATION('',(#6664),#6668);
#6664 = LINE('',#6665,#6666);
#6665 = CARTESIAN_POINT('',(0.,-0.746));
#6666 = VECTOR('',#6667,1.);
#6667 = DIRECTION('',(1.,0.));
#6668 = ( GEOMETRIC_REPRESENTATION_CONTEXT(2) 
PARAMETRIC_REPRESENTATION_CONTEXT() REPRESENTATION_CONTEXT('2D SPACE',''
  ) );
#6669 = FACE_BOUND('',#6670,.T.);
#6670 = EDGE_LOOP('',(#6671));
#6671 = ORIENTED_EDGE('',*,*,#6672,.T.);
#6672 = EDGE_CURVE('',#6673,#6673,#6675,.T.);
#6673 = VERTEX_POINT('',#6674);
#6674 = CARTESIAN_POINT('',(18.1476,-59.5234,0.755));
#6675 = SURFACE_CURVE('',#6676,(#6681,#6692),.PCURVE_S1.);
#6676 = CIRCLE('',#6677,0.15);
#6677 = AXIS2_PLACEMENT_3D('',#6678,#6679,#6680);
#6678 = CARTESIAN_POINT('',(18.1476,-59.3734,0.755));
#6679 = DIRECTION('',(0.,-0.,-1.));
#6680 = DIRECTION('',(2.368475785867E-14,-1.,0.));
#6681 = PCURVE('',#73,#6682);
#6682 = DEFINITIONAL_REPRESENTATION('',(#6683),#6691);
#6683 = ( BOUNDED_CURVE() B_SPLINE_CURVE(2,(#6684,#6685,#6686,#6687,
#6688,#6689,#6690),.UNSPECIFIED.,.T.,.F.) B_SPLINE_CURVE_WITH_KNOTS((1,2
    ,2,2,2,1),(-2.094395102393,0.,2.094395102393,4.188790204786,
6.28318530718,8.377580409573),.UNSPECIFIED.) CURVE() 
GEOMETRIC_REPRESENTATION_ITEM() RATIONAL_B_SPLINE_CURVE((1.,0.5,1.,0.5,
1.,0.5,1.)) REPRESENTATION_ITEM('') );
#6684 = CARTESIAN_POINT('',(18.1476,-59.5234));
#6685 = CARTESIAN_POINT('',(17.887792378865,-59.5234));
#6686 = CARTESIAN_POINT('',(18.017696189432,-59.2984));
#6687 = CARTESIAN_POINT('',(18.1476,-59.0734));
#6688 = CARTESIAN_POINT('',(18.277503810568,-59.2984));
#6689 = CARTESIAN_POINT('',(18.407407621135,-59.5234));
#6690 = CARTESIAN_POINT('',(18.1476,-59.5234));
#6691 = ( GEOMETRIC_REPRESENTATION_CONTEXT(2) 
PARAMETRIC_REPRESENTATION_CONTEXT() REPRESENTATION_CONTEXT('2D SPACE',''
  ) );
#6692 = PCURVE('',#1960,#6693);
#6693 = DEFINITIONAL_REPRESENTATION('',(#6694),#6698);
#6694 = LINE('',#6695,#6696);
#6695 = CARTESIAN_POINT('',(0.,-0.746));
#6696 = VECTOR('',#6697,1.);
#6697 = DIRECTION('',(1.,0.));
#6698 = ( GEOMETRIC_REPRESENTATION_CONTEXT(2) 
PARAMETRIC_REPRESENTATION_CONTEXT() REPRESENTATION_CONTEXT('2D SPACE',''
  ) );
#6699 = FACE_BOUND('',#6700,.T.);
#6700 = EDGE_LOOP('',(#6701));
#6701 = ORIENTED_EDGE('',*,*,#6702,.T.);
#6702 = EDGE_CURVE('',#6703,#6703,#6705,.T.);
#6703 = VERTEX_POINT('',#6704);
#6704 = CARTESIAN_POINT('',(28.7384,-63.8883,0.755));
#6705 = SURFACE_CURVE('',#6706,(#6711,#6722),.PCURVE_S1.);
#6706 = CIRCLE('',#6707,0.15);
#6707 = AXIS2_PLACEMENT_3D('',#6708,#6709,#6710);
#6708 = CARTESIAN_POINT('',(28.7384,-63.7383,0.755));
#6709 = DIRECTION('',(-0.,-0.,-1.));
#6710 = DIRECTION('',(0.,-1.,0.));
#6711 = PCURVE('',#73,#6712);
#6712 = DEFINITIONAL_REPRESENTATION('',(#6713),#6721);
#6713 = ( BOUNDED_CURVE() B_SPLINE_CURVE(2,(#6714,#6715,#6716,#6717,
#6718,#6719,#6720),.UNSPECIFIED.,.T.,.F.) B_SPLINE_CURVE_WITH_KNOTS((1,2
    ,2,2,2,1),(-2.094395102393,0.,2.094395102393,4.188790204786,
6.28318530718,8.377580409573),.UNSPECIFIED.) CURVE() 
GEOMETRIC_REPRESENTATION_ITEM() RATIONAL_B_SPLINE_CURVE((1.,0.5,1.,0.5,
1.,0.5,1.)) REPRESENTATION_ITEM('') );
#6714 = CARTESIAN_POINT('',(28.7384,-63.8883));
#6715 = CARTESIAN_POINT('',(28.478592378865,-63.8883));
#6716 = CARTESIAN_POINT('',(28.608496189432,-63.6633));
#6717 = CARTESIAN_POINT('',(28.7384,-63.4383));
#6718 = CARTESIAN_POINT('',(28.868303810568,-63.6633));
#6719 = CARTESIAN_POINT('',(28.998207621135,-63.8883));
#6720 = CARTESIAN_POINT('',(28.7384,-63.8883));
#6721 = ( GEOMETRIC_REPRESENTATION_CONTEXT(2) 
PARAMETRIC_REPRESENTATION_CONTEXT() REPRESENTATION_CONTEXT('2D SPACE',''
  ) );
#6722 = PCURVE('',#1995,#6723);
#6723 = DEFINITIONAL_REPRESENTATION('',(#6724),#6728);
#6724 = LINE('',#6725,#6726);
#6725 = CARTESIAN_POINT('',(0.,-0.746));
#6726 = VECTOR('',#6727,1.);
#6727 = DIRECTION('',(1.,0.));
#6728 = ( GEOMETRIC_REPRESENTATION_CONTEXT(2) 
PARAMETRIC_REPRESENTATION_CONTEXT() REPRESENTATION_CONTEXT('2D SPACE',''
  ) );
#6729 = FACE_BOUND('',#6730,.T.);
#6730 = EDGE_LOOP('',(#6731));
#6731 = ORIENTED_EDGE('',*,*,#6732,.T.);
#6732 = EDGE_CURVE('',#6733,#6733,#6735,.T.);
#6733 = VERTEX_POINT('',#6734);
#6734 = CARTESIAN_POINT('',(32.2767,-85.1669,0.755));
#6735 = SURFACE_CURVE('',#6736,(#6741,#6752),.PCURVE_S1.);
#6736 = CIRCLE('',#6737,0.15);
#6737 = AXIS2_PLACEMENT_3D('',#6738,#6739,#6740);
#6738 = CARTESIAN_POINT('',(32.2767,-85.0169,0.755));
#6739 = DIRECTION('',(-0.,-0.,-1.));
#6740 = DIRECTION('',(0.,-1.,0.));
#6741 = PCURVE('',#73,#6742);
#6742 = DEFINITIONAL_REPRESENTATION('',(#6743),#6751);
#6743 = ( BOUNDED_CURVE() B_SPLINE_CURVE(2,(#6744,#6745,#6746,#6747,
#6748,#6749,#6750),.UNSPECIFIED.,.T.,.F.) B_SPLINE_CURVE_WITH_KNOTS((1,2
    ,2,2,2,1),(-2.094395102393,0.,2.094395102393,4.188790204786,
6.28318530718,8.377580409573),.UNSPECIFIED.) CURVE() 
GEOMETRIC_REPRESENTATION_ITEM() RATIONAL_B_SPLINE_CURVE((1.,0.5,1.,0.5,
1.,0.5,1.)) REPRESENTATION_ITEM('') );
#6744 = CARTESIAN_POINT('',(32.2767,-85.1669));
#6745 = CARTESIAN_POINT('',(32.016892378865,-85.1669));
#6746 = CARTESIAN_POINT('',(32.146796189432,-84.9419));
#6747 = CARTESIAN_POINT('',(32.2767,-84.7169));
#6748 = CARTESIAN_POINT('',(32.406603810568,-84.9419));
#6749 = CARTESIAN_POINT('',(32.536507621135,-85.1669));
#6750 = CARTESIAN_POINT('',(32.2767,-85.1669));
#6751 = ( GEOMETRIC_REPRESENTATION_CONTEXT(2) 
PARAMETRIC_REPRESENTATION_CONTEXT() REPRESENTATION_CONTEXT('2D SPACE',''
  ) );
#6752 = PCURVE('',#2030,#6753);
#6753 = DEFINITIONAL_REPRESENTATION('',(#6754),#6758);
#6754 = LINE('',#6755,#6756);
#6755 = CARTESIAN_POINT('',(0.,-0.746));
#6756 = VECTOR('',#6757,1.);
#6757 = DIRECTION('',(1.,0.));
#6758 = ( GEOMETRIC_REPRESENTATION_CONTEXT(2) 
PARAMETRIC_REPRESENTATION_CONTEXT() REPRESENTATION_CONTEXT('2D SPACE',''
  ) );
#6759 = FACE_BOUND('',#6760,.T.);
#6760 = EDGE_LOOP('',(#6761));
#6761 = ORIENTED_EDGE('',*,*,#6762,.T.);
#6762 = EDGE_CURVE('',#6763,#6763,#6765,.T.);
#6763 = VERTEX_POINT('',#6764);
#6764 = CARTESIAN_POINT('',(33.4566,-84.0518,0.755));
#6765 = SURFACE_CURVE('',#6766,(#6771,#6782),.PCURVE_S1.);
#6766 = CIRCLE('',#6767,0.15);
#6767 = AXIS2_PLACEMENT_3D('',#6768,#6769,#6770);
#6768 = CARTESIAN_POINT('',(33.4566,-83.9018,0.755));
#6769 = DIRECTION('',(-0.,-0.,-1.));
#6770 = DIRECTION('',(0.,-1.,0.));
#6771 = PCURVE('',#73,#6772);
#6772 = DEFINITIONAL_REPRESENTATION('',(#6773),#6781);
#6773 = ( BOUNDED_CURVE() B_SPLINE_CURVE(2,(#6774,#6775,#6776,#6777,
#6778,#6779,#6780),.UNSPECIFIED.,.T.,.F.) B_SPLINE_CURVE_WITH_KNOTS((1,2
    ,2,2,2,1),(-2.094395102393,0.,2.094395102393,4.188790204786,
6.28318530718,8.377580409573),.UNSPECIFIED.) CURVE() 
GEOMETRIC_REPRESENTATION_ITEM() RATIONAL_B_SPLINE_CURVE((1.,0.5,1.,0.5,
1.,0.5,1.)) REPRESENTATION_ITEM('') );
#6774 = CARTESIAN_POINT('',(33.4566,-84.0518));
#6775 = CARTESIAN_POINT('',(33.196792378865,-84.0518));
#6776 = CARTESIAN_POINT('',(33.326696189432,-83.8268));
#6777 = CARTESIAN_POINT('',(33.4566,-83.6018));
#6778 = CARTESIAN_POINT('',(33.586503810568,-83.8268));
#6779 = CARTESIAN_POINT('',(33.716407621135,-84.0518));
#6780 = CARTESIAN_POINT('',(33.4566,-84.0518));
#6781 = ( GEOMETRIC_REPRESENTATION_CONTEXT(2) 
PARAMETRIC_REPRESENTATION_CONTEXT() REPRESENTATION_CONTEXT('2D SPACE',''
  ) );
#6782 = PCURVE('',#2065,#6783);
#6783 = DEFINITIONAL_REPRESENTATION('',(#6784),#6788);
#6784 = LINE('',#6785,#6786);
#6785 = CARTESIAN_POINT('',(0.,-0.746));
#6786 = VECTOR('',#6787,1.);
#6787 = DIRECTION('',(1.,0.));
#6788 = ( GEOMETRIC_REPRESENTATION_CONTEXT(2) 
PARAMETRIC_REPRESENTATION_CONTEXT() REPRESENTATION_CONTEXT('2D SPACE',''
  ) );
#6789 = FACE_BOUND('',#6790,.T.);
#6790 = EDGE_LOOP('',(#6791));
#6791 = ORIENTED_EDGE('',*,*,#6792,.T.);
#6792 = EDGE_CURVE('',#6793,#6793,#6795,.T.);
#6793 = VERTEX_POINT('',#6794);
#6794 = CARTESIAN_POINT('',(35.6199,-84.0218,0.755));
#6795 = SURFACE_CURVE('',#6796,(#6801,#6812),.PCURVE_S1.);
#6796 = CIRCLE('',#6797,0.15);
#6797 = AXIS2_PLACEMENT_3D('',#6798,#6799,#6800);
#6798 = CARTESIAN_POINT('',(35.6199,-83.8718,0.755));
#6799 = DIRECTION('',(-0.,-0.,-1.));
#6800 = DIRECTION('',(0.,-1.,0.));
#6801 = PCURVE('',#73,#6802);
#6802 = DEFINITIONAL_REPRESENTATION('',(#6803),#6811);
#6803 = ( BOUNDED_CURVE() B_SPLINE_CURVE(2,(#6804,#6805,#6806,#6807,
#6808,#6809,#6810),.UNSPECIFIED.,.T.,.F.) B_SPLINE_CURVE_WITH_KNOTS((1,2
    ,2,2,2,1),(-2.094395102393,0.,2.094395102393,4.188790204786,
6.28318530718,8.377580409573),.UNSPECIFIED.) CURVE() 
GEOMETRIC_REPRESENTATION_ITEM() RATIONAL_B_SPLINE_CURVE((1.,0.5,1.,0.5,
1.,0.5,1.)) REPRESENTATION_ITEM('') );
#6804 = CARTESIAN_POINT('',(35.6199,-84.0218));
#6805 = CARTESIAN_POINT('',(35.360092378865,-84.0218));
#6806 = CARTESIAN_POINT('',(35.489996189432,-83.7968));
#6807 = CARTESIAN_POINT('',(35.6199,-83.5718));
#6808 = CARTESIAN_POINT('',(35.749803810568,-83.7968));
#6809 = CARTESIAN_POINT('',(35.879707621135,-84.0218));
#6810 = CARTESIAN_POINT('',(35.6199,-84.0218));
#6811 = ( GEOMETRIC_REPRESENTATION_CONTEXT(2) 
PARAMETRIC_REPRESENTATION_CONTEXT() REPRESENTATION_CONTEXT('2D SPACE',''
  ) );
#6812 = PCURVE('',#2100,#6813);
#6813 = DEFINITIONAL_REPRESENTATION('',(#6814),#6818);
#6814 = LINE('',#6815,#6816);
#6815 = CARTESIAN_POINT('',(0.,-0.746));
#6816 = VECTOR('',#6817,1.);
#6817 = DIRECTION('',(1.,0.));
#6818 = ( GEOMETRIC_REPRESENTATION_CONTEXT(2) 
PARAMETRIC_REPRESENTATION_CONTEXT() REPRESENTATION_CONTEXT('2D SPACE',''
  ) );
#6819 = FACE_BOUND('',#6820,.T.);
#6820 = EDGE_LOOP('',(#6821));
#6821 = ORIENTED_EDGE('',*,*,#6822,.T.);
#6822 = EDGE_CURVE('',#6823,#6823,#6825,.T.);
#6823 = VERTEX_POINT('',#6824);
#6824 = CARTESIAN_POINT('',(31.7292,-80.8174,0.755));
#6825 = SURFACE_CURVE('',#6826,(#6831,#6842),.PCURVE_S1.);
#6826 = CIRCLE('',#6827,0.15);
#6827 = AXIS2_PLACEMENT_3D('',#6828,#6829,#6830);
#6828 = CARTESIAN_POINT('',(31.7292,-80.6674,0.755));
#6829 = DIRECTION('',(-0.,-0.,-1.));
#6830 = DIRECTION('',(0.,-1.,0.));
#6831 = PCURVE('',#73,#6832);
#6832 = DEFINITIONAL_REPRESENTATION('',(#6833),#6841);
#6833 = ( BOUNDED_CURVE() B_SPLINE_CURVE(2,(#6834,#6835,#6836,#6837,
#6838,#6839,#6840),.UNSPECIFIED.,.T.,.F.) B_SPLINE_CURVE_WITH_KNOTS((1,2
    ,2,2,2,1),(-2.094395102393,0.,2.094395102393,4.188790204786,
6.28318530718,8.377580409573),.UNSPECIFIED.) CURVE() 
GEOMETRIC_REPRESENTATION_ITEM() RATIONAL_B_SPLINE_CURVE((1.,0.5,1.,0.5,
1.,0.5,1.)) REPRESENTATION_ITEM('') );
#6834 = CARTESIAN_POINT('',(31.7292,-80.8174));
#6835 = CARTESIAN_POINT('',(31.469392378865,-80.8174));
#6836 = CARTESIAN_POINT('',(31.599296189432,-80.5924));
#6837 = CARTESIAN_POINT('',(31.7292,-80.3674));
#6838 = CARTESIAN_POINT('',(31.859103810568,-80.5924));
#6839 = CARTESIAN_POINT('',(31.989007621135,-80.8174));
#6840 = CARTESIAN_POINT('',(31.7292,-80.8174));
#6841 = ( GEOMETRIC_REPRESENTATION_CONTEXT(2) 
PARAMETRIC_REPRESENTATION_CONTEXT() REPRESENTATION_CONTEXT('2D SPACE',''
  ) );
#6842 = PCURVE('',#2135,#6843);
#6843 = DEFINITIONAL_REPRESENTATION('',(#6844),#6848);
#6844 = LINE('',#6845,#6846);
#6845 = CARTESIAN_POINT('',(0.,-0.746));
#6846 = VECTOR('',#6847,1.);
#6847 = DIRECTION('',(1.,0.));
#6848 = ( GEOMETRIC_REPRESENTATION_CONTEXT(2) 
PARAMETRIC_REPRESENTATION_CONTEXT() REPRESENTATION_CONTEXT('2D SPACE',''
  ) );
#6849 = FACE_BOUND('',#6850,.T.);
#6850 = EDGE_LOOP('',(#6851));
#6851 = ORIENTED_EDGE('',*,*,#6852,.T.);
#6852 = EDGE_CURVE('',#6853,#6853,#6855,.T.);
#6853 = VERTEX_POINT('',#6854);
#6854 = CARTESIAN_POINT('',(32.6031,-80.7352,0.755));
#6855 = SURFACE_CURVE('',#6856,(#6861,#6872),.PCURVE_S1.);
#6856 = CIRCLE('',#6857,0.15);
#6857 = AXIS2_PLACEMENT_3D('',#6858,#6859,#6860);
#6858 = CARTESIAN_POINT('',(32.6031,-80.5852,0.755));
#6859 = DIRECTION('',(-0.,-0.,-1.));
#6860 = DIRECTION('',(0.,-1.,0.));
#6861 = PCURVE('',#73,#6862);
#6862 = DEFINITIONAL_REPRESENTATION('',(#6863),#6871);
#6863 = ( BOUNDED_CURVE() B_SPLINE_CURVE(2,(#6864,#6865,#6866,#6867,
#6868,#6869,#6870),.UNSPECIFIED.,.T.,.F.) B_SPLINE_CURVE_WITH_KNOTS((1,2
    ,2,2,2,1),(-2.094395102393,0.,2.094395102393,4.188790204786,
6.28318530718,8.377580409573),.UNSPECIFIED.) CURVE() 
GEOMETRIC_REPRESENTATION_ITEM() RATIONAL_B_SPLINE_CURVE((1.,0.5,1.,0.5,
1.,0.5,1.)) REPRESENTATION_ITEM('') );
#6864 = CARTESIAN_POINT('',(32.6031,-80.7352));
#6865 = CARTESIAN_POINT('',(32.343292378865,-80.7352));
#6866 = CARTESIAN_POINT('',(32.473196189432,-80.5102));
#6867 = CARTESIAN_POINT('',(32.6031,-80.2852));
#6868 = CARTESIAN_POINT('',(32.733003810568,-80.5102));
#6869 = CARTESIAN_POINT('',(32.862907621135,-80.7352));
#6870 = CARTESIAN_POINT('',(32.6031,-80.7352));
#6871 = ( GEOMETRIC_REPRESENTATION_CONTEXT(2) 
PARAMETRIC_REPRESENTATION_CONTEXT() REPRESENTATION_CONTEXT('2D SPACE',''
  ) );
#6872 = PCURVE('',#2170,#6873);
#6873 = DEFINITIONAL_REPRESENTATION('',(#6874),#6878);
#6874 = LINE('',#6875,#6876);
#6875 = CARTESIAN_POINT('',(0.,-0.746));
#6876 = VECTOR('',#6877,1.);
#6877 = DIRECTION('',(1.,0.));
#6878 = ( GEOMETRIC_REPRESENTATION_CONTEXT(2) 
PARAMETRIC_REPRESENTATION_CONTEXT() REPRESENTATION_CONTEXT('2D SPACE',''
  ) );
#6879 = FACE_BOUND('',#6880,.T.);
#6880 = EDGE_LOOP('',(#6881));
#6881 = ORIENTED_EDGE('',*,*,#6882,.T.);
#6882 = EDGE_CURVE('',#6883,#6883,#6885,.T.);
#6883 = VERTEX_POINT('',#6884);
#6884 = CARTESIAN_POINT('',(31.6686,-80.061,0.755));
#6885 = SURFACE_CURVE('',#6886,(#6891,#6902),.PCURVE_S1.);
#6886 = CIRCLE('',#6887,0.15);
#6887 = AXIS2_PLACEMENT_3D('',#6888,#6889,#6890);
#6888 = CARTESIAN_POINT('',(31.6686,-79.911,0.755));
#6889 = DIRECTION('',(0.,-0.,-1.));
#6890 = DIRECTION('',(2.368475785867E-14,-1.,0.));
#6891 = PCURVE('',#73,#6892);
#6892 = DEFINITIONAL_REPRESENTATION('',(#6893),#6901);
#6893 = ( BOUNDED_CURVE() B_SPLINE_CURVE(2,(#6894,#6895,#6896,#6897,
#6898,#6899,#6900),.UNSPECIFIED.,.T.,.F.) B_SPLINE_CURVE_WITH_KNOTS((1,2
    ,2,2,2,1),(-2.094395102393,0.,2.094395102393,4.188790204786,
6.28318530718,8.377580409573),.UNSPECIFIED.) CURVE() 
GEOMETRIC_REPRESENTATION_ITEM() RATIONAL_B_SPLINE_CURVE((1.,0.5,1.,0.5,
1.,0.5,1.)) REPRESENTATION_ITEM('') );
#6894 = CARTESIAN_POINT('',(31.6686,-80.061));
#6895 = CARTESIAN_POINT('',(31.408792378865,-80.061));
#6896 = CARTESIAN_POINT('',(31.538696189432,-79.836));
#6897 = CARTESIAN_POINT('',(31.6686,-79.611));
#6898 = CARTESIAN_POINT('',(31.798503810568,-79.836));
#6899 = CARTESIAN_POINT('',(31.928407621135,-80.061));
#6900 = CARTESIAN_POINT('',(31.6686,-80.061));
#6901 = ( GEOMETRIC_REPRESENTATION_CONTEXT(2) 
PARAMETRIC_REPRESENTATION_CONTEXT() REPRESENTATION_CONTEXT('2D SPACE',''
  ) );
#6902 = PCURVE('',#2205,#6903);
#6903 = DEFINITIONAL_REPRESENTATION('',(#6904),#6908);
#6904 = LINE('',#6905,#6906);
#6905 = CARTESIAN_POINT('',(0.,-0.746));
#6906 = VECTOR('',#6907,1.);
#6907 = DIRECTION('',(1.,0.));
#6908 = ( GEOMETRIC_REPRESENTATION_CONTEXT(2) 
PARAMETRIC_REPRESENTATION_CONTEXT() REPRESENTATION_CONTEXT('2D SPACE',''
  ) );
#6909 = FACE_BOUND('',#6910,.T.);
#6910 = EDGE_LOOP('',(#6911));
#6911 = ORIENTED_EDGE('',*,*,#6912,.T.);
#6912 = EDGE_CURVE('',#6913,#6913,#6915,.T.);
#6913 = VERTEX_POINT('',#6914);
#6914 = CARTESIAN_POINT('',(34.5363,-82.2433,0.755));
#6915 = SURFACE_CURVE('',#6916,(#6921,#6932),.PCURVE_S1.);
#6916 = CIRCLE('',#6917,0.15);
#6917 = AXIS2_PLACEMENT_3D('',#6918,#6919,#6920);
#6918 = CARTESIAN_POINT('',(34.5363,-82.0933,0.755));
#6919 = DIRECTION('',(-0.,-0.,-1.));
#6920 = DIRECTION('',(0.,-1.,0.));
#6921 = PCURVE('',#73,#6922);
#6922 = DEFINITIONAL_REPRESENTATION('',(#6923),#6931);
#6923 = ( BOUNDED_CURVE() B_SPLINE_CURVE(2,(#6924,#6925,#6926,#6927,
#6928,#6929,#6930),.UNSPECIFIED.,.T.,.F.) B_SPLINE_CURVE_WITH_KNOTS((1,2
    ,2,2,2,1),(-2.094395102393,0.,2.094395102393,4.188790204786,
6.28318530718,8.377580409573),.UNSPECIFIED.) CURVE() 
GEOMETRIC_REPRESENTATION_ITEM() RATIONAL_B_SPLINE_CURVE((1.,0.5,1.,0.5,
1.,0.5,1.)) REPRESENTATION_ITEM('') );
#6924 = CARTESIAN_POINT('',(34.5363,-82.2433));
#6925 = CARTESIAN_POINT('',(34.276492378865,-82.2433));
#6926 = CARTESIAN_POINT('',(34.406396189432,-82.0183));
#6927 = CARTESIAN_POINT('',(34.5363,-81.7933));
#6928 = CARTESIAN_POINT('',(34.666203810568,-82.0183));
#6929 = CARTESIAN_POINT('',(34.796107621135,-82.2433));
#6930 = CARTESIAN_POINT('',(34.5363,-82.2433));
#6931 = ( GEOMETRIC_REPRESENTATION_CONTEXT(2) 
PARAMETRIC_REPRESENTATION_CONTEXT() REPRESENTATION_CONTEXT('2D SPACE',''
  ) );
#6932 = PCURVE('',#2240,#6933);
#6933 = DEFINITIONAL_REPRESENTATION('',(#6934),#6938);
#6934 = LINE('',#6935,#6936);
#6935 = CARTESIAN_POINT('',(0.,-0.746));
#6936 = VECTOR('',#6937,1.);
#6937 = DIRECTION('',(1.,0.));
#6938 = ( GEOMETRIC_REPRESENTATION_CONTEXT(2) 
PARAMETRIC_REPRESENTATION_CONTEXT() REPRESENTATION_CONTEXT('2D SPACE',''
  ) );
#6939 = FACE_BOUND('',#6940,.T.);
#6940 = EDGE_LOOP('',(#6941));
#6941 = ORIENTED_EDGE('',*,*,#6942,.T.);
#6942 = EDGE_CURVE('',#6943,#6943,#6945,.T.);
#6943 = VERTEX_POINT('',#6944);
#6944 = CARTESIAN_POINT('',(35.3652,-82.2425,0.755));
#6945 = SURFACE_CURVE('',#6946,(#6951,#6962),.PCURVE_S1.);
#6946 = CIRCLE('',#6947,0.15);
#6947 = AXIS2_PLACEMENT_3D('',#6948,#6949,#6950);
#6948 = CARTESIAN_POINT('',(35.3652,-82.0925,0.755));
#6949 = DIRECTION('',(-0.,-0.,-1.));
#6950 = DIRECTION('',(0.,-1.,0.));
#6951 = PCURVE('',#73,#6952);
#6952 = DEFINITIONAL_REPRESENTATION('',(#6953),#6961);
#6953 = ( BOUNDED_CURVE() B_SPLINE_CURVE(2,(#6954,#6955,#6956,#6957,
#6958,#6959,#6960),.UNSPECIFIED.,.T.,.F.) B_SPLINE_CURVE_WITH_KNOTS((1,2
    ,2,2,2,1),(-2.094395102393,0.,2.094395102393,4.188790204786,
6.28318530718,8.377580409573),.UNSPECIFIED.) CURVE() 
GEOMETRIC_REPRESENTATION_ITEM() RATIONAL_B_SPLINE_CURVE((1.,0.5,1.,0.5,
1.,0.5,1.)) REPRESENTATION_ITEM('') );
#6954 = CARTESIAN_POINT('',(35.3652,-82.2425));
#6955 = CARTESIAN_POINT('',(35.105392378865,-82.2425));
#6956 = CARTESIAN_POINT('',(35.235296189432,-82.0175));
#6957 = CARTESIAN_POINT('',(35.3652,-81.7925));
#6958 = CARTESIAN_POINT('',(35.495103810568,-82.0175));
#6959 = CARTESIAN_POINT('',(35.625007621135,-82.2425));
#6960 = CARTESIAN_POINT('',(35.3652,-82.2425));
#6961 = ( GEOMETRIC_REPRESENTATION_CONTEXT(2) 
PARAMETRIC_REPRESENTATION_CONTEXT() REPRESENTATION_CONTEXT('2D SPACE',''
  ) );
#6962 = PCURVE('',#2275,#6963);
#6963 = DEFINITIONAL_REPRESENTATION('',(#6964),#6968);
#6964 = LINE('',#6965,#6966);
#6965 = CARTESIAN_POINT('',(0.,-0.746));
#6966 = VECTOR('',#6967,1.);
#6967 = DIRECTION('',(1.,0.));
#6968 = ( GEOMETRIC_REPRESENTATION_CONTEXT(2) 
PARAMETRIC_REPRESENTATION_CONTEXT() REPRESENTATION_CONTEXT('2D SPACE',''
  ) );
#6969 = FACE_BOUND('',#6970,.T.);
#6970 = EDGE_LOOP('',(#6971));
#6971 = ORIENTED_EDGE('',*,*,#6972,.T.);
#6972 = EDGE_CURVE('',#6973,#6973,#6975,.T.);
#6973 = VERTEX_POINT('',#6974);
#6974 = CARTESIAN_POINT('',(35.0566,-80.2817,0.755));
#6975 = SURFACE_CURVE('',#6976,(#6981,#6992),.PCURVE_S1.);
#6976 = CIRCLE('',#6977,0.15);
#6977 = AXIS2_PLACEMENT_3D('',#6978,#6979,#6980);
#6978 = CARTESIAN_POINT('',(35.0566,-80.1317,0.755));
#6979 = DIRECTION('',(-0.,-0.,-1.));
#6980 = DIRECTION('',(0.,-1.,0.));
#6981 = PCURVE('',#73,#6982);
#6982 = DEFINITIONAL_REPRESENTATION('',(#6983),#6991);
#6983 = ( BOUNDED_CURVE() B_SPLINE_CURVE(2,(#6984,#6985,#6986,#6987,
#6988,#6989,#6990),.UNSPECIFIED.,.T.,.F.) B_SPLINE_CURVE_WITH_KNOTS((1,2
    ,2,2,2,1),(-2.094395102393,0.,2.094395102393,4.188790204786,
6.28318530718,8.377580409573),.UNSPECIFIED.) CURVE() 
GEOMETRIC_REPRESENTATION_ITEM() RATIONAL_B_SPLINE_CURVE((1.,0.5,1.,0.5,
1.,0.5,1.)) REPRESENTATION_ITEM('') );
#6984 = CARTESIAN_POINT('',(35.0566,-80.2817));
#6985 = CARTESIAN_POINT('',(34.796792378865,-80.2817));
#6986 = CARTESIAN_POINT('',(34.926696189432,-80.0567));
#6987 = CARTESIAN_POINT('',(35.0566,-79.8317));
#6988 = CARTESIAN_POINT('',(35.186503810568,-80.0567));
#6989 = CARTESIAN_POINT('',(35.316407621135,-80.2817));
#6990 = CARTESIAN_POINT('',(35.0566,-80.2817));
#6991 = ( GEOMETRIC_REPRESENTATION_CONTEXT(2) 
PARAMETRIC_REPRESENTATION_CONTEXT() REPRESENTATION_CONTEXT('2D SPACE',''
  ) );
#6992 = PCURVE('',#2310,#6993);
#6993 = DEFINITIONAL_REPRESENTATION('',(#6994),#6998);
#6994 = LINE('',#6995,#6996);
#6995 = CARTESIAN_POINT('',(0.,-0.746));
#6996 = VECTOR('',#6997,1.);
#6997 = DIRECTION('',(1.,0.));
#6998 = ( GEOMETRIC_REPRESENTATION_CONTEXT(2) 
PARAMETRIC_REPRESENTATION_CONTEXT() REPRESENTATION_CONTEXT('2D SPACE',''
  ) );
#6999 = FACE_BOUND('',#7000,.T.);
#7000 = EDGE_LOOP('',(#7001));
#7001 = ORIENTED_EDGE('',*,*,#7002,.T.);
#7002 = EDGE_CURVE('',#7003,#7003,#7005,.T.);
#7003 = VERTEX_POINT('',#7004);
#7004 = CARTESIAN_POINT('',(34.55,-77.15,0.755));
#7005 = SURFACE_CURVE('',#7006,(#7011,#7022),.PCURVE_S1.);
#7006 = CIRCLE('',#7007,0.15);
#7007 = AXIS2_PLACEMENT_3D('',#7008,#7009,#7010);
#7008 = CARTESIAN_POINT('',(34.55,-77.,0.755));
#7009 = DIRECTION('',(-0.,-0.,-1.));
#7010 = DIRECTION('',(0.,-1.,0.));
#7011 = PCURVE('',#73,#7012);
#7012 = DEFINITIONAL_REPRESENTATION('',(#7013),#7021);
#7013 = ( BOUNDED_CURVE() B_SPLINE_CURVE(2,(#7014,#7015,#7016,#7017,
#7018,#7019,#7020),.UNSPECIFIED.,.T.,.F.) B_SPLINE_CURVE_WITH_KNOTS((1,2
    ,2,2,2,1),(-2.094395102393,0.,2.094395102393,4.188790204786,
6.28318530718,8.377580409573),.UNSPECIFIED.) CURVE() 
GEOMETRIC_REPRESENTATION_ITEM() RATIONAL_B_SPLINE_CURVE((1.,0.5,1.,0.5,
1.,0.5,1.)) REPRESENTATION_ITEM('') );
#7014 = CARTESIAN_POINT('',(34.55,-77.15));
#7015 = CARTESIAN_POINT('',(34.290192378865,-77.15));
#7016 = CARTESIAN_POINT('',(34.420096189432,-76.925));
#7017 = CARTESIAN_POINT('',(34.55,-76.7));
#7018 = CARTESIAN_POINT('',(34.679903810568,-76.925));
#7019 = CARTESIAN_POINT('',(34.809807621135,-77.15));
#7020 = CARTESIAN_POINT('',(34.55,-77.15));
#7021 = ( GEOMETRIC_REPRESENTATION_CONTEXT(2) 
PARAMETRIC_REPRESENTATION_CONTEXT() REPRESENTATION_CONTEXT('2D SPACE',''
  ) );
#7022 = PCURVE('',#2345,#7023);
#7023 = DEFINITIONAL_REPRESENTATION('',(#7024),#7028);
#7024 = LINE('',#7025,#7026);
#7025 = CARTESIAN_POINT('',(0.,-0.746));
#7026 = VECTOR('',#7027,1.);
#7027 = DIRECTION('',(1.,0.));
#7028 = ( GEOMETRIC_REPRESENTATION_CONTEXT(2) 
PARAMETRIC_REPRESENTATION_CONTEXT() REPRESENTATION_CONTEXT('2D SPACE',''
  ) );
#7029 = FACE_BOUND('',#7030,.T.);
#7030 = EDGE_LOOP('',(#7031));
#7031 = ORIENTED_EDGE('',*,*,#7032,.T.);
#7032 = EDGE_CURVE('',#7033,#7033,#7035,.T.);
#7033 = VERTEX_POINT('',#7034);
#7034 = CARTESIAN_POINT('',(34.85,-74.5,0.755));
#7035 = SURFACE_CURVE('',#7036,(#7041,#7052),.PCURVE_S1.);
#7036 = CIRCLE('',#7037,0.15);
#7037 = AXIS2_PLACEMENT_3D('',#7038,#7039,#7040);
#7038 = CARTESIAN_POINT('',(34.85,-74.35,0.755));
#7039 = DIRECTION('',(-0.,-0.,-1.));
#7040 = DIRECTION('',(0.,-1.,0.));
#7041 = PCURVE('',#73,#7042);
#7042 = DEFINITIONAL_REPRESENTATION('',(#7043),#7051);
#7043 = ( BOUNDED_CURVE() B_SPLINE_CURVE(2,(#7044,#7045,#7046,#7047,
#7048,#7049,#7050),.UNSPECIFIED.,.T.,.F.) B_SPLINE_CURVE_WITH_KNOTS((1,2
    ,2,2,2,1),(-2.094395102393,0.,2.094395102393,4.188790204786,
6.28318530718,8.377580409573),.UNSPECIFIED.) CURVE() 
GEOMETRIC_REPRESENTATION_ITEM() RATIONAL_B_SPLINE_CURVE((1.,0.5,1.,0.5,
1.,0.5,1.)) REPRESENTATION_ITEM('') );
#7044 = CARTESIAN_POINT('',(34.85,-74.5));
#7045 = CARTESIAN_POINT('',(34.590192378865,-74.5));
#7046 = CARTESIAN_POINT('',(34.720096189432,-74.275));
#7047 = CARTESIAN_POINT('',(34.85,-74.05));
#7048 = CARTESIAN_POINT('',(34.979903810568,-74.275));
#7049 = CARTESIAN_POINT('',(35.109807621135,-74.5));
#7050 = CARTESIAN_POINT('',(34.85,-74.5));
#7051 = ( GEOMETRIC_REPRESENTATION_CONTEXT(2) 
PARAMETRIC_REPRESENTATION_CONTEXT() REPRESENTATION_CONTEXT('2D SPACE',''
  ) );
#7052 = PCURVE('',#2380,#7053);
#7053 = DEFINITIONAL_REPRESENTATION('',(#7054),#7058);
#7054 = LINE('',#7055,#7056);
#7055 = CARTESIAN_POINT('',(0.,-0.746));
#7056 = VECTOR('',#7057,1.);
#7057 = DIRECTION('',(1.,0.));
#7058 = ( GEOMETRIC_REPRESENTATION_CONTEXT(2) 
PARAMETRIC_REPRESENTATION_CONTEXT() REPRESENTATION_CONTEXT('2D SPACE',''
  ) );
#7059 = FACE_BOUND('',#7060,.T.);
#7060 = EDGE_LOOP('',(#7061));
#7061 = ORIENTED_EDGE('',*,*,#7062,.T.);
#7062 = EDGE_CURVE('',#7063,#7063,#7065,.T.);
#7063 = VERTEX_POINT('',#7064);
#7064 = CARTESIAN_POINT('',(35.5095,-75.5256,0.755));
#7065 = SURFACE_CURVE('',#7066,(#7071,#7082),.PCURVE_S1.);
#7066 = CIRCLE('',#7067,0.15);
#7067 = AXIS2_PLACEMENT_3D('',#7068,#7069,#7070);
#7068 = CARTESIAN_POINT('',(35.5095,-75.3756,0.755));
#7069 = DIRECTION('',(-0.,-0.,-1.));
#7070 = DIRECTION('',(0.,-1.,0.));
#7071 = PCURVE('',#73,#7072);
#7072 = DEFINITIONAL_REPRESENTATION('',(#7073),#7081);
#7073 = ( BOUNDED_CURVE() B_SPLINE_CURVE(2,(#7074,#7075,#7076,#7077,
#7078,#7079,#7080),.UNSPECIFIED.,.T.,.F.) B_SPLINE_CURVE_WITH_KNOTS((1,2
    ,2,2,2,1),(-2.094395102393,0.,2.094395102393,4.188790204786,
6.28318530718,8.377580409573),.UNSPECIFIED.) CURVE() 
GEOMETRIC_REPRESENTATION_ITEM() RATIONAL_B_SPLINE_CURVE((1.,0.5,1.,0.5,
1.,0.5,1.)) REPRESENTATION_ITEM('') );
#7074 = CARTESIAN_POINT('',(35.5095,-75.5256));
#7075 = CARTESIAN_POINT('',(35.249692378865,-75.5256));
#7076 = CARTESIAN_POINT('',(35.379596189432,-75.3006));
#7077 = CARTESIAN_POINT('',(35.5095,-75.0756));
#7078 = CARTESIAN_POINT('',(35.639403810568,-75.3006));
#7079 = CARTESIAN_POINT('',(35.769307621135,-75.5256));
#7080 = CARTESIAN_POINT('',(35.5095,-75.5256));
#7081 = ( GEOMETRIC_REPRESENTATION_CONTEXT(2) 
PARAMETRIC_REPRESENTATION_CONTEXT() REPRESENTATION_CONTEXT('2D SPACE',''
  ) );
#7082 = PCURVE('',#2415,#7083);
#7083 = DEFINITIONAL_REPRESENTATION('',(#7084),#7088);
#7084 = LINE('',#7085,#7086);
#7085 = CARTESIAN_POINT('',(0.,-0.746));
#7086 = VECTOR('',#7087,1.);
#7087 = DIRECTION('',(1.,0.));
#7088 = ( GEOMETRIC_REPRESENTATION_CONTEXT(2) 
PARAMETRIC_REPRESENTATION_CONTEXT() REPRESENTATION_CONTEXT('2D SPACE',''
  ) );
#7089 = FACE_BOUND('',#7090,.T.);
#7090 = EDGE_LOOP('',(#7091));
#7091 = ORIENTED_EDGE('',*,*,#7092,.T.);
#7092 = EDGE_CURVE('',#7093,#7093,#7095,.T.);
#7093 = VERTEX_POINT('',#7094);
#7094 = CARTESIAN_POINT('',(37.708,-82.2827,0.755));
#7095 = SURFACE_CURVE('',#7096,(#7101,#7112),.PCURVE_S1.);
#7096 = CIRCLE('',#7097,0.15);
#7097 = AXIS2_PLACEMENT_3D('',#7098,#7099,#7100);
#7098 = CARTESIAN_POINT('',(37.708,-82.1327,0.755));
#7099 = DIRECTION('',(-0.,-0.,-1.));
#7100 = DIRECTION('',(0.,-1.,0.));
#7101 = PCURVE('',#73,#7102);
#7102 = DEFINITIONAL_REPRESENTATION('',(#7103),#7111);
#7103 = ( BOUNDED_CURVE() B_SPLINE_CURVE(2,(#7104,#7105,#7106,#7107,
#7108,#7109,#7110),.UNSPECIFIED.,.T.,.F.) B_SPLINE_CURVE_WITH_KNOTS((1,2
    ,2,2,2,1),(-2.094395102393,0.,2.094395102393,4.188790204786,
6.28318530718,8.377580409573),.UNSPECIFIED.) CURVE() 
GEOMETRIC_REPRESENTATION_ITEM() RATIONAL_B_SPLINE_CURVE((1.,0.5,1.,0.5,
1.,0.5,1.)) REPRESENTATION_ITEM('') );
#7104 = CARTESIAN_POINT('',(37.708,-82.2827));
#7105 = CARTESIAN_POINT('',(37.448192378865,-82.2827));
#7106 = CARTESIAN_POINT('',(37.578096189432,-82.0577));
#7107 = CARTESIAN_POINT('',(37.708,-81.8327));
#7108 = CARTESIAN_POINT('',(37.837903810568,-82.0577));
#7109 = CARTESIAN_POINT('',(37.967807621135,-82.2827));
#7110 = CARTESIAN_POINT('',(37.708,-82.2827));
#7111 = ( GEOMETRIC_REPRESENTATION_CONTEXT(2) 
PARAMETRIC_REPRESENTATION_CONTEXT() REPRESENTATION_CONTEXT('2D SPACE',''
  ) );
#7112 = PCURVE('',#2450,#7113);
#7113 = DEFINITIONAL_REPRESENTATION('',(#7114),#7118);
#7114 = LINE('',#7115,#7116);
#7115 = CARTESIAN_POINT('',(0.,-0.746));
#7116 = VECTOR('',#7117,1.);
#7117 = DIRECTION('',(1.,0.));
#7118 = ( GEOMETRIC_REPRESENTATION_CONTEXT(2) 
PARAMETRIC_REPRESENTATION_CONTEXT() REPRESENTATION_CONTEXT('2D SPACE',''
  ) );
#7119 = FACE_BOUND('',#7120,.T.);
#7120 = EDGE_LOOP('',(#7121));
#7121 = ORIENTED_EDGE('',*,*,#7122,.T.);
#7122 = EDGE_CURVE('',#7123,#7123,#7125,.T.);
#7123 = VERTEX_POINT('',#7124);
#7124 = CARTESIAN_POINT('',(38.2545,-81.7659,0.755));
#7125 = SURFACE_CURVE('',#7126,(#7131,#7142),.PCURVE_S1.);
#7126 = CIRCLE('',#7127,0.15);
#7127 = AXIS2_PLACEMENT_3D('',#7128,#7129,#7130);
#7128 = CARTESIAN_POINT('',(38.2545,-81.6159,0.755));
#7129 = DIRECTION('',(-0.,-0.,-1.));
#7130 = DIRECTION('',(0.,-1.,0.));
#7131 = PCURVE('',#73,#7132);
#7132 = DEFINITIONAL_REPRESENTATION('',(#7133),#7141);
#7133 = ( BOUNDED_CURVE() B_SPLINE_CURVE(2,(#7134,#7135,#7136,#7137,
#7138,#7139,#7140),.UNSPECIFIED.,.T.,.F.) B_SPLINE_CURVE_WITH_KNOTS((1,2
    ,2,2,2,1),(-2.094395102393,0.,2.094395102393,4.188790204786,
6.28318530718,8.377580409573),.UNSPECIFIED.) CURVE() 
GEOMETRIC_REPRESENTATION_ITEM() RATIONAL_B_SPLINE_CURVE((1.,0.5,1.,0.5,
1.,0.5,1.)) REPRESENTATION_ITEM('') );
#7134 = CARTESIAN_POINT('',(38.2545,-81.7659));
#7135 = CARTESIAN_POINT('',(37.994692378865,-81.7659));
#7136 = CARTESIAN_POINT('',(38.124596189432,-81.5409));
#7137 = CARTESIAN_POINT('',(38.2545,-81.3159));
#7138 = CARTESIAN_POINT('',(38.384403810568,-81.5409));
#7139 = CARTESIAN_POINT('',(38.514307621135,-81.7659));
#7140 = CARTESIAN_POINT('',(38.2545,-81.7659));
#7141 = ( GEOMETRIC_REPRESENTATION_CONTEXT(2) 
PARAMETRIC_REPRESENTATION_CONTEXT() REPRESENTATION_CONTEXT('2D SPACE',''
  ) );
#7142 = PCURVE('',#2485,#7143);
#7143 = DEFINITIONAL_REPRESENTATION('',(#7144),#7148);
#7144 = LINE('',#7145,#7146);
#7145 = CARTESIAN_POINT('',(0.,-0.746));
#7146 = VECTOR('',#7147,1.);
#7147 = DIRECTION('',(1.,0.));
#7148 = ( GEOMETRIC_REPRESENTATION_CONTEXT(2) 
PARAMETRIC_REPRESENTATION_CONTEXT() REPRESENTATION_CONTEXT('2D SPACE',''
  ) );
#7149 = FACE_BOUND('',#7150,.T.);
#7150 = EDGE_LOOP('',(#7151));
#7151 = ORIENTED_EDGE('',*,*,#7152,.T.);
#7152 = EDGE_CURVE('',#7153,#7153,#7155,.T.);
#7153 = VERTEX_POINT('',#7154);
#7154 = CARTESIAN_POINT('',(38.1791,-80.6471,0.755));
#7155 = SURFACE_CURVE('',#7156,(#7161,#7172),.PCURVE_S1.);
#7156 = CIRCLE('',#7157,0.15);
#7157 = AXIS2_PLACEMENT_3D('',#7158,#7159,#7160);
#7158 = CARTESIAN_POINT('',(38.1791,-80.4971,0.755));
#7159 = DIRECTION('',(-0.,-0.,-1.));
#7160 = DIRECTION('',(0.,-1.,0.));
#7161 = PCURVE('',#73,#7162);
#7162 = DEFINITIONAL_REPRESENTATION('',(#7163),#7171);
#7163 = ( BOUNDED_CURVE() B_SPLINE_CURVE(2,(#7164,#7165,#7166,#7167,
#7168,#7169,#7170),.UNSPECIFIED.,.T.,.F.) B_SPLINE_CURVE_WITH_KNOTS((1,2
    ,2,2,2,1),(-2.094395102393,0.,2.094395102393,4.188790204786,
6.28318530718,8.377580409573),.UNSPECIFIED.) CURVE() 
GEOMETRIC_REPRESENTATION_ITEM() RATIONAL_B_SPLINE_CURVE((1.,0.5,1.,0.5,
1.,0.5,1.)) REPRESENTATION_ITEM('') );
#7164 = CARTESIAN_POINT('',(38.1791,-80.6471));
#7165 = CARTESIAN_POINT('',(37.919292378865,-80.6471));
#7166 = CARTESIAN_POINT('',(38.049196189432,-80.4221));
#7167 = CARTESIAN_POINT('',(38.1791,-80.1971));
#7168 = CARTESIAN_POINT('',(38.309003810568,-80.4221));
#7169 = CARTESIAN_POINT('',(38.438907621135,-80.6471));
#7170 = CARTESIAN_POINT('',(38.1791,-80.6471));
#7171 = ( GEOMETRIC_REPRESENTATION_CONTEXT(2) 
PARAMETRIC_REPRESENTATION_CONTEXT() REPRESENTATION_CONTEXT('2D SPACE',''
  ) );
#7172 = PCURVE('',#2520,#7173);
#7173 = DEFINITIONAL_REPRESENTATION('',(#7174),#7178);
#7174 = LINE('',#7175,#7176);
#7175 = CARTESIAN_POINT('',(0.,-0.746));
#7176 = VECTOR('',#7177,1.);
#7177 = DIRECTION('',(1.,0.));
#7178 = ( GEOMETRIC_REPRESENTATION_CONTEXT(2) 
PARAMETRIC_REPRESENTATION_CONTEXT() REPRESENTATION_CONTEXT('2D SPACE',''
  ) );
#7179 = FACE_BOUND('',#7180,.T.);
#7180 = EDGE_LOOP('',(#7181));
#7181 = ORIENTED_EDGE('',*,*,#7182,.T.);
#7182 = EDGE_CURVE('',#7183,#7183,#7185,.T.);
#7183 = VERTEX_POINT('',#7184);
#7184 = CARTESIAN_POINT('',(39.2138,-80.6077,0.755));
#7185 = SURFACE_CURVE('',#7186,(#7191,#7202),.PCURVE_S1.);
#7186 = CIRCLE('',#7187,0.15);
#7187 = AXIS2_PLACEMENT_3D('',#7188,#7189,#7190);
#7188 = CARTESIAN_POINT('',(39.2138,-80.4577,0.755));
#7189 = DIRECTION('',(-0.,-0.,-1.));
#7190 = DIRECTION('',(0.,-1.,0.));
#7191 = PCURVE('',#73,#7192);
#7192 = DEFINITIONAL_REPRESENTATION('',(#7193),#7201);
#7193 = ( BOUNDED_CURVE() B_SPLINE_CURVE(2,(#7194,#7195,#7196,#7197,
#7198,#7199,#7200),.UNSPECIFIED.,.T.,.F.) B_SPLINE_CURVE_WITH_KNOTS((1,2
    ,2,2,2,1),(-2.094395102393,0.,2.094395102393,4.188790204786,
6.28318530718,8.377580409573),.UNSPECIFIED.) CURVE() 
GEOMETRIC_REPRESENTATION_ITEM() RATIONAL_B_SPLINE_CURVE((1.,0.5,1.,0.5,
1.,0.5,1.)) REPRESENTATION_ITEM('') );
#7194 = CARTESIAN_POINT('',(39.2138,-80.6077));
#7195 = CARTESIAN_POINT('',(38.953992378865,-80.6077));
#7196 = CARTESIAN_POINT('',(39.083896189432,-80.3827));
#7197 = CARTESIAN_POINT('',(39.2138,-80.1577));
#7198 = CARTESIAN_POINT('',(39.343703810568,-80.3827));
#7199 = CARTESIAN_POINT('',(39.473607621135,-80.6077));
#7200 = CARTESIAN_POINT('',(39.2138,-80.6077));
#7201 = ( GEOMETRIC_REPRESENTATION_CONTEXT(2) 
PARAMETRIC_REPRESENTATION_CONTEXT() REPRESENTATION_CONTEXT('2D SPACE',''
  ) );
#7202 = PCURVE('',#2555,#7203);
#7203 = DEFINITIONAL_REPRESENTATION('',(#7204),#7208);
#7204 = LINE('',#7205,#7206);
#7205 = CARTESIAN_POINT('',(0.,-0.746));
#7206 = VECTOR('',#7207,1.);
#7207 = DIRECTION('',(1.,0.));
#7208 = ( GEOMETRIC_REPRESENTATION_CONTEXT(2) 
PARAMETRIC_REPRESENTATION_CONTEXT() REPRESENTATION_CONTEXT('2D SPACE',''
  ) );
#7209 = FACE_BOUND('',#7210,.T.);
#7210 = EDGE_LOOP('',(#7211));
#7211 = ORIENTED_EDGE('',*,*,#7212,.T.);
#7212 = EDGE_CURVE('',#7213,#7213,#7215,.T.);
#7213 = VERTEX_POINT('',#7214);
#7214 = CARTESIAN_POINT('',(41.5509,-81.0733,0.755));
#7215 = SURFACE_CURVE('',#7216,(#7221,#7232),.PCURVE_S1.);
#7216 = CIRCLE('',#7217,0.15);
#7217 = AXIS2_PLACEMENT_3D('',#7218,#7219,#7220);
#7218 = CARTESIAN_POINT('',(41.5509,-80.9233,0.755));
#7219 = DIRECTION('',(-0.,-0.,-1.));
#7220 = DIRECTION('',(0.,-1.,0.));
#7221 = PCURVE('',#73,#7222);
#7222 = DEFINITIONAL_REPRESENTATION('',(#7223),#7231);
#7223 = ( BOUNDED_CURVE() B_SPLINE_CURVE(2,(#7224,#7225,#7226,#7227,
#7228,#7229,#7230),.UNSPECIFIED.,.T.,.F.) B_SPLINE_CURVE_WITH_KNOTS((1,2
    ,2,2,2,1),(-2.094395102393,0.,2.094395102393,4.188790204786,
6.28318530718,8.377580409573),.UNSPECIFIED.) CURVE() 
GEOMETRIC_REPRESENTATION_ITEM() RATIONAL_B_SPLINE_CURVE((1.,0.5,1.,0.5,
1.,0.5,1.)) REPRESENTATION_ITEM('') );
#7224 = CARTESIAN_POINT('',(41.5509,-81.0733));
#7225 = CARTESIAN_POINT('',(41.291092378865,-81.0733));
#7226 = CARTESIAN_POINT('',(41.420996189432,-80.8483));
#7227 = CARTESIAN_POINT('',(41.5509,-80.6233));
#7228 = CARTESIAN_POINT('',(41.680803810568,-80.8483));
#7229 = CARTESIAN_POINT('',(41.810707621135,-81.0733));
#7230 = CARTESIAN_POINT('',(41.5509,-81.0733));
#7231 = ( GEOMETRIC_REPRESENTATION_CONTEXT(2) 
PARAMETRIC_REPRESENTATION_CONTEXT() REPRESENTATION_CONTEXT('2D SPACE',''
  ) );
#7232 = PCURVE('',#2590,#7233);
#7233 = DEFINITIONAL_REPRESENTATION('',(#7234),#7238);
#7234 = LINE('',#7235,#7236);
#7235 = CARTESIAN_POINT('',(0.,-0.746));
#7236 = VECTOR('',#7237,1.);
#7237 = DIRECTION('',(1.,0.));
#7238 = ( GEOMETRIC_REPRESENTATION_CONTEXT(2) 
PARAMETRIC_REPRESENTATION_CONTEXT() REPRESENTATION_CONTEXT('2D SPACE',''
  ) );
#7239 = FACE_BOUND('',#7240,.T.);
#7240 = EDGE_LOOP('',(#7241));
#7241 = ORIENTED_EDGE('',*,*,#7242,.T.);
#7242 = EDGE_CURVE('',#7243,#7243,#7245,.T.);
#7243 = VERTEX_POINT('',#7244);
#7244 = CARTESIAN_POINT('',(37.2684,-76.6714,0.755));
#7245 = SURFACE_CURVE('',#7246,(#7251,#7262),.PCURVE_S1.);
#7246 = CIRCLE('',#7247,0.15);
#7247 = AXIS2_PLACEMENT_3D('',#7248,#7249,#7250);
#7248 = CARTESIAN_POINT('',(37.2684,-76.5214,0.755));
#7249 = DIRECTION('',(-0.,-0.,-1.));
#7250 = DIRECTION('',(0.,-1.,0.));
#7251 = PCURVE('',#73,#7252);
#7252 = DEFINITIONAL_REPRESENTATION('',(#7253),#7261);
#7253 = ( BOUNDED_CURVE() B_SPLINE_CURVE(2,(#7254,#7255,#7256,#7257,
#7258,#7259,#7260),.UNSPECIFIED.,.T.,.F.) B_SPLINE_CURVE_WITH_KNOTS((1,2
    ,2,2,2,1),(-2.094395102393,0.,2.094395102393,4.188790204786,
6.28318530718,8.377580409573),.UNSPECIFIED.) CURVE() 
GEOMETRIC_REPRESENTATION_ITEM() RATIONAL_B_SPLINE_CURVE((1.,0.5,1.,0.5,
1.,0.5,1.)) REPRESENTATION_ITEM('') );
#7254 = CARTESIAN_POINT('',(37.2684,-76.6714));
#7255 = CARTESIAN_POINT('',(37.008592378865,-76.6714));
#7256 = CARTESIAN_POINT('',(37.138496189432,-76.4464));
#7257 = CARTESIAN_POINT('',(37.2684,-76.2214));
#7258 = CARTESIAN_POINT('',(37.398303810568,-76.4464));
#7259 = CARTESIAN_POINT('',(37.528207621135,-76.6714));
#7260 = CARTESIAN_POINT('',(37.2684,-76.6714));
#7261 = ( GEOMETRIC_REPRESENTATION_CONTEXT(2) 
PARAMETRIC_REPRESENTATION_CONTEXT() REPRESENTATION_CONTEXT('2D SPACE',''
  ) );
#7262 = PCURVE('',#2625,#7263);
#7263 = DEFINITIONAL_REPRESENTATION('',(#7264),#7268);
#7264 = LINE('',#7265,#7266);
#7265 = CARTESIAN_POINT('',(0.,-0.746));
#7266 = VECTOR('',#7267,1.);
#7267 = DIRECTION('',(1.,0.));
#7268 = ( GEOMETRIC_REPRESENTATION_CONTEXT(2) 
PARAMETRIC_REPRESENTATION_CONTEXT() REPRESENTATION_CONTEXT('2D SPACE',''
  ) );
#7269 = FACE_BOUND('',#7270,.T.);
#7270 = EDGE_LOOP('',(#7271));
#7271 = ORIENTED_EDGE('',*,*,#7272,.T.);
#7272 = EDGE_CURVE('',#7273,#7273,#7275,.T.);
#7273 = VERTEX_POINT('',#7274);
#7274 = CARTESIAN_POINT('',(42.5161,-76.418,0.755));
#7275 = SURFACE_CURVE('',#7276,(#7281,#7292),.PCURVE_S1.);
#7276 = CIRCLE('',#7277,0.15);
#7277 = AXIS2_PLACEMENT_3D('',#7278,#7279,#7280);
#7278 = CARTESIAN_POINT('',(42.5161,-76.268,0.755));
#7279 = DIRECTION('',(-0.,-0.,-1.));
#7280 = DIRECTION('',(0.,-1.,0.));
#7281 = PCURVE('',#73,#7282);
#7282 = DEFINITIONAL_REPRESENTATION('',(#7283),#7291);
#7283 = ( BOUNDED_CURVE() B_SPLINE_CURVE(2,(#7284,#7285,#7286,#7287,
#7288,#7289,#7290),.UNSPECIFIED.,.T.,.F.) B_SPLINE_CURVE_WITH_KNOTS((1,2
    ,2,2,2,1),(-2.094395102393,0.,2.094395102393,4.188790204786,
6.28318530718,8.377580409573),.UNSPECIFIED.) CURVE() 
GEOMETRIC_REPRESENTATION_ITEM() RATIONAL_B_SPLINE_CURVE((1.,0.5,1.,0.5,
1.,0.5,1.)) REPRESENTATION_ITEM('') );
#7284 = CARTESIAN_POINT('',(42.5161,-76.418));
#7285 = CARTESIAN_POINT('',(42.256292378865,-76.418));
#7286 = CARTESIAN_POINT('',(42.386196189432,-76.193));
#7287 = CARTESIAN_POINT('',(42.5161,-75.968));
#7288 = CARTESIAN_POINT('',(42.646003810568,-76.193));
#7289 = CARTESIAN_POINT('',(42.775907621135,-76.418));
#7290 = CARTESIAN_POINT('',(42.5161,-76.418));
#7291 = ( GEOMETRIC_REPRESENTATION_CONTEXT(2) 
PARAMETRIC_REPRESENTATION_CONTEXT() REPRESENTATION_CONTEXT('2D SPACE',''
  ) );
#7292 = PCURVE('',#2660,#7293);
#7293 = DEFINITIONAL_REPRESENTATION('',(#7294),#7298);
#7294 = LINE('',#7295,#7296);
#7295 = CARTESIAN_POINT('',(0.,-0.746));
#7296 = VECTOR('',#7297,1.);
#7297 = DIRECTION('',(1.,0.));
#7298 = ( GEOMETRIC_REPRESENTATION_CONTEXT(2) 
PARAMETRIC_REPRESENTATION_CONTEXT() REPRESENTATION_CONTEXT('2D SPACE',''
  ) );
#7299 = FACE_BOUND('',#7300,.T.);
#7300 = EDGE_LOOP('',(#7301,#7331,#7354,#7382));
#7301 = ORIENTED_EDGE('',*,*,#7302,.T.);
#7302 = EDGE_CURVE('',#7303,#7305,#7307,.T.);
#7303 = VERTEX_POINT('',#7304);
#7304 = CARTESIAN_POINT('',(44.17,-90.365,0.755));
#7305 = VERTEX_POINT('',#7306);
#7306 = CARTESIAN_POINT('',(44.67,-90.365,0.755));
#7307 = SURFACE_CURVE('',#7308,(#7313,#7324),.PCURVE_S1.);
#7308 = CIRCLE('',#7309,0.25);
#7309 = AXIS2_PLACEMENT_3D('',#7310,#7311,#7312);
#7310 = CARTESIAN_POINT('',(44.42,-90.365,0.755));
#7311 = DIRECTION('',(0.,0.,-1.));
#7312 = DIRECTION('',(1.,0.,0.));
#7313 = PCURVE('',#73,#7314);
#7314 = DEFINITIONAL_REPRESENTATION('',(#7315),#7323);
#7315 = ( BOUNDED_CURVE() B_SPLINE_CURVE(2,(#7316,#7317,#7318,#7319,
#7320,#7321,#7322),.UNSPECIFIED.,.T.,.F.) B_SPLINE_CURVE_WITH_KNOTS((1,2
    ,2,2,2,1),(-2.094395102393,0.,2.094395102393,4.188790204786,
6.28318530718,8.377580409573),.UNSPECIFIED.) CURVE() 
GEOMETRIC_REPRESENTATION_ITEM() RATIONAL_B_SPLINE_CURVE((1.,0.5,1.,0.5,
1.,0.5,1.)) REPRESENTATION_ITEM('') );
#7316 = CARTESIAN_POINT('',(44.67,-90.365));
#7317 = CARTESIAN_POINT('',(44.67,-90.79801270189));
#7318 = CARTESIAN_POINT('',(44.295,-90.58150635094));
#7319 = CARTESIAN_POINT('',(43.92,-90.365));
#7320 = CARTESIAN_POINT('',(44.295,-90.14849364905));
#7321 = CARTESIAN_POINT('',(44.67,-89.9319872981));
#7322 = CARTESIAN_POINT('',(44.67,-90.365));
#7323 = ( GEOMETRIC_REPRESENTATION_CONTEXT(2) 
PARAMETRIC_REPRESENTATION_CONTEXT() REPRESENTATION_CONTEXT('2D SPACE',''
  ) );
#7324 = PCURVE('',#2697,#7325);
#7325 = DEFINITIONAL_REPRESENTATION('',(#7326),#7330);
#7326 = LINE('',#7327,#7328);
#7327 = CARTESIAN_POINT('',(0.,-0.756));
#7328 = VECTOR('',#7329,1.);
#7329 = DIRECTION('',(1.,0.));
#7330 = ( GEOMETRIC_REPRESENTATION_CONTEXT(2) 
PARAMETRIC_REPRESENTATION_CONTEXT() REPRESENTATION_CONTEXT('2D SPACE',''
  ) );
#7331 = ORIENTED_EDGE('',*,*,#7332,.T.);
#7332 = EDGE_CURVE('',#7305,#7333,#7335,.T.);
#7333 = VERTEX_POINT('',#7334);
#7334 = CARTESIAN_POINT('',(44.67,-91.515,0.755));
#7335 = SURFACE_CURVE('',#7336,(#7340,#7347),.PCURVE_S1.);
#7336 = LINE('',#7337,#7338);
#7337 = CARTESIAN_POINT('',(44.67,-45.7575,0.755));
#7338 = VECTOR('',#7339,1.);
#7339 = DIRECTION('',(0.,-1.,0.));
#7340 = PCURVE('',#73,#7341);
#7341 = DEFINITIONAL_REPRESENTATION('',(#7342),#7346);
#7342 = LINE('',#7343,#7344);
#7343 = CARTESIAN_POINT('',(44.67,-45.7575));
#7344 = VECTOR('',#7345,1.);
#7345 = DIRECTION('',(0.,-1.));
#7346 = ( GEOMETRIC_REPRESENTATION_CONTEXT(2) 
PARAMETRIC_REPRESENTATION_CONTEXT() REPRESENTATION_CONTEXT('2D SPACE',''
  ) );
#7347 = PCURVE('',#2725,#7348);
#7348 = DEFINITIONAL_REPRESENTATION('',(#7349),#7353);
#7349 = LINE('',#7350,#7351);
#7350 = CARTESIAN_POINT('',(45.7575,-0.756));
#7351 = VECTOR('',#7352,1.);
#7352 = DIRECTION('',(-1.,0.));
#7353 = ( GEOMETRIC_REPRESENTATION_CONTEXT(2) 
PARAMETRIC_REPRESENTATION_CONTEXT() REPRESENTATION_CONTEXT('2D SPACE',''
  ) );
#7354 = ORIENTED_EDGE('',*,*,#7355,.T.);
#7355 = EDGE_CURVE('',#7333,#7356,#7358,.T.);
#7356 = VERTEX_POINT('',#7357);
#7357 = CARTESIAN_POINT('',(44.17,-91.515,0.755));
#7358 = SURFACE_CURVE('',#7359,(#7364,#7375),.PCURVE_S1.);
#7359 = CIRCLE('',#7360,0.25);
#7360 = AXIS2_PLACEMENT_3D('',#7361,#7362,#7363);
#7361 = CARTESIAN_POINT('',(44.42,-91.515,0.755));
#7362 = DIRECTION('',(0.,0.,-1.));
#7363 = DIRECTION('',(-1.,0.,0.));
#7364 = PCURVE('',#73,#7365);
#7365 = DEFINITIONAL_REPRESENTATION('',(#7366),#7374);
#7366 = ( BOUNDED_CURVE() B_SPLINE_CURVE(2,(#7367,#7368,#7369,#7370,
#7371,#7372,#7373),.UNSPECIFIED.,.T.,.F.) B_SPLINE_CURVE_WITH_KNOTS((1,2
    ,2,2,2,1),(-2.094395102393,0.,2.094395102393,4.188790204786,
6.28318530718,8.377580409573),.UNSPECIFIED.) CURVE() 
GEOMETRIC_REPRESENTATION_ITEM() RATIONAL_B_SPLINE_CURVE((1.,0.5,1.,0.5,
1.,0.5,1.)) REPRESENTATION_ITEM('') );
#7367 = CARTESIAN_POINT('',(44.17,-91.515));
#7368 = CARTESIAN_POINT('',(44.17,-91.0819872981));
#7369 = CARTESIAN_POINT('',(44.545,-91.29849364905));
#7370 = CARTESIAN_POINT('',(44.92,-91.515));
#7371 = CARTESIAN_POINT('',(44.545,-91.73150635094));
#7372 = CARTESIAN_POINT('',(44.17,-91.94801270189));
#7373 = CARTESIAN_POINT('',(44.17,-91.515));
#7374 = ( GEOMETRIC_REPRESENTATION_CONTEXT(2) 
PARAMETRIC_REPRESENTATION_CONTEXT() REPRESENTATION_CONTEXT('2D SPACE',''
  ) );
#7375 = PCURVE('',#2758,#7376);
#7376 = DEFINITIONAL_REPRESENTATION('',(#7377),#7381);
#7377 = LINE('',#7378,#7379);
#7378 = CARTESIAN_POINT('',(0.,-0.756));
#7379 = VECTOR('',#7380,1.);
#7380 = DIRECTION('',(1.,0.));
#7381 = ( GEOMETRIC_REPRESENTATION_CONTEXT(2) 
PARAMETRIC_REPRESENTATION_CONTEXT() REPRESENTATION_CONTEXT('2D SPACE',''
  ) );
#7382 = ORIENTED_EDGE('',*,*,#7383,.T.);
#7383 = EDGE_CURVE('',#7356,#7303,#7384,.T.);
#7384 = SURFACE_CURVE('',#7385,(#7389,#7396),.PCURVE_S1.);
#7385 = LINE('',#7386,#7387);
#7386 = CARTESIAN_POINT('',(44.17,-45.1825,0.755));
#7387 = VECTOR('',#7388,1.);
#7388 = DIRECTION('',(0.,1.,0.));
#7389 = PCURVE('',#73,#7390);
#7390 = DEFINITIONAL_REPRESENTATION('',(#7391),#7395);
#7391 = LINE('',#7392,#7393);
#7392 = CARTESIAN_POINT('',(44.17,-45.1825));
#7393 = VECTOR('',#7394,1.);
#7394 = DIRECTION('',(0.,1.));
#7395 = ( GEOMETRIC_REPRESENTATION_CONTEXT(2) 
PARAMETRIC_REPRESENTATION_CONTEXT() REPRESENTATION_CONTEXT('2D SPACE',''
  ) );
#7396 = PCURVE('',#2784,#7397);
#7397 = DEFINITIONAL_REPRESENTATION('',(#7398),#7402);
#7398 = LINE('',#7399,#7400);
#7399 = CARTESIAN_POINT('',(-45.1825,-0.756));
#7400 = VECTOR('',#7401,1.);
#7401 = DIRECTION('',(-1.,0.));
#7402 = ( GEOMETRIC_REPRESENTATION_CONTEXT(2) 
PARAMETRIC_REPRESENTATION_CONTEXT() REPRESENTATION_CONTEXT('2D SPACE',''
  ) );
#7403 = FACE_BOUND('',#7404,.T.);
#7404 = EDGE_LOOP('',(#7405,#7435,#7458,#7486));
#7405 = ORIENTED_EDGE('',*,*,#7406,.T.);
#7406 = EDGE_CURVE('',#7407,#7409,#7411,.T.);
#7407 = VERTEX_POINT('',#7408);
#7408 = CARTESIAN_POINT('',(44.17,-85.725,0.755));
#7409 = VERTEX_POINT('',#7410);
#7410 = CARTESIAN_POINT('',(44.67,-85.725,0.755));
#7411 = SURFACE_CURVE('',#7412,(#7417,#7428),.PCURVE_S1.);
#7412 = CIRCLE('',#7413,0.25);
#7413 = AXIS2_PLACEMENT_3D('',#7414,#7415,#7416);
#7414 = CARTESIAN_POINT('',(44.42,-85.725,0.755));
#7415 = DIRECTION('',(0.,0.,-1.));
#7416 = DIRECTION('',(1.,0.,0.));
#7417 = PCURVE('',#73,#7418);
#7418 = DEFINITIONAL_REPRESENTATION('',(#7419),#7427);
#7419 = ( BOUNDED_CURVE() B_SPLINE_CURVE(2,(#7420,#7421,#7422,#7423,
#7424,#7425,#7426),.UNSPECIFIED.,.T.,.F.) B_SPLINE_CURVE_WITH_KNOTS((1,2
    ,2,2,2,1),(-2.094395102393,0.,2.094395102393,4.188790204786,
6.28318530718,8.377580409573),.UNSPECIFIED.) CURVE() 
GEOMETRIC_REPRESENTATION_ITEM() RATIONAL_B_SPLINE_CURVE((1.,0.5,1.,0.5,
1.,0.5,1.)) REPRESENTATION_ITEM('') );
#7420 = CARTESIAN_POINT('',(44.67,-85.725));
#7421 = CARTESIAN_POINT('',(44.67,-86.15801270189));
#7422 = CARTESIAN_POINT('',(44.295,-85.94150635094));
#7423 = CARTESIAN_POINT('',(43.92,-85.725));
#7424 = CARTESIAN_POINT('',(44.295,-85.50849364905));
#7425 = CARTESIAN_POINT('',(44.67,-85.2919872981));
#7426 = CARTESIAN_POINT('',(44.67,-85.725));
#7427 = ( GEOMETRIC_REPRESENTATION_CONTEXT(2) 
PARAMETRIC_REPRESENTATION_CONTEXT() REPRESENTATION_CONTEXT('2D SPACE',''
  ) );
#7428 = PCURVE('',#2821,#7429);
#7429 = DEFINITIONAL_REPRESENTATION('',(#7430),#7434);
#7430 = LINE('',#7431,#7432);
#7431 = CARTESIAN_POINT('',(0.,-0.756));
#7432 = VECTOR('',#7433,1.);
#7433 = DIRECTION('',(1.,0.));
#7434 = ( GEOMETRIC_REPRESENTATION_CONTEXT(2) 
PARAMETRIC_REPRESENTATION_CONTEXT() REPRESENTATION_CONTEXT('2D SPACE',''
  ) );
#7435 = ORIENTED_EDGE('',*,*,#7436,.T.);
#7436 = EDGE_CURVE('',#7409,#7437,#7439,.T.);
#7437 = VERTEX_POINT('',#7438);
#7438 = CARTESIAN_POINT('',(44.67,-86.875,0.755));
#7439 = SURFACE_CURVE('',#7440,(#7444,#7451),.PCURVE_S1.);
#7440 = LINE('',#7441,#7442);
#7441 = CARTESIAN_POINT('',(44.67,-43.4375,0.755));
#7442 = VECTOR('',#7443,1.);
#7443 = DIRECTION('',(0.,-1.,0.));
#7444 = PCURVE('',#73,#7445);
#7445 = DEFINITIONAL_REPRESENTATION('',(#7446),#7450);
#7446 = LINE('',#7447,#7448);
#7447 = CARTESIAN_POINT('',(44.67,-43.4375));
#7448 = VECTOR('',#7449,1.);
#7449 = DIRECTION('',(0.,-1.));
#7450 = ( GEOMETRIC_REPRESENTATION_CONTEXT(2) 
PARAMETRIC_REPRESENTATION_CONTEXT() REPRESENTATION_CONTEXT('2D SPACE',''
  ) );
#7451 = PCURVE('',#2849,#7452);
#7452 = DEFINITIONAL_REPRESENTATION('',(#7453),#7457);
#7453 = LINE('',#7454,#7455);
#7454 = CARTESIAN_POINT('',(43.4375,-0.756));
#7455 = VECTOR('',#7456,1.);
#7456 = DIRECTION('',(-1.,0.));
#7457 = ( GEOMETRIC_REPRESENTATION_CONTEXT(2) 
PARAMETRIC_REPRESENTATION_CONTEXT() REPRESENTATION_CONTEXT('2D SPACE',''
  ) );
#7458 = ORIENTED_EDGE('',*,*,#7459,.T.);
#7459 = EDGE_CURVE('',#7437,#7460,#7462,.T.);
#7460 = VERTEX_POINT('',#7461);
#7461 = CARTESIAN_POINT('',(44.17,-86.875,0.755));
#7462 = SURFACE_CURVE('',#7463,(#7468,#7479),.PCURVE_S1.);
#7463 = CIRCLE('',#7464,0.25);
#7464 = AXIS2_PLACEMENT_3D('',#7465,#7466,#7467);
#7465 = CARTESIAN_POINT('',(44.42,-86.875,0.755));
#7466 = DIRECTION('',(0.,0.,-1.));
#7467 = DIRECTION('',(-1.,0.,0.));
#7468 = PCURVE('',#73,#7469);
#7469 = DEFINITIONAL_REPRESENTATION('',(#7470),#7478);
#7470 = ( BOUNDED_CURVE() B_SPLINE_CURVE(2,(#7471,#7472,#7473,#7474,
#7475,#7476,#7477),.UNSPECIFIED.,.T.,.F.) B_SPLINE_CURVE_WITH_KNOTS((1,2
    ,2,2,2,1),(-2.094395102393,0.,2.094395102393,4.188790204786,
6.28318530718,8.377580409573),.UNSPECIFIED.) CURVE() 
GEOMETRIC_REPRESENTATION_ITEM() RATIONAL_B_SPLINE_CURVE((1.,0.5,1.,0.5,
1.,0.5,1.)) REPRESENTATION_ITEM('') );
#7471 = CARTESIAN_POINT('',(44.17,-86.875));
#7472 = CARTESIAN_POINT('',(44.17,-86.4419872981));
#7473 = CARTESIAN_POINT('',(44.545,-86.65849364905));
#7474 = CARTESIAN_POINT('',(44.92,-86.875));
#7475 = CARTESIAN_POINT('',(44.545,-87.09150635094));
#7476 = CARTESIAN_POINT('',(44.17,-87.30801270189));
#7477 = CARTESIAN_POINT('',(44.17,-86.875));
#7478 = ( GEOMETRIC_REPRESENTATION_CONTEXT(2) 
PARAMETRIC_REPRESENTATION_CONTEXT() REPRESENTATION_CONTEXT('2D SPACE',''
  ) );
#7479 = PCURVE('',#2882,#7480);
#7480 = DEFINITIONAL_REPRESENTATION('',(#7481),#7485);
#7481 = LINE('',#7482,#7483);
#7482 = CARTESIAN_POINT('',(0.,-0.756));
#7483 = VECTOR('',#7484,1.);
#7484 = DIRECTION('',(1.,0.));
#7485 = ( GEOMETRIC_REPRESENTATION_CONTEXT(2) 
PARAMETRIC_REPRESENTATION_CONTEXT() REPRESENTATION_CONTEXT('2D SPACE',''
  ) );
#7486 = ORIENTED_EDGE('',*,*,#7487,.T.);
#7487 = EDGE_CURVE('',#7460,#7407,#7488,.T.);
#7488 = SURFACE_CURVE('',#7489,(#7493,#7500),.PCURVE_S1.);
#7489 = LINE('',#7490,#7491);
#7490 = CARTESIAN_POINT('',(44.17,-42.8625,0.755));
#7491 = VECTOR('',#7492,1.);
#7492 = DIRECTION('',(0.,1.,0.));
#7493 = PCURVE('',#73,#7494);
#7494 = DEFINITIONAL_REPRESENTATION('',(#7495),#7499);
#7495 = LINE('',#7496,#7497);
#7496 = CARTESIAN_POINT('',(44.17,-42.8625));
#7497 = VECTOR('',#7498,1.);
#7498 = DIRECTION('',(0.,1.));
#7499 = ( GEOMETRIC_REPRESENTATION_CONTEXT(2) 
PARAMETRIC_REPRESENTATION_CONTEXT() REPRESENTATION_CONTEXT('2D SPACE',''
  ) );
#7500 = PCURVE('',#2908,#7501);
#7501 = DEFINITIONAL_REPRESENTATION('',(#7502),#7506);
#7502 = LINE('',#7503,#7504);
#7503 = CARTESIAN_POINT('',(-42.8625,-0.756));
#7504 = VECTOR('',#7505,1.);
#7505 = DIRECTION('',(-1.,0.));
#7506 = ( GEOMETRIC_REPRESENTATION_CONTEXT(2) 
PARAMETRIC_REPRESENTATION_CONTEXT() REPRESENTATION_CONTEXT('2D SPACE',''
  ) );
#7507 = FACE_BOUND('',#7508,.T.);
#7508 = EDGE_LOOP('',(#7509));
#7509 = ORIENTED_EDGE('',*,*,#7510,.T.);
#7510 = EDGE_CURVE('',#7511,#7511,#7513,.T.);
#7511 = VERTEX_POINT('',#7512);
#7512 = CARTESIAN_POINT('',(46.25,-86.54,0.755));
#7513 = SURFACE_CURVE('',#7514,(#7519,#7530),.PCURVE_S1.);
#7514 = CIRCLE('',#7515,0.325);
#7515 = AXIS2_PLACEMENT_3D('',#7516,#7517,#7518);
#7516 = CARTESIAN_POINT('',(46.25,-86.215,0.755));
#7517 = DIRECTION('',(-0.,-0.,-1.));
#7518 = DIRECTION('',(0.,-1.,0.));
#7519 = PCURVE('',#73,#7520);
#7520 = DEFINITIONAL_REPRESENTATION('',(#7521),#7529);
#7521 = ( BOUNDED_CURVE() B_SPLINE_CURVE(2,(#7522,#7523,#7524,#7525,
#7526,#7527,#7528),.UNSPECIFIED.,.T.,.F.) B_SPLINE_CURVE_WITH_KNOTS((1,2
    ,2,2,2,1),(-2.094395102393,0.,2.094395102393,4.188790204786,
6.28318530718,8.377580409573),.UNSPECIFIED.) CURVE() 
GEOMETRIC_REPRESENTATION_ITEM() RATIONAL_B_SPLINE_CURVE((1.,0.5,1.,0.5,
1.,0.5,1.)) REPRESENTATION_ITEM('') );
#7522 = CARTESIAN_POINT('',(46.25,-86.54));
#7523 = CARTESIAN_POINT('',(45.68708348754,-86.54));
#7524 = CARTESIAN_POINT('',(45.96854174377,-86.0525));
#7525 = CARTESIAN_POINT('',(46.25,-85.565));
#7526 = CARTESIAN_POINT('',(46.53145825623,-86.0525));
#7527 = CARTESIAN_POINT('',(46.81291651246,-86.54));
#7528 = CARTESIAN_POINT('',(46.25,-86.54));
#7529 = ( GEOMETRIC_REPRESENTATION_CONTEXT(2) 
PARAMETRIC_REPRESENTATION_CONTEXT() REPRESENTATION_CONTEXT('2D SPACE',''
  ) );
#7530 = PCURVE('',#2943,#7531);
#7531 = DEFINITIONAL_REPRESENTATION('',(#7532),#7536);
#7532 = LINE('',#7533,#7534);
#7533 = CARTESIAN_POINT('',(0.,-0.756));
#7534 = VECTOR('',#7535,1.);
#7535 = DIRECTION('',(1.,0.));
#7536 = ( GEOMETRIC_REPRESENTATION_CONTEXT(2) 
PARAMETRIC_REPRESENTATION_CONTEXT() REPRESENTATION_CONTEXT('2D SPACE',''
  ) );
#7537 = FACE_BOUND('',#7538,.T.);
#7538 = EDGE_LOOP('',(#7539));
#7539 = ORIENTED_EDGE('',*,*,#7540,.T.);
#7540 = EDGE_CURVE('',#7541,#7541,#7543,.T.);
#7541 = VERTEX_POINT('',#7542);
#7542 = CARTESIAN_POINT('',(43.3344,-84.1633,0.755));
#7543 = SURFACE_CURVE('',#7544,(#7549,#7560),.PCURVE_S1.);
#7544 = CIRCLE('',#7545,0.15);
#7545 = AXIS2_PLACEMENT_3D('',#7546,#7547,#7548);
#7546 = CARTESIAN_POINT('',(43.3344,-84.0133,0.755));
#7547 = DIRECTION('',(-0.,-0.,-1.));
#7548 = DIRECTION('',(0.,-1.,0.));
#7549 = PCURVE('',#73,#7550);
#7550 = DEFINITIONAL_REPRESENTATION('',(#7551),#7559);
#7551 = ( BOUNDED_CURVE() B_SPLINE_CURVE(2,(#7552,#7553,#7554,#7555,
#7556,#7557,#7558),.UNSPECIFIED.,.T.,.F.) B_SPLINE_CURVE_WITH_KNOTS((1,2
    ,2,2,2,1),(-2.094395102393,0.,2.094395102393,4.188790204786,
6.28318530718,8.377580409573),.UNSPECIFIED.) CURVE() 
GEOMETRIC_REPRESENTATION_ITEM() RATIONAL_B_SPLINE_CURVE((1.,0.5,1.,0.5,
1.,0.5,1.)) REPRESENTATION_ITEM('') );
#7552 = CARTESIAN_POINT('',(43.3344,-84.1633));
#7553 = CARTESIAN_POINT('',(43.074592378865,-84.1633));
#7554 = CARTESIAN_POINT('',(43.204496189432,-83.9383));
#7555 = CARTESIAN_POINT('',(43.3344,-83.7133));
#7556 = CARTESIAN_POINT('',(43.464303810568,-83.9383));
#7557 = CARTESIAN_POINT('',(43.594207621135,-84.1633));
#7558 = CARTESIAN_POINT('',(43.3344,-84.1633));
#7559 = ( GEOMETRIC_REPRESENTATION_CONTEXT(2) 
PARAMETRIC_REPRESENTATION_CONTEXT() REPRESENTATION_CONTEXT('2D SPACE',''
  ) );
#7560 = PCURVE('',#2978,#7561);
#7561 = DEFINITIONAL_REPRESENTATION('',(#7562),#7566);
#7562 = LINE('',#7563,#7564);
#7563 = CARTESIAN_POINT('',(0.,-0.746));
#7564 = VECTOR('',#7565,1.);
#7565 = DIRECTION('',(1.,0.));
#7566 = ( GEOMETRIC_REPRESENTATION_CONTEXT(2) 
PARAMETRIC_REPRESENTATION_CONTEXT() REPRESENTATION_CONTEXT('2D SPACE',''
  ) );
#7567 = FACE_BOUND('',#7568,.T.);
#7568 = EDGE_LOOP('',(#7569));
#7569 = ORIENTED_EDGE('',*,*,#7570,.T.);
#7570 = EDGE_CURVE('',#7571,#7571,#7573,.T.);
#7571 = VERTEX_POINT('',#7572);
#7572 = CARTESIAN_POINT('',(48.6702,-83.9181,0.755));
#7573 = SURFACE_CURVE('',#7574,(#7579,#7590),.PCURVE_S1.);
#7574 = CIRCLE('',#7575,0.15);
#7575 = AXIS2_PLACEMENT_3D('',#7576,#7577,#7578);
#7576 = CARTESIAN_POINT('',(48.6702,-83.7681,0.755));
#7577 = DIRECTION('',(-0.,-0.,-1.));
#7578 = DIRECTION('',(0.,-1.,0.));
#7579 = PCURVE('',#73,#7580);
#7580 = DEFINITIONAL_REPRESENTATION('',(#7581),#7589);
#7581 = ( BOUNDED_CURVE() B_SPLINE_CURVE(2,(#7582,#7583,#7584,#7585,
#7586,#7587,#7588),.UNSPECIFIED.,.T.,.F.) B_SPLINE_CURVE_WITH_KNOTS((1,2
    ,2,2,2,1),(-2.094395102393,0.,2.094395102393,4.188790204786,
6.28318530718,8.377580409573),.UNSPECIFIED.) CURVE() 
GEOMETRIC_REPRESENTATION_ITEM() RATIONAL_B_SPLINE_CURVE((1.,0.5,1.,0.5,
1.,0.5,1.)) REPRESENTATION_ITEM('') );
#7582 = CARTESIAN_POINT('',(48.6702,-83.9181));
#7583 = CARTESIAN_POINT('',(48.410392378865,-83.9181));
#7584 = CARTESIAN_POINT('',(48.540296189432,-83.6931));
#7585 = CARTESIAN_POINT('',(48.6702,-83.4681));
#7586 = CARTESIAN_POINT('',(48.800103810568,-83.6931));
#7587 = CARTESIAN_POINT('',(48.930007621135,-83.9181));
#7588 = CARTESIAN_POINT('',(48.6702,-83.9181));
#7589 = ( GEOMETRIC_REPRESENTATION_CONTEXT(2) 
PARAMETRIC_REPRESENTATION_CONTEXT() REPRESENTATION_CONTEXT('2D SPACE',''
  ) );
#7590 = PCURVE('',#3013,#7591);
#7591 = DEFINITIONAL_REPRESENTATION('',(#7592),#7596);
#7592 = LINE('',#7593,#7594);
#7593 = CARTESIAN_POINT('',(0.,-0.746));
#7594 = VECTOR('',#7595,1.);
#7595 = DIRECTION('',(1.,0.));
#7596 = ( GEOMETRIC_REPRESENTATION_CONTEXT(2) 
PARAMETRIC_REPRESENTATION_CONTEXT() REPRESENTATION_CONTEXT('2D SPACE',''
  ) );
#7597 = FACE_BOUND('',#7598,.T.);
#7598 = EDGE_LOOP('',(#7599,#7629,#7652,#7680));
#7599 = ORIENTED_EDGE('',*,*,#7600,.T.);
#7600 = EDGE_CURVE('',#7601,#7603,#7605,.T.);
#7601 = VERTEX_POINT('',#7602);
#7602 = CARTESIAN_POINT('',(55.33,-90.365,0.755));
#7603 = VERTEX_POINT('',#7604);
#7604 = CARTESIAN_POINT('',(55.83,-90.365,0.755));
#7605 = SURFACE_CURVE('',#7606,(#7611,#7622),.PCURVE_S1.);
#7606 = CIRCLE('',#7607,0.25);
#7607 = AXIS2_PLACEMENT_3D('',#7608,#7609,#7610);
#7608 = CARTESIAN_POINT('',(55.58,-90.365,0.755));
#7609 = DIRECTION('',(0.,0.,-1.));
#7610 = DIRECTION('',(1.,0.,0.));
#7611 = PCURVE('',#73,#7612);
#7612 = DEFINITIONAL_REPRESENTATION('',(#7613),#7621);
#7613 = ( BOUNDED_CURVE() B_SPLINE_CURVE(2,(#7614,#7615,#7616,#7617,
#7618,#7619,#7620),.UNSPECIFIED.,.T.,.F.) B_SPLINE_CURVE_WITH_KNOTS((1,2
    ,2,2,2,1),(-2.094395102393,0.,2.094395102393,4.188790204786,
6.28318530718,8.377580409573),.UNSPECIFIED.) CURVE() 
GEOMETRIC_REPRESENTATION_ITEM() RATIONAL_B_SPLINE_CURVE((1.,0.5,1.,0.5,
1.,0.5,1.)) REPRESENTATION_ITEM('') );
#7614 = CARTESIAN_POINT('',(55.83,-90.365));
#7615 = CARTESIAN_POINT('',(55.83,-90.79801270189));
#7616 = CARTESIAN_POINT('',(55.455,-90.58150635094));
#7617 = CARTESIAN_POINT('',(55.08,-90.365));
#7618 = CARTESIAN_POINT('',(55.455,-90.14849364905));
#7619 = CARTESIAN_POINT('',(55.83,-89.9319872981));
#7620 = CARTESIAN_POINT('',(55.83,-90.365));
#7621 = ( GEOMETRIC_REPRESENTATION_CONTEXT(2) 
PARAMETRIC_REPRESENTATION_CONTEXT() REPRESENTATION_CONTEXT('2D SPACE',''
  ) );
#7622 = PCURVE('',#3050,#7623);
#7623 = DEFINITIONAL_REPRESENTATION('',(#7624),#7628);
#7624 = LINE('',#7625,#7626);
#7625 = CARTESIAN_POINT('',(0.,-0.756));
#7626 = VECTOR('',#7627,1.);
#7627 = DIRECTION('',(1.,0.));
#7628 = ( GEOMETRIC_REPRESENTATION_CONTEXT(2) 
PARAMETRIC_REPRESENTATION_CONTEXT() REPRESENTATION_CONTEXT('2D SPACE',''
  ) );
#7629 = ORIENTED_EDGE('',*,*,#7630,.T.);
#7630 = EDGE_CURVE('',#7603,#7631,#7633,.T.);
#7631 = VERTEX_POINT('',#7632);
#7632 = CARTESIAN_POINT('',(55.83,-91.515,0.755));
#7633 = SURFACE_CURVE('',#7634,(#7638,#7645),.PCURVE_S1.);
#7634 = LINE('',#7635,#7636);
#7635 = CARTESIAN_POINT('',(55.83,-45.7575,0.755));
#7636 = VECTOR('',#7637,1.);
#7637 = DIRECTION('',(0.,-1.,0.));
#7638 = PCURVE('',#73,#7639);
#7639 = DEFINITIONAL_REPRESENTATION('',(#7640),#7644);
#7640 = LINE('',#7641,#7642);
#7641 = CARTESIAN_POINT('',(55.83,-45.7575));
#7642 = VECTOR('',#7643,1.);
#7643 = DIRECTION('',(0.,-1.));
#7644 = ( GEOMETRIC_REPRESENTATION_CONTEXT(2) 
PARAMETRIC_REPRESENTATION_CONTEXT() REPRESENTATION_CONTEXT('2D SPACE',''
  ) );
#7645 = PCURVE('',#3078,#7646);
#7646 = DEFINITIONAL_REPRESENTATION('',(#7647),#7651);
#7647 = LINE('',#7648,#7649);
#7648 = CARTESIAN_POINT('',(45.7575,-0.756));
#7649 = VECTOR('',#7650,1.);
#7650 = DIRECTION('',(-1.,0.));
#7651 = ( GEOMETRIC_REPRESENTATION_CONTEXT(2) 
PARAMETRIC_REPRESENTATION_CONTEXT() REPRESENTATION_CONTEXT('2D SPACE',''
  ) );
#7652 = ORIENTED_EDGE('',*,*,#7653,.T.);
#7653 = EDGE_CURVE('',#7631,#7654,#7656,.T.);
#7654 = VERTEX_POINT('',#7655);
#7655 = CARTESIAN_POINT('',(55.33,-91.515,0.755));
#7656 = SURFACE_CURVE('',#7657,(#7662,#7673),.PCURVE_S1.);
#7657 = CIRCLE('',#7658,0.25);
#7658 = AXIS2_PLACEMENT_3D('',#7659,#7660,#7661);
#7659 = CARTESIAN_POINT('',(55.58,-91.515,0.755));
#7660 = DIRECTION('',(0.,0.,-1.));
#7661 = DIRECTION('',(-1.,0.,0.));
#7662 = PCURVE('',#73,#7663);
#7663 = DEFINITIONAL_REPRESENTATION('',(#7664),#7672);
#7664 = ( BOUNDED_CURVE() B_SPLINE_CURVE(2,(#7665,#7666,#7667,#7668,
#7669,#7670,#7671),.UNSPECIFIED.,.T.,.F.) B_SPLINE_CURVE_WITH_KNOTS((1,2
    ,2,2,2,1),(-2.094395102393,0.,2.094395102393,4.188790204786,
6.28318530718,8.377580409573),.UNSPECIFIED.) CURVE() 
GEOMETRIC_REPRESENTATION_ITEM() RATIONAL_B_SPLINE_CURVE((1.,0.5,1.,0.5,
1.,0.5,1.)) REPRESENTATION_ITEM('') );
#7665 = CARTESIAN_POINT('',(55.33,-91.515));
#7666 = CARTESIAN_POINT('',(55.33,-91.0819872981));
#7667 = CARTESIAN_POINT('',(55.705,-91.29849364905));
#7668 = CARTESIAN_POINT('',(56.08,-91.515));
#7669 = CARTESIAN_POINT('',(55.705,-91.73150635094));
#7670 = CARTESIAN_POINT('',(55.33,-91.94801270189));
#7671 = CARTESIAN_POINT('',(55.33,-91.515));
#7672 = ( GEOMETRIC_REPRESENTATION_CONTEXT(2) 
PARAMETRIC_REPRESENTATION_CONTEXT() REPRESENTATION_CONTEXT('2D SPACE',''
  ) );
#7673 = PCURVE('',#3111,#7674);
#7674 = DEFINITIONAL_REPRESENTATION('',(#7675),#7679);
#7675 = LINE('',#7676,#7677);
#7676 = CARTESIAN_POINT('',(0.,-0.756));
#7677 = VECTOR('',#7678,1.);
#7678 = DIRECTION('',(1.,0.));
#7679 = ( GEOMETRIC_REPRESENTATION_CONTEXT(2) 
PARAMETRIC_REPRESENTATION_CONTEXT() REPRESENTATION_CONTEXT('2D SPACE',''
  ) );
#7680 = ORIENTED_EDGE('',*,*,#7681,.T.);
#7681 = EDGE_CURVE('',#7654,#7601,#7682,.T.);
#7682 = SURFACE_CURVE('',#7683,(#7687,#7694),.PCURVE_S1.);
#7683 = LINE('',#7684,#7685);
#7684 = CARTESIAN_POINT('',(55.33,-45.1825,0.755));
#7685 = VECTOR('',#7686,1.);
#7686 = DIRECTION('',(0.,1.,0.));
#7687 = PCURVE('',#73,#7688);
#7688 = DEFINITIONAL_REPRESENTATION('',(#7689),#7693);
#7689 = LINE('',#7690,#7691);
#7690 = CARTESIAN_POINT('',(55.33,-45.1825));
#7691 = VECTOR('',#7692,1.);
#7692 = DIRECTION('',(0.,1.));
#7693 = ( GEOMETRIC_REPRESENTATION_CONTEXT(2) 
PARAMETRIC_REPRESENTATION_CONTEXT() REPRESENTATION_CONTEXT('2D SPACE',''
  ) );
#7694 = PCURVE('',#3137,#7695);
#7695 = DEFINITIONAL_REPRESENTATION('',(#7696),#7700);
#7696 = LINE('',#7697,#7698);
#7697 = CARTESIAN_POINT('',(-45.1825,-0.756));
#7698 = VECTOR('',#7699,1.);
#7699 = DIRECTION('',(-1.,0.));
#7700 = ( GEOMETRIC_REPRESENTATION_CONTEXT(2) 
PARAMETRIC_REPRESENTATION_CONTEXT() REPRESENTATION_CONTEXT('2D SPACE',''
  ) );
#7701 = FACE_BOUND('',#7702,.T.);
#7702 = EDGE_LOOP('',(#7703));
#7703 = ORIENTED_EDGE('',*,*,#7704,.T.);
#7704 = EDGE_CURVE('',#7705,#7705,#7707,.T.);
#7705 = VERTEX_POINT('',#7706);
#7706 = CARTESIAN_POINT('',(51.0567,-84.1181,0.755));
#7707 = SURFACE_CURVE('',#7708,(#7713,#7724),.PCURVE_S1.);
#7708 = CIRCLE('',#7709,0.15);
#7709 = AXIS2_PLACEMENT_3D('',#7710,#7711,#7712);
#7710 = CARTESIAN_POINT('',(51.0567,-83.9681,0.755));
#7711 = DIRECTION('',(-0.,-0.,-1.));
#7712 = DIRECTION('',(0.,-1.,0.));
#7713 = PCURVE('',#73,#7714);
#7714 = DEFINITIONAL_REPRESENTATION('',(#7715),#7723);
#7715 = ( BOUNDED_CURVE() B_SPLINE_CURVE(2,(#7716,#7717,#7718,#7719,
#7720,#7721,#7722),.UNSPECIFIED.,.T.,.F.) B_SPLINE_CURVE_WITH_KNOTS((1,2
    ,2,2,2,1),(-2.094395102393,0.,2.094395102393,4.188790204786,
6.28318530718,8.377580409573),.UNSPECIFIED.) CURVE() 
GEOMETRIC_REPRESENTATION_ITEM() RATIONAL_B_SPLINE_CURVE((1.,0.5,1.,0.5,
1.,0.5,1.)) REPRESENTATION_ITEM('') );
#7716 = CARTESIAN_POINT('',(51.0567,-84.1181));
#7717 = CARTESIAN_POINT('',(50.796892378865,-84.1181));
#7718 = CARTESIAN_POINT('',(50.926796189432,-83.8931));
#7719 = CARTESIAN_POINT('',(51.0567,-83.6681));
#7720 = CARTESIAN_POINT('',(51.186603810568,-83.8931));
#7721 = CARTESIAN_POINT('',(51.316507621135,-84.1181));
#7722 = CARTESIAN_POINT('',(51.0567,-84.1181));
#7723 = ( GEOMETRIC_REPRESENTATION_CONTEXT(2) 
PARAMETRIC_REPRESENTATION_CONTEXT() REPRESENTATION_CONTEXT('2D SPACE',''
  ) );
#7724 = PCURVE('',#3172,#7725);
#7725 = DEFINITIONAL_REPRESENTATION('',(#7726),#7730);
#7726 = LINE('',#7727,#7728);
#7727 = CARTESIAN_POINT('',(0.,-0.746));
#7728 = VECTOR('',#7729,1.);
#7729 = DIRECTION('',(1.,0.));
#7730 = ( GEOMETRIC_REPRESENTATION_CONTEXT(2) 
PARAMETRIC_REPRESENTATION_CONTEXT() REPRESENTATION_CONTEXT('2D SPACE',''
  ) );
#7731 = FACE_BOUND('',#7732,.T.);
#7732 = EDGE_LOOP('',(#7733));
#7733 = ORIENTED_EDGE('',*,*,#7734,.T.);
#7734 = EDGE_CURVE('',#7735,#7735,#7737,.T.);
#7735 = VERTEX_POINT('',#7736);
#7736 = CARTESIAN_POINT('',(52.1125,-83.4338,0.755));
#7737 = SURFACE_CURVE('',#7738,(#7743,#7754),.PCURVE_S1.);
#7738 = CIRCLE('',#7739,0.15);
#7739 = AXIS2_PLACEMENT_3D('',#7740,#7741,#7742);
#7740 = CARTESIAN_POINT('',(52.1125,-83.2838,0.755));
#7741 = DIRECTION('',(-0.,-0.,-1.));
#7742 = DIRECTION('',(0.,-1.,0.));
#7743 = PCURVE('',#73,#7744);
#7744 = DEFINITIONAL_REPRESENTATION('',(#7745),#7753);
#7745 = ( BOUNDED_CURVE() B_SPLINE_CURVE(2,(#7746,#7747,#7748,#7749,
#7750,#7751,#7752),.UNSPECIFIED.,.T.,.F.) B_SPLINE_CURVE_WITH_KNOTS((1,2
    ,2,2,2,1),(-2.094395102393,0.,2.094395102393,4.188790204786,
6.28318530718,8.377580409573),.UNSPECIFIED.) CURVE() 
GEOMETRIC_REPRESENTATION_ITEM() RATIONAL_B_SPLINE_CURVE((1.,0.5,1.,0.5,
1.,0.5,1.)) REPRESENTATION_ITEM('') );
#7746 = CARTESIAN_POINT('',(52.1125,-83.4338));
#7747 = CARTESIAN_POINT('',(51.852692378865,-83.4338));
#7748 = CARTESIAN_POINT('',(51.982596189432,-83.2088));
#7749 = CARTESIAN_POINT('',(52.1125,-82.9838));
#7750 = CARTESIAN_POINT('',(52.242403810568,-83.2088));
#7751 = CARTESIAN_POINT('',(52.372307621135,-83.4338));
#7752 = CARTESIAN_POINT('',(52.1125,-83.4338));
#7753 = ( GEOMETRIC_REPRESENTATION_CONTEXT(2) 
PARAMETRIC_REPRESENTATION_CONTEXT() REPRESENTATION_CONTEXT('2D SPACE',''
  ) );
#7754 = PCURVE('',#3207,#7755);
#7755 = DEFINITIONAL_REPRESENTATION('',(#7756),#7760);
#7756 = LINE('',#7757,#7758);
#7757 = CARTESIAN_POINT('',(0.,-0.746));
#7758 = VECTOR('',#7759,1.);
#7759 = DIRECTION('',(1.,0.));
#7760 = ( GEOMETRIC_REPRESENTATION_CONTEXT(2) 
PARAMETRIC_REPRESENTATION_CONTEXT() REPRESENTATION_CONTEXT('2D SPACE',''
  ) );
#7761 = FACE_BOUND('',#7762,.T.);
#7762 = EDGE_LOOP('',(#7763));
#7763 = ORIENTED_EDGE('',*,*,#7764,.T.);
#7764 = EDGE_CURVE('',#7765,#7765,#7767,.T.);
#7765 = VERTEX_POINT('',#7766);
#7766 = CARTESIAN_POINT('',(53.75,-86.54,0.755));
#7767 = SURFACE_CURVE('',#7768,(#7773,#7784),.PCURVE_S1.);
#7768 = CIRCLE('',#7769,0.325);
#7769 = AXIS2_PLACEMENT_3D('',#7770,#7771,#7772);
#7770 = CARTESIAN_POINT('',(53.75,-86.215,0.755));
#7771 = DIRECTION('',(-0.,-0.,-1.));
#7772 = DIRECTION('',(0.,-1.,0.));
#7773 = PCURVE('',#73,#7774);
#7774 = DEFINITIONAL_REPRESENTATION('',(#7775),#7783);
#7775 = ( BOUNDED_CURVE() B_SPLINE_CURVE(2,(#7776,#7777,#7778,#7779,
#7780,#7781,#7782),.UNSPECIFIED.,.T.,.F.) B_SPLINE_CURVE_WITH_KNOTS((1,2
    ,2,2,2,1),(-2.094395102393,0.,2.094395102393,4.188790204786,
6.28318530718,8.377580409573),.UNSPECIFIED.) CURVE() 
GEOMETRIC_REPRESENTATION_ITEM() RATIONAL_B_SPLINE_CURVE((1.,0.5,1.,0.5,
1.,0.5,1.)) REPRESENTATION_ITEM('') );
#7776 = CARTESIAN_POINT('',(53.75,-86.54));
#7777 = CARTESIAN_POINT('',(53.18708348754,-86.54));
#7778 = CARTESIAN_POINT('',(53.46854174377,-86.0525));
#7779 = CARTESIAN_POINT('',(53.75,-85.565));
#7780 = CARTESIAN_POINT('',(54.03145825623,-86.0525));
#7781 = CARTESIAN_POINT('',(54.31291651246,-86.54));
#7782 = CARTESIAN_POINT('',(53.75,-86.54));
#7783 = ( GEOMETRIC_REPRESENTATION_CONTEXT(2) 
PARAMETRIC_REPRESENTATION_CONTEXT() REPRESENTATION_CONTEXT('2D SPACE',''
  ) );
#7784 = PCURVE('',#3242,#7785);
#7785 = DEFINITIONAL_REPRESENTATION('',(#7786),#7790);
#7786 = LINE('',#7787,#7788);
#7787 = CARTESIAN_POINT('',(0.,-0.756));
#7788 = VECTOR('',#7789,1.);
#7789 = DIRECTION('',(1.,0.));
#7790 = ( GEOMETRIC_REPRESENTATION_CONTEXT(2) 
PARAMETRIC_REPRESENTATION_CONTEXT() REPRESENTATION_CONTEXT('2D SPACE',''
  ) );
#7791 = FACE_BOUND('',#7792,.T.);
#7792 = EDGE_LOOP('',(#7793,#7823,#7846,#7874));
#7793 = ORIENTED_EDGE('',*,*,#7794,.T.);
#7794 = EDGE_CURVE('',#7795,#7797,#7799,.T.);
#7795 = VERTEX_POINT('',#7796);
#7796 = CARTESIAN_POINT('',(55.33,-85.725,0.755));
#7797 = VERTEX_POINT('',#7798);
#7798 = CARTESIAN_POINT('',(55.83,-85.725,0.755));
#7799 = SURFACE_CURVE('',#7800,(#7805,#7816),.PCURVE_S1.);
#7800 = CIRCLE('',#7801,0.25);
#7801 = AXIS2_PLACEMENT_3D('',#7802,#7803,#7804);
#7802 = CARTESIAN_POINT('',(55.58,-85.725,0.755));
#7803 = DIRECTION('',(0.,0.,-1.));
#7804 = DIRECTION('',(1.,0.,0.));
#7805 = PCURVE('',#73,#7806);
#7806 = DEFINITIONAL_REPRESENTATION('',(#7807),#7815);
#7807 = ( BOUNDED_CURVE() B_SPLINE_CURVE(2,(#7808,#7809,#7810,#7811,
#7812,#7813,#7814),.UNSPECIFIED.,.T.,.F.) B_SPLINE_CURVE_WITH_KNOTS((1,2
    ,2,2,2,1),(-2.094395102393,0.,2.094395102393,4.188790204786,
6.28318530718,8.377580409573),.UNSPECIFIED.) CURVE() 
GEOMETRIC_REPRESENTATION_ITEM() RATIONAL_B_SPLINE_CURVE((1.,0.5,1.,0.5,
1.,0.5,1.)) REPRESENTATION_ITEM('') );
#7808 = CARTESIAN_POINT('',(55.83,-85.725));
#7809 = CARTESIAN_POINT('',(55.83,-86.15801270189));
#7810 = CARTESIAN_POINT('',(55.455,-85.94150635094));
#7811 = CARTESIAN_POINT('',(55.08,-85.725));
#7812 = CARTESIAN_POINT('',(55.455,-85.50849364905));
#7813 = CARTESIAN_POINT('',(55.83,-85.2919872981));
#7814 = CARTESIAN_POINT('',(55.83,-85.725));
#7815 = ( GEOMETRIC_REPRESENTATION_CONTEXT(2) 
PARAMETRIC_REPRESENTATION_CONTEXT() REPRESENTATION_CONTEXT('2D SPACE',''
  ) );
#7816 = PCURVE('',#3279,#7817);
#7817 = DEFINITIONAL_REPRESENTATION('',(#7818),#7822);
#7818 = LINE('',#7819,#7820);
#7819 = CARTESIAN_POINT('',(0.,-0.756));
#7820 = VECTOR('',#7821,1.);
#7821 = DIRECTION('',(1.,0.));
#7822 = ( GEOMETRIC_REPRESENTATION_CONTEXT(2) 
PARAMETRIC_REPRESENTATION_CONTEXT() REPRESENTATION_CONTEXT('2D SPACE',''
  ) );
#7823 = ORIENTED_EDGE('',*,*,#7824,.T.);
#7824 = EDGE_CURVE('',#7797,#7825,#7827,.T.);
#7825 = VERTEX_POINT('',#7826);
#7826 = CARTESIAN_POINT('',(55.83,-86.875,0.755));
#7827 = SURFACE_CURVE('',#7828,(#7832,#7839),.PCURVE_S1.);
#7828 = LINE('',#7829,#7830);
#7829 = CARTESIAN_POINT('',(55.83,-43.4375,0.755));
#7830 = VECTOR('',#7831,1.);
#7831 = DIRECTION('',(0.,-1.,0.));
#7832 = PCURVE('',#73,#7833);
#7833 = DEFINITIONAL_REPRESENTATION('',(#7834),#7838);
#7834 = LINE('',#7835,#7836);
#7835 = CARTESIAN_POINT('',(55.83,-43.4375));
#7836 = VECTOR('',#7837,1.);
#7837 = DIRECTION('',(0.,-1.));
#7838 = ( GEOMETRIC_REPRESENTATION_CONTEXT(2) 
PARAMETRIC_REPRESENTATION_CONTEXT() REPRESENTATION_CONTEXT('2D SPACE',''
  ) );
#7839 = PCURVE('',#3307,#7840);
#7840 = DEFINITIONAL_REPRESENTATION('',(#7841),#7845);
#7841 = LINE('',#7842,#7843);
#7842 = CARTESIAN_POINT('',(43.4375,-0.756));
#7843 = VECTOR('',#7844,1.);
#7844 = DIRECTION('',(-1.,0.));
#7845 = ( GEOMETRIC_REPRESENTATION_CONTEXT(2) 
PARAMETRIC_REPRESENTATION_CONTEXT() REPRESENTATION_CONTEXT('2D SPACE',''
  ) );
#7846 = ORIENTED_EDGE('',*,*,#7847,.T.);
#7847 = EDGE_CURVE('',#7825,#7848,#7850,.T.);
#7848 = VERTEX_POINT('',#7849);
#7849 = CARTESIAN_POINT('',(55.33,-86.875,0.755));
#7850 = SURFACE_CURVE('',#7851,(#7856,#7867),.PCURVE_S1.);
#7851 = CIRCLE('',#7852,0.25);
#7852 = AXIS2_PLACEMENT_3D('',#7853,#7854,#7855);
#7853 = CARTESIAN_POINT('',(55.58,-86.875,0.755));
#7854 = DIRECTION('',(0.,0.,-1.));
#7855 = DIRECTION('',(-1.,0.,0.));
#7856 = PCURVE('',#73,#7857);
#7857 = DEFINITIONAL_REPRESENTATION('',(#7858),#7866);
#7858 = ( BOUNDED_CURVE() B_SPLINE_CURVE(2,(#7859,#7860,#7861,#7862,
#7863,#7864,#7865),.UNSPECIFIED.,.T.,.F.) B_SPLINE_CURVE_WITH_KNOTS((1,2
    ,2,2,2,1),(-2.094395102393,0.,2.094395102393,4.188790204786,
6.28318530718,8.377580409573),.UNSPECIFIED.) CURVE() 
GEOMETRIC_REPRESENTATION_ITEM() RATIONAL_B_SPLINE_CURVE((1.,0.5,1.,0.5,
1.,0.5,1.)) REPRESENTATION_ITEM('') );
#7859 = CARTESIAN_POINT('',(55.33,-86.875));
#7860 = CARTESIAN_POINT('',(55.33,-86.4419872981));
#7861 = CARTESIAN_POINT('',(55.705,-86.65849364905));
#7862 = CARTESIAN_POINT('',(56.08,-86.875));
#7863 = CARTESIAN_POINT('',(55.705,-87.09150635094));
#7864 = CARTESIAN_POINT('',(55.33,-87.30801270189));
#7865 = CARTESIAN_POINT('',(55.33,-86.875));
#7866 = ( GEOMETRIC_REPRESENTATION_CONTEXT(2) 
PARAMETRIC_REPRESENTATION_CONTEXT() REPRESENTATION_CONTEXT('2D SPACE',''
  ) );
#7867 = PCURVE('',#3340,#7868);
#7868 = DEFINITIONAL_REPRESENTATION('',(#7869),#7873);
#7869 = LINE('',#7870,#7871);
#7870 = CARTESIAN_POINT('',(0.,-0.756));
#7871 = VECTOR('',#7872,1.);
#7872 = DIRECTION('',(1.,0.));
#7873 = ( GEOMETRIC_REPRESENTATION_CONTEXT(2) 
PARAMETRIC_REPRESENTATION_CONTEXT() REPRESENTATION_CONTEXT('2D SPACE',''
  ) );
#7874 = ORIENTED_EDGE('',*,*,#7875,.T.);
#7875 = EDGE_CURVE('',#7848,#7795,#7876,.T.);
#7876 = SURFACE_CURVE('',#7877,(#7881,#7888),.PCURVE_S1.);
#7877 = LINE('',#7878,#7879);
#7878 = CARTESIAN_POINT('',(55.33,-42.8625,0.755));
#7879 = VECTOR('',#7880,1.);
#7880 = DIRECTION('',(0.,1.,0.));
#7881 = PCURVE('',#73,#7882);
#7882 = DEFINITIONAL_REPRESENTATION('',(#7883),#7887);
#7883 = LINE('',#7884,#7885);
#7884 = CARTESIAN_POINT('',(55.33,-42.8625));
#7885 = VECTOR('',#7886,1.);
#7886 = DIRECTION('',(0.,1.));
#7887 = ( GEOMETRIC_REPRESENTATION_CONTEXT(2) 
PARAMETRIC_REPRESENTATION_CONTEXT() REPRESENTATION_CONTEXT('2D SPACE',''
  ) );
#7888 = PCURVE('',#3366,#7889);
#7889 = DEFINITIONAL_REPRESENTATION('',(#7890),#7894);
#7890 = LINE('',#7891,#7892);
#7891 = CARTESIAN_POINT('',(-42.8625,-0.756));
#7892 = VECTOR('',#7893,1.);
#7893 = DIRECTION('',(-1.,0.));
#7894 = ( GEOMETRIC_REPRESENTATION_CONTEXT(2) 
PARAMETRIC_REPRESENTATION_CONTEXT() REPRESENTATION_CONTEXT('2D SPACE',''
  ) );
#7895 = FACE_BOUND('',#7896,.T.);
#7896 = EDGE_LOOP('',(#7897));
#7897 = ORIENTED_EDGE('',*,*,#7898,.T.);
#7898 = EDGE_CURVE('',#7899,#7899,#7901,.T.);
#7899 = VERTEX_POINT('',#7900);
#7900 = CARTESIAN_POINT('',(53.926,-83.7612,0.755));
#7901 = SURFACE_CURVE('',#7902,(#7907,#7918),.PCURVE_S1.);
#7902 = CIRCLE('',#7903,0.15);
#7903 = AXIS2_PLACEMENT_3D('',#7904,#7905,#7906);
#7904 = CARTESIAN_POINT('',(53.926,-83.6112,0.755));
#7905 = DIRECTION('',(-0.,-0.,-1.));
#7906 = DIRECTION('',(0.,-1.,0.));
#7907 = PCURVE('',#73,#7908);
#7908 = DEFINITIONAL_REPRESENTATION('',(#7909),#7917);
#7909 = ( BOUNDED_CURVE() B_SPLINE_CURVE(2,(#7910,#7911,#7912,#7913,
#7914,#7915,#7916),.UNSPECIFIED.,.T.,.F.) B_SPLINE_CURVE_WITH_KNOTS((1,2
    ,2,2,2,1),(-2.094395102393,0.,2.094395102393,4.188790204786,
6.28318530718,8.377580409573),.UNSPECIFIED.) CURVE() 
GEOMETRIC_REPRESENTATION_ITEM() RATIONAL_B_SPLINE_CURVE((1.,0.5,1.,0.5,
1.,0.5,1.)) REPRESENTATION_ITEM('') );
#7910 = CARTESIAN_POINT('',(53.926,-83.7612));
#7911 = CARTESIAN_POINT('',(53.666192378865,-83.7612));
#7912 = CARTESIAN_POINT('',(53.796096189432,-83.5362));
#7913 = CARTESIAN_POINT('',(53.926,-83.3112));
#7914 = CARTESIAN_POINT('',(54.055903810568,-83.5362));
#7915 = CARTESIAN_POINT('',(54.185807621135,-83.7612));
#7916 = CARTESIAN_POINT('',(53.926,-83.7612));
#7917 = ( GEOMETRIC_REPRESENTATION_CONTEXT(2) 
PARAMETRIC_REPRESENTATION_CONTEXT() REPRESENTATION_CONTEXT('2D SPACE',''
  ) );
#7918 = PCURVE('',#3401,#7919);
#7919 = DEFINITIONAL_REPRESENTATION('',(#7920),#7924);
#7920 = LINE('',#7921,#7922);
#7921 = CARTESIAN_POINT('',(0.,-0.746));
#7922 = VECTOR('',#7923,1.);
#7923 = DIRECTION('',(1.,0.));
#7924 = ( GEOMETRIC_REPRESENTATION_CONTEXT(2) 
PARAMETRIC_REPRESENTATION_CONTEXT() REPRESENTATION_CONTEXT('2D SPACE',''
  ) );
#7925 = FACE_BOUND('',#7926,.T.);
#7926 = EDGE_LOOP('',(#7927));
#7927 = ORIENTED_EDGE('',*,*,#7928,.T.);
#7928 = EDGE_CURVE('',#7929,#7929,#7931,.T.);
#7929 = VERTEX_POINT('',#7930);
#7930 = CARTESIAN_POINT('',(44.4327,-81.8572,0.755));
#7931 = SURFACE_CURVE('',#7932,(#7937,#7948),.PCURVE_S1.);
#7932 = CIRCLE('',#7933,0.15);
#7933 = AXIS2_PLACEMENT_3D('',#7934,#7935,#7936);
#7934 = CARTESIAN_POINT('',(44.4327,-81.7072,0.755));
#7935 = DIRECTION('',(-0.,-0.,-1.));
#7936 = DIRECTION('',(0.,-1.,0.));
#7937 = PCURVE('',#73,#7938);
#7938 = DEFINITIONAL_REPRESENTATION('',(#7939),#7947);
#7939 = ( BOUNDED_CURVE() B_SPLINE_CURVE(2,(#7940,#7941,#7942,#7943,
#7944,#7945,#7946),.UNSPECIFIED.,.T.,.F.) B_SPLINE_CURVE_WITH_KNOTS((1,2
    ,2,2,2,1),(-2.094395102393,0.,2.094395102393,4.188790204786,
6.28318530718,8.377580409573),.UNSPECIFIED.) CURVE() 
GEOMETRIC_REPRESENTATION_ITEM() RATIONAL_B_SPLINE_CURVE((1.,0.5,1.,0.5,
1.,0.5,1.)) REPRESENTATION_ITEM('') );
#7940 = CARTESIAN_POINT('',(44.4327,-81.8572));
#7941 = CARTESIAN_POINT('',(44.172892378865,-81.8572));
#7942 = CARTESIAN_POINT('',(44.302796189432,-81.6322));
#7943 = CARTESIAN_POINT('',(44.4327,-81.4072));
#7944 = CARTESIAN_POINT('',(44.562603810568,-81.6322));
#7945 = CARTESIAN_POINT('',(44.692507621135,-81.8572));
#7946 = CARTESIAN_POINT('',(44.4327,-81.8572));
#7947 = ( GEOMETRIC_REPRESENTATION_CONTEXT(2) 
PARAMETRIC_REPRESENTATION_CONTEXT() REPRESENTATION_CONTEXT('2D SPACE',''
  ) );
#7948 = PCURVE('',#3436,#7949);
#7949 = DEFINITIONAL_REPRESENTATION('',(#7950),#7954);
#7950 = LINE('',#7951,#7952);
#7951 = CARTESIAN_POINT('',(0.,-0.746));
#7952 = VECTOR('',#7953,1.);
#7953 = DIRECTION('',(1.,0.));
#7954 = ( GEOMETRIC_REPRESENTATION_CONTEXT(2) 
PARAMETRIC_REPRESENTATION_CONTEXT() REPRESENTATION_CONTEXT('2D SPACE',''
  ) );
#7955 = FACE_BOUND('',#7956,.T.);
#7956 = EDGE_LOOP('',(#7957));
#7957 = ORIENTED_EDGE('',*,*,#7958,.T.);
#7958 = EDGE_CURVE('',#7959,#7959,#7961,.T.);
#7959 = VERTEX_POINT('',#7960);
#7960 = CARTESIAN_POINT('',(47.9278,-81.8524,0.755));
#7961 = SURFACE_CURVE('',#7962,(#7967,#7978),.PCURVE_S1.);
#7962 = CIRCLE('',#7963,0.15);
#7963 = AXIS2_PLACEMENT_3D('',#7964,#7965,#7966);
#7964 = CARTESIAN_POINT('',(47.9278,-81.7024,0.755));
#7965 = DIRECTION('',(-0.,0.,-1.));
#7966 = DIRECTION('',(-4.736951571734E-14,-1.,0.));
#7967 = PCURVE('',#73,#7968);
#7968 = DEFINITIONAL_REPRESENTATION('',(#7969),#7977);
#7969 = ( BOUNDED_CURVE() B_SPLINE_CURVE(2,(#7970,#7971,#7972,#7973,
#7974,#7975,#7976),.UNSPECIFIED.,.T.,.F.) B_SPLINE_CURVE_WITH_KNOTS((1,2
    ,2,2,2,1),(-2.094395102393,0.,2.094395102393,4.188790204786,
6.28318530718,8.377580409573),.UNSPECIFIED.) CURVE() 
GEOMETRIC_REPRESENTATION_ITEM() RATIONAL_B_SPLINE_CURVE((1.,0.5,1.,0.5,
1.,0.5,1.)) REPRESENTATION_ITEM('') );
#7970 = CARTESIAN_POINT('',(47.9278,-81.8524));
#7971 = CARTESIAN_POINT('',(47.667992378865,-81.8524));
#7972 = CARTESIAN_POINT('',(47.797896189432,-81.6274));
#7973 = CARTESIAN_POINT('',(47.9278,-81.4024));
#7974 = CARTESIAN_POINT('',(48.057703810568,-81.6274));
#7975 = CARTESIAN_POINT('',(48.187607621135,-81.8524));
#7976 = CARTESIAN_POINT('',(47.9278,-81.8524));
#7977 = ( GEOMETRIC_REPRESENTATION_CONTEXT(2) 
PARAMETRIC_REPRESENTATION_CONTEXT() REPRESENTATION_CONTEXT('2D SPACE',''
  ) );
#7978 = PCURVE('',#3471,#7979);
#7979 = DEFINITIONAL_REPRESENTATION('',(#7980),#7984);
#7980 = LINE('',#7981,#7982);
#7981 = CARTESIAN_POINT('',(0.,-0.746));
#7982 = VECTOR('',#7983,1.);
#7983 = DIRECTION('',(1.,0.));
#7984 = ( GEOMETRIC_REPRESENTATION_CONTEXT(2) 
PARAMETRIC_REPRESENTATION_CONTEXT() REPRESENTATION_CONTEXT('2D SPACE',''
  ) );
#7985 = FACE_BOUND('',#7986,.T.);
#7986 = EDGE_LOOP('',(#7987));
#7987 = ORIENTED_EDGE('',*,*,#7988,.T.);
#7988 = EDGE_CURVE('',#7989,#7989,#7991,.T.);
#7989 = VERTEX_POINT('',#7990);
#7990 = CARTESIAN_POINT('',(48.9853,-81.3092,0.755));
#7991 = SURFACE_CURVE('',#7992,(#7997,#8008),.PCURVE_S1.);
#7992 = CIRCLE('',#7993,0.15);
#7993 = AXIS2_PLACEMENT_3D('',#7994,#7995,#7996);
#7994 = CARTESIAN_POINT('',(48.9853,-81.1592,0.755));
#7995 = DIRECTION('',(0.,-0.,-1.));
#7996 = DIRECTION('',(4.736951571734E-14,-1.,0.));
#7997 = PCURVE('',#73,#7998);
#7998 = DEFINITIONAL_REPRESENTATION('',(#7999),#8007);
#7999 = ( BOUNDED_CURVE() B_SPLINE_CURVE(2,(#8000,#8001,#8002,#8003,
#8004,#8005,#8006),.UNSPECIFIED.,.T.,.F.) B_SPLINE_CURVE_WITH_KNOTS((1,2
    ,2,2,2,1),(-2.094395102393,0.,2.094395102393,4.188790204786,
6.28318530718,8.377580409573),.UNSPECIFIED.) CURVE() 
GEOMETRIC_REPRESENTATION_ITEM() RATIONAL_B_SPLINE_CURVE((1.,0.5,1.,0.5,
1.,0.5,1.)) REPRESENTATION_ITEM('') );
#8000 = CARTESIAN_POINT('',(48.9853,-81.3092));
#8001 = CARTESIAN_POINT('',(48.725492378865,-81.3092));
#8002 = CARTESIAN_POINT('',(48.855396189432,-81.0842));
#8003 = CARTESIAN_POINT('',(48.9853,-80.8592));
#8004 = CARTESIAN_POINT('',(49.115203810568,-81.0842));
#8005 = CARTESIAN_POINT('',(49.245107621135,-81.3092));
#8006 = CARTESIAN_POINT('',(48.9853,-81.3092));
#8007 = ( GEOMETRIC_REPRESENTATION_CONTEXT(2) 
PARAMETRIC_REPRESENTATION_CONTEXT() REPRESENTATION_CONTEXT('2D SPACE',''
  ) );
#8008 = PCURVE('',#3506,#8009);
#8009 = DEFINITIONAL_REPRESENTATION('',(#8010),#8014);
#8010 = LINE('',#8011,#8012);
#8011 = CARTESIAN_POINT('',(0.,-0.746));
#8012 = VECTOR('',#8013,1.);
#8013 = DIRECTION('',(1.,0.));
#8014 = ( GEOMETRIC_REPRESENTATION_CONTEXT(2) 
PARAMETRIC_REPRESENTATION_CONTEXT() REPRESENTATION_CONTEXT('2D SPACE',''
  ) );
#8015 = FACE_BOUND('',#8016,.T.);
#8016 = EDGE_LOOP('',(#8017));
#8017 = ORIENTED_EDGE('',*,*,#8018,.T.);
#8018 = EDGE_CURVE('',#8019,#8019,#8021,.T.);
#8019 = VERTEX_POINT('',#8020);
#8020 = CARTESIAN_POINT('',(48.9853,-78.8093,0.755));
#8021 = SURFACE_CURVE('',#8022,(#8027,#8038),.PCURVE_S1.);
#8022 = CIRCLE('',#8023,0.15);
#8023 = AXIS2_PLACEMENT_3D('',#8024,#8025,#8026);
#8024 = CARTESIAN_POINT('',(48.9853,-78.6593,0.755));
#8025 = DIRECTION('',(0.,-0.,-1.));
#8026 = DIRECTION('',(4.736951571734E-14,-1.,0.));
#8027 = PCURVE('',#73,#8028);
#8028 = DEFINITIONAL_REPRESENTATION('',(#8029),#8037);
#8029 = ( BOUNDED_CURVE() B_SPLINE_CURVE(2,(#8030,#8031,#8032,#8033,
#8034,#8035,#8036),.UNSPECIFIED.,.T.,.F.) B_SPLINE_CURVE_WITH_KNOTS((1,2
    ,2,2,2,1),(-2.094395102393,0.,2.094395102393,4.188790204786,
6.28318530718,8.377580409573),.UNSPECIFIED.) CURVE() 
GEOMETRIC_REPRESENTATION_ITEM() RATIONAL_B_SPLINE_CURVE((1.,0.5,1.,0.5,
1.,0.5,1.)) REPRESENTATION_ITEM('') );
#8030 = CARTESIAN_POINT('',(48.9853,-78.8093));
#8031 = CARTESIAN_POINT('',(48.725492378865,-78.8093));
#8032 = CARTESIAN_POINT('',(48.855396189432,-78.5843));
#8033 = CARTESIAN_POINT('',(48.9853,-78.3593));
#8034 = CARTESIAN_POINT('',(49.115203810568,-78.5843));
#8035 = CARTESIAN_POINT('',(49.245107621135,-78.8093));
#8036 = CARTESIAN_POINT('',(48.9853,-78.8093));
#8037 = ( GEOMETRIC_REPRESENTATION_CONTEXT(2) 
PARAMETRIC_REPRESENTATION_CONTEXT() REPRESENTATION_CONTEXT('2D SPACE',''
  ) );
#8038 = PCURVE('',#3541,#8039);
#8039 = DEFINITIONAL_REPRESENTATION('',(#8040),#8044);
#8040 = LINE('',#8041,#8042);
#8041 = CARTESIAN_POINT('',(0.,-0.746));
#8042 = VECTOR('',#8043,1.);
#8043 = DIRECTION('',(1.,0.));
#8044 = ( GEOMETRIC_REPRESENTATION_CONTEXT(2) 
PARAMETRIC_REPRESENTATION_CONTEXT() REPRESENTATION_CONTEXT('2D SPACE',''
  ) );
#8045 = FACE_BOUND('',#8046,.T.);
#8046 = EDGE_LOOP('',(#8047));
#8047 = ORIENTED_EDGE('',*,*,#8048,.T.);
#8048 = EDGE_CURVE('',#8049,#8049,#8051,.T.);
#8049 = VERTEX_POINT('',#8050);
#8050 = CARTESIAN_POINT('',(51.,-82.15,0.755));
#8051 = SURFACE_CURVE('',#8052,(#8057,#8068),.PCURVE_S1.);
#8052 = CIRCLE('',#8053,0.15);
#8053 = AXIS2_PLACEMENT_3D('',#8054,#8055,#8056);
#8054 = CARTESIAN_POINT('',(51.,-82.,0.755));
#8055 = DIRECTION('',(-0.,-0.,-1.));
#8056 = DIRECTION('',(0.,-1.,0.));
#8057 = PCURVE('',#73,#8058);
#8058 = DEFINITIONAL_REPRESENTATION('',(#8059),#8067);
#8059 = ( BOUNDED_CURVE() B_SPLINE_CURVE(2,(#8060,#8061,#8062,#8063,
#8064,#8065,#8066),.UNSPECIFIED.,.T.,.F.) B_SPLINE_CURVE_WITH_KNOTS((1,2
    ,2,2,2,1),(-2.094395102393,0.,2.094395102393,4.188790204786,
6.28318530718,8.377580409573),.UNSPECIFIED.) CURVE() 
GEOMETRIC_REPRESENTATION_ITEM() RATIONAL_B_SPLINE_CURVE((1.,0.5,1.,0.5,
1.,0.5,1.)) REPRESENTATION_ITEM('') );
#8060 = CARTESIAN_POINT('',(51.,-82.15));
#8061 = CARTESIAN_POINT('',(50.740192378865,-82.15));
#8062 = CARTESIAN_POINT('',(50.870096189432,-81.925));
#8063 = CARTESIAN_POINT('',(51.,-81.7));
#8064 = CARTESIAN_POINT('',(51.129903810568,-81.925));
#8065 = CARTESIAN_POINT('',(51.259807621135,-82.15));
#8066 = CARTESIAN_POINT('',(51.,-82.15));
#8067 = ( GEOMETRIC_REPRESENTATION_CONTEXT(2) 
PARAMETRIC_REPRESENTATION_CONTEXT() REPRESENTATION_CONTEXT('2D SPACE',''
  ) );
#8068 = PCURVE('',#3576,#8069);
#8069 = DEFINITIONAL_REPRESENTATION('',(#8070),#8074);
#8070 = LINE('',#8071,#8072);
#8071 = CARTESIAN_POINT('',(0.,-0.746));
#8072 = VECTOR('',#8073,1.);
#8073 = DIRECTION('',(1.,0.));
#8074 = ( GEOMETRIC_REPRESENTATION_CONTEXT(2) 
PARAMETRIC_REPRESENTATION_CONTEXT() REPRESENTATION_CONTEXT('2D SPACE',''
  ) );
#8075 = FACE_BOUND('',#8076,.T.);
#8076 = EDGE_LOOP('',(#8077));
#8077 = ORIENTED_EDGE('',*,*,#8078,.T.);
#8078 = EDGE_CURVE('',#8079,#8079,#8081,.T.);
#8079 = VERTEX_POINT('',#8080);
#8080 = CARTESIAN_POINT('',(36.9395,-63.2231,0.755));
#8081 = SURFACE_CURVE('',#8082,(#8087,#8098),.PCURVE_S1.);
#8082 = CIRCLE('',#8083,0.15);
#8083 = AXIS2_PLACEMENT_3D('',#8084,#8085,#8086);
#8084 = CARTESIAN_POINT('',(36.9395,-63.0731,0.755));
#8085 = DIRECTION('',(0.,-0.,-1.));
#8086 = DIRECTION('',(4.736951571734E-14,-1.,0.));
#8087 = PCURVE('',#73,#8088);
#8088 = DEFINITIONAL_REPRESENTATION('',(#8089),#8097);
#8089 = ( BOUNDED_CURVE() B_SPLINE_CURVE(2,(#8090,#8091,#8092,#8093,
#8094,#8095,#8096),.UNSPECIFIED.,.T.,.F.) B_SPLINE_CURVE_WITH_KNOTS((1,2
    ,2,2,2,1),(-2.094395102393,0.,2.094395102393,4.188790204786,
6.28318530718,8.377580409573),.UNSPECIFIED.) CURVE() 
GEOMETRIC_REPRESENTATION_ITEM() RATIONAL_B_SPLINE_CURVE((1.,0.5,1.,0.5,
1.,0.5,1.)) REPRESENTATION_ITEM('') );
#8090 = CARTESIAN_POINT('',(36.9395,-63.2231));
#8091 = CARTESIAN_POINT('',(36.679692378865,-63.2231));
#8092 = CARTESIAN_POINT('',(36.809596189432,-62.9981));
#8093 = CARTESIAN_POINT('',(36.9395,-62.7731));
#8094 = CARTESIAN_POINT('',(37.069403810568,-62.9981));
#8095 = CARTESIAN_POINT('',(37.199307621135,-63.2231));
#8096 = CARTESIAN_POINT('',(36.9395,-63.2231));
#8097 = ( GEOMETRIC_REPRESENTATION_CONTEXT(2) 
PARAMETRIC_REPRESENTATION_CONTEXT() REPRESENTATION_CONTEXT('2D SPACE',''
  ) );
#8098 = PCURVE('',#3611,#8099);
#8099 = DEFINITIONAL_REPRESENTATION('',(#8100),#8104);
#8100 = LINE('',#8101,#8102);
#8101 = CARTESIAN_POINT('',(0.,-0.746));
#8102 = VECTOR('',#8103,1.);
#8103 = DIRECTION('',(1.,0.));
#8104 = ( GEOMETRIC_REPRESENTATION_CONTEXT(2) 
PARAMETRIC_REPRESENTATION_CONTEXT() REPRESENTATION_CONTEXT('2D SPACE',''
  ) );
#8105 = FACE_BOUND('',#8106,.T.);
#8106 = EDGE_LOOP('',(#8107));
#8107 = ORIENTED_EDGE('',*,*,#8108,.T.);
#8108 = EDGE_CURVE('',#8109,#8109,#8111,.T.);
#8109 = VERTEX_POINT('',#8110);
#8110 = CARTESIAN_POINT('',(39.3455,-64.15,0.755));
#8111 = SURFACE_CURVE('',#8112,(#8117,#8128),.PCURVE_S1.);
#8112 = CIRCLE('',#8113,0.15);
#8113 = AXIS2_PLACEMENT_3D('',#8114,#8115,#8116);
#8114 = CARTESIAN_POINT('',(39.3455,-64.,0.755));
#8115 = DIRECTION('',(-0.,-0.,-1.));
#8116 = DIRECTION('',(0.,-1.,0.));
#8117 = PCURVE('',#73,#8118);
#8118 = DEFINITIONAL_REPRESENTATION('',(#8119),#8127);
#8119 = ( BOUNDED_CURVE() B_SPLINE_CURVE(2,(#8120,#8121,#8122,#8123,
#8124,#8125,#8126),.UNSPECIFIED.,.T.,.F.) B_SPLINE_CURVE_WITH_KNOTS((1,2
    ,2,2,2,1),(-2.094395102393,0.,2.094395102393,4.188790204786,
6.28318530718,8.377580409573),.UNSPECIFIED.) CURVE() 
GEOMETRIC_REPRESENTATION_ITEM() RATIONAL_B_SPLINE_CURVE((1.,0.5,1.,0.5,
1.,0.5,1.)) REPRESENTATION_ITEM('') );
#8120 = CARTESIAN_POINT('',(39.3455,-64.15));
#8121 = CARTESIAN_POINT('',(39.085692378865,-64.15));
#8122 = CARTESIAN_POINT('',(39.215596189432,-63.925));
#8123 = CARTESIAN_POINT('',(39.3455,-63.7));
#8124 = CARTESIAN_POINT('',(39.475403810568,-63.925));
#8125 = CARTESIAN_POINT('',(39.605307621135,-64.15));
#8126 = CARTESIAN_POINT('',(39.3455,-64.15));
#8127 = ( GEOMETRIC_REPRESENTATION_CONTEXT(2) 
PARAMETRIC_REPRESENTATION_CONTEXT() REPRESENTATION_CONTEXT('2D SPACE',''
  ) );
#8128 = PCURVE('',#3646,#8129);
#8129 = DEFINITIONAL_REPRESENTATION('',(#8130),#8134);
#8130 = LINE('',#8131,#8132);
#8131 = CARTESIAN_POINT('',(0.,-0.746));
#8132 = VECTOR('',#8133,1.);
#8133 = DIRECTION('',(1.,0.));
#8134 = ( GEOMETRIC_REPRESENTATION_CONTEXT(2) 
PARAMETRIC_REPRESENTATION_CONTEXT() REPRESENTATION_CONTEXT('2D SPACE',''
  ) );
#8135 = FACE_BOUND('',#8136,.T.);
#8136 = EDGE_LOOP('',(#8137));
#8137 = ORIENTED_EDGE('',*,*,#8138,.T.);
#8138 = EDGE_CURVE('',#8139,#8139,#8141,.T.);
#8139 = VERTEX_POINT('',#8140);
#8140 = CARTESIAN_POINT('',(48.8377,-71.694,0.755));
#8141 = SURFACE_CURVE('',#8142,(#8147,#8158),.PCURVE_S1.);
#8142 = CIRCLE('',#8143,0.15);
#8143 = AXIS2_PLACEMENT_3D('',#8144,#8145,#8146);
#8144 = CARTESIAN_POINT('',(48.8377,-71.544,0.755));
#8145 = DIRECTION('',(-0.,-0.,-1.));
#8146 = DIRECTION('',(0.,-1.,0.));
#8147 = PCURVE('',#73,#8148);
#8148 = DEFINITIONAL_REPRESENTATION('',(#8149),#8157);
#8149 = ( BOUNDED_CURVE() B_SPLINE_CURVE(2,(#8150,#8151,#8152,#8153,
#8154,#8155,#8156),.UNSPECIFIED.,.T.,.F.) B_SPLINE_CURVE_WITH_KNOTS((1,2
    ,2,2,2,1),(-2.094395102393,0.,2.094395102393,4.188790204786,
6.28318530718,8.377580409573),.UNSPECIFIED.) CURVE() 
GEOMETRIC_REPRESENTATION_ITEM() RATIONAL_B_SPLINE_CURVE((1.,0.5,1.,0.5,
1.,0.5,1.)) REPRESENTATION_ITEM('') );
#8150 = CARTESIAN_POINT('',(48.8377,-71.694));
#8151 = CARTESIAN_POINT('',(48.577892378865,-71.694));
#8152 = CARTESIAN_POINT('',(48.707796189432,-71.469));
#8153 = CARTESIAN_POINT('',(48.8377,-71.244));
#8154 = CARTESIAN_POINT('',(48.967603810568,-71.469));
#8155 = CARTESIAN_POINT('',(49.097507621135,-71.694));
#8156 = CARTESIAN_POINT('',(48.8377,-71.694));
#8157 = ( GEOMETRIC_REPRESENTATION_CONTEXT(2) 
PARAMETRIC_REPRESENTATION_CONTEXT() REPRESENTATION_CONTEXT('2D SPACE',''
  ) );
#8158 = PCURVE('',#3681,#8159);
#8159 = DEFINITIONAL_REPRESENTATION('',(#8160),#8164);
#8160 = LINE('',#8161,#8162);
#8161 = CARTESIAN_POINT('',(0.,-0.746));
#8162 = VECTOR('',#8163,1.);
#8163 = DIRECTION('',(1.,0.));
#8164 = ( GEOMETRIC_REPRESENTATION_CONTEXT(2) 
PARAMETRIC_REPRESENTATION_CONTEXT() REPRESENTATION_CONTEXT('2D SPACE',''
  ) );
#8165 = FACE_BOUND('',#8166,.T.);
#8166 = EDGE_LOOP('',(#8167));
#8167 = ORIENTED_EDGE('',*,*,#8168,.T.);
#8168 = EDGE_CURVE('',#8169,#8169,#8171,.T.);
#8169 = VERTEX_POINT('',#8170);
#8170 = CARTESIAN_POINT('',(48.1359,-67.9869,0.755));
#8171 = SURFACE_CURVE('',#8172,(#8177,#8188),.PCURVE_S1.);
#8172 = CIRCLE('',#8173,0.15);
#8173 = AXIS2_PLACEMENT_3D('',#8174,#8175,#8176);
#8174 = CARTESIAN_POINT('',(48.1359,-67.8369,0.755));
#8175 = DIRECTION('',(-0.,-0.,-1.));
#8176 = DIRECTION('',(0.,-1.,0.));
#8177 = PCURVE('',#73,#8178);
#8178 = DEFINITIONAL_REPRESENTATION('',(#8179),#8187);
#8179 = ( BOUNDED_CURVE() B_SPLINE_CURVE(2,(#8180,#8181,#8182,#8183,
#8184,#8185,#8186),.UNSPECIFIED.,.T.,.F.) B_SPLINE_CURVE_WITH_KNOTS((1,2
    ,2,2,2,1),(-2.094395102393,0.,2.094395102393,4.188790204786,
6.28318530718,8.377580409573),.UNSPECIFIED.) CURVE() 
GEOMETRIC_REPRESENTATION_ITEM() RATIONAL_B_SPLINE_CURVE((1.,0.5,1.,0.5,
1.,0.5,1.)) REPRESENTATION_ITEM('') );
#8180 = CARTESIAN_POINT('',(48.1359,-67.9869));
#8181 = CARTESIAN_POINT('',(47.876092378865,-67.9869));
#8182 = CARTESIAN_POINT('',(48.005996189432,-67.7619));
#8183 = CARTESIAN_POINT('',(48.1359,-67.5369));
#8184 = CARTESIAN_POINT('',(48.265803810568,-67.7619));
#8185 = CARTESIAN_POINT('',(48.395707621135,-67.9869));
#8186 = CARTESIAN_POINT('',(48.1359,-67.9869));
#8187 = ( GEOMETRIC_REPRESENTATION_CONTEXT(2) 
PARAMETRIC_REPRESENTATION_CONTEXT() REPRESENTATION_CONTEXT('2D SPACE',''
  ) );
#8188 = PCURVE('',#3716,#8189);
#8189 = DEFINITIONAL_REPRESENTATION('',(#8190),#8194);
#8190 = LINE('',#8191,#8192);
#8191 = CARTESIAN_POINT('',(0.,-0.746));
#8192 = VECTOR('',#8193,1.);
#8193 = DIRECTION('',(1.,0.));
#8194 = ( GEOMETRIC_REPRESENTATION_CONTEXT(2) 
PARAMETRIC_REPRESENTATION_CONTEXT() REPRESENTATION_CONTEXT('2D SPACE',''
  ) );
#8195 = FACE_BOUND('',#8196,.T.);
#8196 = EDGE_LOOP('',(#8197));
#8197 = ORIENTED_EDGE('',*,*,#8198,.T.);
#8198 = EDGE_CURVE('',#8199,#8199,#8201,.T.);
#8199 = VERTEX_POINT('',#8200);
#8200 = CARTESIAN_POINT('',(48.1359,-64.4474,0.755));
#8201 = SURFACE_CURVE('',#8202,(#8207,#8218),.PCURVE_S1.);
#8202 = CIRCLE('',#8203,0.15);
#8203 = AXIS2_PLACEMENT_3D('',#8204,#8205,#8206);
#8204 = CARTESIAN_POINT('',(48.1359,-64.2974,0.755));
#8205 = DIRECTION('',(-0.,-0.,-1.));
#8206 = DIRECTION('',(0.,-1.,0.));
#8207 = PCURVE('',#73,#8208);
#8208 = DEFINITIONAL_REPRESENTATION('',(#8209),#8217);
#8209 = ( BOUNDED_CURVE() B_SPLINE_CURVE(2,(#8210,#8211,#8212,#8213,
#8214,#8215,#8216),.UNSPECIFIED.,.T.,.F.) B_SPLINE_CURVE_WITH_KNOTS((1,2
    ,2,2,2,1),(-2.094395102393,0.,2.094395102393,4.188790204786,
6.28318530718,8.377580409573),.UNSPECIFIED.) CURVE() 
GEOMETRIC_REPRESENTATION_ITEM() RATIONAL_B_SPLINE_CURVE((1.,0.5,1.,0.5,
1.,0.5,1.)) REPRESENTATION_ITEM('') );
#8210 = CARTESIAN_POINT('',(48.1359,-64.4474));
#8211 = CARTESIAN_POINT('',(47.876092378865,-64.4474));
#8212 = CARTESIAN_POINT('',(48.005996189432,-64.2224));
#8213 = CARTESIAN_POINT('',(48.1359,-63.9974));
#8214 = CARTESIAN_POINT('',(48.265803810568,-64.2224));
#8215 = CARTESIAN_POINT('',(48.395707621135,-64.4474));
#8216 = CARTESIAN_POINT('',(48.1359,-64.4474));
#8217 = ( GEOMETRIC_REPRESENTATION_CONTEXT(2) 
PARAMETRIC_REPRESENTATION_CONTEXT() REPRESENTATION_CONTEXT('2D SPACE',''
  ) );
#8218 = PCURVE('',#3751,#8219);
#8219 = DEFINITIONAL_REPRESENTATION('',(#8220),#8224);
#8220 = LINE('',#8221,#8222);
#8221 = CARTESIAN_POINT('',(0.,-0.746));
#8222 = VECTOR('',#8223,1.);
#8223 = DIRECTION('',(1.,0.));
#8224 = ( GEOMETRIC_REPRESENTATION_CONTEXT(2) 
PARAMETRIC_REPRESENTATION_CONTEXT() REPRESENTATION_CONTEXT('2D SPACE',''
  ) );
#8225 = FACE_BOUND('',#8226,.T.);
#8226 = EDGE_LOOP('',(#8227));
#8227 = ORIENTED_EDGE('',*,*,#8228,.T.);
#8228 = EDGE_CURVE('',#8229,#8229,#8231,.T.);
#8229 = VERTEX_POINT('',#8230);
#8230 = CARTESIAN_POINT('',(48.3884,-61.51,0.755));
#8231 = SURFACE_CURVE('',#8232,(#8237,#8248),.PCURVE_S1.);
#8232 = CIRCLE('',#8233,0.15);
#8233 = AXIS2_PLACEMENT_3D('',#8234,#8235,#8236);
#8234 = CARTESIAN_POINT('',(48.3884,-61.36,0.755));
#8235 = DIRECTION('',(-0.,0.,-1.));
#8236 = DIRECTION('',(-4.736951571734E-14,-1.,0.));
#8237 = PCURVE('',#73,#8238);
#8238 = DEFINITIONAL_REPRESENTATION('',(#8239),#8247);
#8239 = ( BOUNDED_CURVE() B_SPLINE_CURVE(2,(#8240,#8241,#8242,#8243,
#8244,#8245,#8246),.UNSPECIFIED.,.T.,.F.) B_SPLINE_CURVE_WITH_KNOTS((1,2
    ,2,2,2,1),(-2.094395102393,0.,2.094395102393,4.188790204786,
6.28318530718,8.377580409573),.UNSPECIFIED.) CURVE() 
GEOMETRIC_REPRESENTATION_ITEM() RATIONAL_B_SPLINE_CURVE((1.,0.5,1.,0.5,
1.,0.5,1.)) REPRESENTATION_ITEM('') );
#8240 = CARTESIAN_POINT('',(48.3884,-61.51));
#8241 = CARTESIAN_POINT('',(48.128592378865,-61.51));
#8242 = CARTESIAN_POINT('',(48.258496189432,-61.285));
#8243 = CARTESIAN_POINT('',(48.3884,-61.06));
#8244 = CARTESIAN_POINT('',(48.518303810568,-61.285));
#8245 = CARTESIAN_POINT('',(48.648207621135,-61.51));
#8246 = CARTESIAN_POINT('',(48.3884,-61.51));
#8247 = ( GEOMETRIC_REPRESENTATION_CONTEXT(2) 
PARAMETRIC_REPRESENTATION_CONTEXT() REPRESENTATION_CONTEXT('2D SPACE',''
  ) );
#8248 = PCURVE('',#3786,#8249);
#8249 = DEFINITIONAL_REPRESENTATION('',(#8250),#8254);
#8250 = LINE('',#8251,#8252);
#8251 = CARTESIAN_POINT('',(0.,-0.746));
#8252 = VECTOR('',#8253,1.);
#8253 = DIRECTION('',(1.,0.));
#8254 = ( GEOMETRIC_REPRESENTATION_CONTEXT(2) 
PARAMETRIC_REPRESENTATION_CONTEXT() REPRESENTATION_CONTEXT('2D SPACE',''
  ) );
#8255 = FACE_BOUND('',#8256,.T.);
#8256 = EDGE_LOOP('',(#8257));
#8257 = ORIENTED_EDGE('',*,*,#8258,.T.);
#8258 = EDGE_CURVE('',#8259,#8259,#8261,.T.);
#8259 = VERTEX_POINT('',#8260);
#8260 = CARTESIAN_POINT('',(14.0495,-53.8229,0.755));
#8261 = SURFACE_CURVE('',#8262,(#8267,#8278),.PCURVE_S1.);
#8262 = CIRCLE('',#8263,0.15);
#8263 = AXIS2_PLACEMENT_3D('',#8264,#8265,#8266);
#8264 = CARTESIAN_POINT('',(14.0495,-53.6729,0.755));
#8265 = DIRECTION('',(-0.,-0.,-1.));
#8266 = DIRECTION('',(0.,-1.,0.));
#8267 = PCURVE('',#73,#8268);
#8268 = DEFINITIONAL_REPRESENTATION('',(#8269),#8277);
#8269 = ( BOUNDED_CURVE() B_SPLINE_CURVE(2,(#8270,#8271,#8272,#8273,
#8274,#8275,#8276),.UNSPECIFIED.,.T.,.F.) B_SPLINE_CURVE_WITH_KNOTS((1,2
    ,2,2,2,1),(-2.094395102393,0.,2.094395102393,4.188790204786,
6.28318530718,8.377580409573),.UNSPECIFIED.) CURVE() 
GEOMETRIC_REPRESENTATION_ITEM() RATIONAL_B_SPLINE_CURVE((1.,0.5,1.,0.5,
1.,0.5,1.)) REPRESENTATION_ITEM('') );
#8270 = CARTESIAN_POINT('',(14.0495,-53.8229));
#8271 = CARTESIAN_POINT('',(13.789692378865,-53.8229));
#8272 = CARTESIAN_POINT('',(13.919596189432,-53.5979));
#8273 = CARTESIAN_POINT('',(14.0495,-53.3729));
#8274 = CARTESIAN_POINT('',(14.179403810568,-53.5979));
#8275 = CARTESIAN_POINT('',(14.309307621135,-53.8229));
#8276 = CARTESIAN_POINT('',(14.0495,-53.8229));
#8277 = ( GEOMETRIC_REPRESENTATION_CONTEXT(2) 
PARAMETRIC_REPRESENTATION_CONTEXT() REPRESENTATION_CONTEXT('2D SPACE',''
  ) );
#8278 = PCURVE('',#3821,#8279);
#8279 = DEFINITIONAL_REPRESENTATION('',(#8280),#8284);
#8280 = LINE('',#8281,#8282);
#8281 = CARTESIAN_POINT('',(0.,-0.746));
#8282 = VECTOR('',#8283,1.);
#8283 = DIRECTION('',(1.,0.));
#8284 = ( GEOMETRIC_REPRESENTATION_CONTEXT(2) 
PARAMETRIC_REPRESENTATION_CONTEXT() REPRESENTATION_CONTEXT('2D SPACE',''
  ) );
#8285 = FACE_BOUND('',#8286,.T.);
#8286 = EDGE_LOOP('',(#8287));
#8287 = ORIENTED_EDGE('',*,*,#8288,.T.);
#8288 = EDGE_CURVE('',#8289,#8289,#8291,.T.);
#8289 = VERTEX_POINT('',#8290);
#8290 = CARTESIAN_POINT('',(16.4318,-51.7874,0.755));
#8291 = SURFACE_CURVE('',#8292,(#8297,#8308),.PCURVE_S1.);
#8292 = CIRCLE('',#8293,0.15);
#8293 = AXIS2_PLACEMENT_3D('',#8294,#8295,#8296);
#8294 = CARTESIAN_POINT('',(16.4318,-51.6374,0.755));
#8295 = DIRECTION('',(-0.,0.,-1.));
#8296 = DIRECTION('',(-2.368475785867E-14,-1.,0.));
#8297 = PCURVE('',#73,#8298);
#8298 = DEFINITIONAL_REPRESENTATION('',(#8299),#8307);
#8299 = ( BOUNDED_CURVE() B_SPLINE_CURVE(2,(#8300,#8301,#8302,#8303,
#8304,#8305,#8306),.UNSPECIFIED.,.T.,.F.) B_SPLINE_CURVE_WITH_KNOTS((1,2
    ,2,2,2,1),(-2.094395102393,0.,2.094395102393,4.188790204786,
6.28318530718,8.377580409573),.UNSPECIFIED.) CURVE() 
GEOMETRIC_REPRESENTATION_ITEM() RATIONAL_B_SPLINE_CURVE((1.,0.5,1.,0.5,
1.,0.5,1.)) REPRESENTATION_ITEM('') );
#8300 = CARTESIAN_POINT('',(16.4318,-51.7874));
#8301 = CARTESIAN_POINT('',(16.171992378865,-51.7874));
#8302 = CARTESIAN_POINT('',(16.301896189432,-51.5624));
#8303 = CARTESIAN_POINT('',(16.4318,-51.3374));
#8304 = CARTESIAN_POINT('',(16.561703810568,-51.5624));
#8305 = CARTESIAN_POINT('',(16.691607621135,-51.7874));
#8306 = CARTESIAN_POINT('',(16.4318,-51.7874));
#8307 = ( GEOMETRIC_REPRESENTATION_CONTEXT(2) 
PARAMETRIC_REPRESENTATION_CONTEXT() REPRESENTATION_CONTEXT('2D SPACE',''
  ) );
#8308 = PCURVE('',#3856,#8309);
#8309 = DEFINITIONAL_REPRESENTATION('',(#8310),#8314);
#8310 = LINE('',#8311,#8312);
#8311 = CARTESIAN_POINT('',(0.,-0.746));
#8312 = VECTOR('',#8313,1.);
#8313 = DIRECTION('',(1.,0.));
#8314 = ( GEOMETRIC_REPRESENTATION_CONTEXT(2) 
PARAMETRIC_REPRESENTATION_CONTEXT() REPRESENTATION_CONTEXT('2D SPACE',''
  ) );
#8315 = FACE_BOUND('',#8316,.T.);
#8316 = EDGE_LOOP('',(#8317));
#8317 = ORIENTED_EDGE('',*,*,#8318,.T.);
#8318 = EDGE_CURVE('',#8319,#8319,#8321,.T.);
#8319 = VERTEX_POINT('',#8320);
#8320 = CARTESIAN_POINT('',(10.8348,-46.0223,0.755));
#8321 = SURFACE_CURVE('',#8322,(#8327,#8338),.PCURVE_S1.);
#8322 = CIRCLE('',#8323,0.15);
#8323 = AXIS2_PLACEMENT_3D('',#8324,#8325,#8326);
#8324 = CARTESIAN_POINT('',(10.8348,-45.8723,0.755));
#8325 = DIRECTION('',(-0.,-0.,-1.));
#8326 = DIRECTION('',(0.,-1.,0.));
#8327 = PCURVE('',#73,#8328);
#8328 = DEFINITIONAL_REPRESENTATION('',(#8329),#8337);
#8329 = ( BOUNDED_CURVE() B_SPLINE_CURVE(2,(#8330,#8331,#8332,#8333,
#8334,#8335,#8336),.UNSPECIFIED.,.T.,.F.) B_SPLINE_CURVE_WITH_KNOTS((1,2
    ,2,2,2,1),(-2.094395102393,0.,2.094395102393,4.188790204786,
6.28318530718,8.377580409573),.UNSPECIFIED.) CURVE() 
GEOMETRIC_REPRESENTATION_ITEM() RATIONAL_B_SPLINE_CURVE((1.,0.5,1.,0.5,
1.,0.5,1.)) REPRESENTATION_ITEM('') );
#8330 = CARTESIAN_POINT('',(10.8348,-46.0223));
#8331 = CARTESIAN_POINT('',(10.574992378865,-46.0223));
#8332 = CARTESIAN_POINT('',(10.704896189432,-45.7973));
#8333 = CARTESIAN_POINT('',(10.8348,-45.5723));
#8334 = CARTESIAN_POINT('',(10.964703810568,-45.7973));
#8335 = CARTESIAN_POINT('',(11.094607621135,-46.0223));
#8336 = CARTESIAN_POINT('',(10.8348,-46.0223));
#8337 = ( GEOMETRIC_REPRESENTATION_CONTEXT(2) 
PARAMETRIC_REPRESENTATION_CONTEXT() REPRESENTATION_CONTEXT('2D SPACE',''
  ) );
#8338 = PCURVE('',#3891,#8339);
#8339 = DEFINITIONAL_REPRESENTATION('',(#8340),#8344);
#8340 = LINE('',#8341,#8342);
#8341 = CARTESIAN_POINT('',(0.,-0.746));
#8342 = VECTOR('',#8343,1.);
#8343 = DIRECTION('',(1.,0.));
#8344 = ( GEOMETRIC_REPRESENTATION_CONTEXT(2) 
PARAMETRIC_REPRESENTATION_CONTEXT() REPRESENTATION_CONTEXT('2D SPACE',''
  ) );
#8345 = FACE_BOUND('',#8346,.T.);
#8346 = EDGE_LOOP('',(#8347));
#8347 = ORIENTED_EDGE('',*,*,#8348,.T.);
#8348 = EDGE_CURVE('',#8349,#8349,#8351,.T.);
#8349 = VERTEX_POINT('',#8350);
#8350 = CARTESIAN_POINT('',(38.1893,-54.4156,0.755));
#8351 = SURFACE_CURVE('',#8352,(#8357,#8368),.PCURVE_S1.);
#8352 = CIRCLE('',#8353,0.15);
#8353 = AXIS2_PLACEMENT_3D('',#8354,#8355,#8356);
#8354 = CARTESIAN_POINT('',(38.1893,-54.2656,0.755));
#8355 = DIRECTION('',(-0.,-0.,-1.));
#8356 = DIRECTION('',(0.,-1.,0.));
#8357 = PCURVE('',#73,#8358);
#8358 = DEFINITIONAL_REPRESENTATION('',(#8359),#8367);
#8359 = ( BOUNDED_CURVE() B_SPLINE_CURVE(2,(#8360,#8361,#8362,#8363,
#8364,#8365,#8366),.UNSPECIFIED.,.T.,.F.) B_SPLINE_CURVE_WITH_KNOTS((1,2
    ,2,2,2,1),(-2.094395102393,0.,2.094395102393,4.188790204786,
6.28318530718,8.377580409573),.UNSPECIFIED.) CURVE() 
GEOMETRIC_REPRESENTATION_ITEM() RATIONAL_B_SPLINE_CURVE((1.,0.5,1.,0.5,
1.,0.5,1.)) REPRESENTATION_ITEM('') );
#8360 = CARTESIAN_POINT('',(38.1893,-54.4156));
#8361 = CARTESIAN_POINT('',(37.929492378865,-54.4156));
#8362 = CARTESIAN_POINT('',(38.059396189432,-54.1906));
#8363 = CARTESIAN_POINT('',(38.1893,-53.9656));
#8364 = CARTESIAN_POINT('',(38.319203810568,-54.1906));
#8365 = CARTESIAN_POINT('',(38.449107621135,-54.4156));
#8366 = CARTESIAN_POINT('',(38.1893,-54.4156));
#8367 = ( GEOMETRIC_REPRESENTATION_CONTEXT(2) 
PARAMETRIC_REPRESENTATION_CONTEXT() REPRESENTATION_CONTEXT('2D SPACE',''
  ) );
#8368 = PCURVE('',#3926,#8369);
#8369 = DEFINITIONAL_REPRESENTATION('',(#8370),#8374);
#8370 = LINE('',#8371,#8372);
#8371 = CARTESIAN_POINT('',(0.,-0.746));
#8372 = VECTOR('',#8373,1.);
#8373 = DIRECTION('',(1.,0.));
#8374 = ( GEOMETRIC_REPRESENTATION_CONTEXT(2) 
PARAMETRIC_REPRESENTATION_CONTEXT() REPRESENTATION_CONTEXT('2D SPACE',''
  ) );
#8375 = FACE_BOUND('',#8376,.T.);
#8376 = EDGE_LOOP('',(#8377));
#8377 = ORIENTED_EDGE('',*,*,#8378,.T.);
#8378 = EDGE_CURVE('',#8379,#8379,#8381,.T.);
#8379 = VERTEX_POINT('',#8380);
#8380 = CARTESIAN_POINT('',(34.3262,-45.3138,0.755));
#8381 = SURFACE_CURVE('',#8382,(#8387,#8398),.PCURVE_S1.);
#8382 = CIRCLE('',#8383,0.15);
#8383 = AXIS2_PLACEMENT_3D('',#8384,#8385,#8386);
#8384 = CARTESIAN_POINT('',(34.3262,-45.1638,0.755));
#8385 = DIRECTION('',(-0.,-0.,-1.));
#8386 = DIRECTION('',(0.,-1.,0.));
#8387 = PCURVE('',#73,#8388);
#8388 = DEFINITIONAL_REPRESENTATION('',(#8389),#8397);
#8389 = ( BOUNDED_CURVE() B_SPLINE_CURVE(2,(#8390,#8391,#8392,#8393,
#8394,#8395,#8396),.UNSPECIFIED.,.T.,.F.) B_SPLINE_CURVE_WITH_KNOTS((1,2
    ,2,2,2,1),(-2.094395102393,0.,2.094395102393,4.188790204786,
6.28318530718,8.377580409573),.UNSPECIFIED.) CURVE() 
GEOMETRIC_REPRESENTATION_ITEM() RATIONAL_B_SPLINE_CURVE((1.,0.5,1.,0.5,
1.,0.5,1.)) REPRESENTATION_ITEM('') );
#8390 = CARTESIAN_POINT('',(34.3262,-45.3138));
#8391 = CARTESIAN_POINT('',(34.066392378865,-45.3138));
#8392 = CARTESIAN_POINT('',(34.196296189432,-45.0888));
#8393 = CARTESIAN_POINT('',(34.3262,-44.8638));
#8394 = CARTESIAN_POINT('',(34.456103810568,-45.0888));
#8395 = CARTESIAN_POINT('',(34.586007621135,-45.3138));
#8396 = CARTESIAN_POINT('',(34.3262,-45.3138));
#8397 = ( GEOMETRIC_REPRESENTATION_CONTEXT(2) 
PARAMETRIC_REPRESENTATION_CONTEXT() REPRESENTATION_CONTEXT('2D SPACE',''
  ) );
#8398 = PCURVE('',#3961,#8399);
#8399 = DEFINITIONAL_REPRESENTATION('',(#8400),#8404);
#8400 = LINE('',#8401,#8402);
#8401 = CARTESIAN_POINT('',(0.,-0.746));
#8402 = VECTOR('',#8403,1.);
#8403 = DIRECTION('',(1.,0.));
#8404 = ( GEOMETRIC_REPRESENTATION_CONTEXT(2) 
PARAMETRIC_REPRESENTATION_CONTEXT() REPRESENTATION_CONTEXT('2D SPACE',''
  ) );
#8405 = FACE_BOUND('',#8406,.T.);
#8406 = EDGE_LOOP('',(#8407));
#8407 = ORIENTED_EDGE('',*,*,#8408,.T.);
#8408 = EDGE_CURVE('',#8409,#8409,#8411,.T.);
#8409 = VERTEX_POINT('',#8410);
#8410 = CARTESIAN_POINT('',(33.4854,-39.7146,0.755));
#8411 = SURFACE_CURVE('',#8412,(#8417,#8428),.PCURVE_S1.);
#8412 = CIRCLE('',#8413,0.15);
#8413 = AXIS2_PLACEMENT_3D('',#8414,#8415,#8416);
#8414 = CARTESIAN_POINT('',(33.4854,-39.5646,0.755));
#8415 = DIRECTION('',(-0.,-0.,-1.));
#8416 = DIRECTION('',(0.,-1.,0.));
#8417 = PCURVE('',#73,#8418);
#8418 = DEFINITIONAL_REPRESENTATION('',(#8419),#8427);
#8419 = ( BOUNDED_CURVE() B_SPLINE_CURVE(2,(#8420,#8421,#8422,#8423,
#8424,#8425,#8426),.UNSPECIFIED.,.T.,.F.) B_SPLINE_CURVE_WITH_KNOTS((1,2
    ,2,2,2,1),(-2.094395102393,0.,2.094395102393,4.188790204786,
6.28318530718,8.377580409573),.UNSPECIFIED.) CURVE() 
GEOMETRIC_REPRESENTATION_ITEM() RATIONAL_B_SPLINE_CURVE((1.,0.5,1.,0.5,
1.,0.5,1.)) REPRESENTATION_ITEM('') );
#8420 = CARTESIAN_POINT('',(33.4854,-39.7146));
#8421 = CARTESIAN_POINT('',(33.225592378865,-39.7146));
#8422 = CARTESIAN_POINT('',(33.355496189432,-39.4896));
#8423 = CARTESIAN_POINT('',(33.4854,-39.2646));
#8424 = CARTESIAN_POINT('',(33.615303810568,-39.4896));
#8425 = CARTESIAN_POINT('',(33.745207621135,-39.7146));
#8426 = CARTESIAN_POINT('',(33.4854,-39.7146));
#8427 = ( GEOMETRIC_REPRESENTATION_CONTEXT(2) 
PARAMETRIC_REPRESENTATION_CONTEXT() REPRESENTATION_CONTEXT('2D SPACE',''
  ) );
#8428 = PCURVE('',#3996,#8429);
#8429 = DEFINITIONAL_REPRESENTATION('',(#8430),#8434);
#8430 = LINE('',#8431,#8432);
#8431 = CARTESIAN_POINT('',(0.,-0.746));
#8432 = VECTOR('',#8433,1.);
#8433 = DIRECTION('',(1.,0.));
#8434 = ( GEOMETRIC_REPRESENTATION_CONTEXT(2) 
PARAMETRIC_REPRESENTATION_CONTEXT() REPRESENTATION_CONTEXT('2D SPACE',''
  ) );
#8435 = FACE_BOUND('',#8436,.T.);
#8436 = EDGE_LOOP('',(#8437));
#8437 = ORIENTED_EDGE('',*,*,#8438,.T.);
#8438 = EDGE_CURVE('',#8439,#8439,#8441,.T.);
#8439 = VERTEX_POINT('',#8440);
#8440 = CARTESIAN_POINT('',(40.2125,-42.1377,0.755));
#8441 = SURFACE_CURVE('',#8442,(#8447,#8458),.PCURVE_S1.);
#8442 = CIRCLE('',#8443,0.15);
#8443 = AXIS2_PLACEMENT_3D('',#8444,#8445,#8446);
#8444 = CARTESIAN_POINT('',(40.2125,-41.9877,0.755));
#8445 = DIRECTION('',(-0.,-0.,-1.));
#8446 = DIRECTION('',(0.,-1.,0.));
#8447 = PCURVE('',#73,#8448);
#8448 = DEFINITIONAL_REPRESENTATION('',(#8449),#8457);
#8449 = ( BOUNDED_CURVE() B_SPLINE_CURVE(2,(#8450,#8451,#8452,#8453,
#8454,#8455,#8456),.UNSPECIFIED.,.T.,.F.) B_SPLINE_CURVE_WITH_KNOTS((1,2
    ,2,2,2,1),(-2.094395102393,0.,2.094395102393,4.188790204786,
6.28318530718,8.377580409573),.UNSPECIFIED.) CURVE() 
GEOMETRIC_REPRESENTATION_ITEM() RATIONAL_B_SPLINE_CURVE((1.,0.5,1.,0.5,
1.,0.5,1.)) REPRESENTATION_ITEM('') );
#8450 = CARTESIAN_POINT('',(40.2125,-42.1377));
#8451 = CARTESIAN_POINT('',(39.952692378865,-42.1377));
#8452 = CARTESIAN_POINT('',(40.082596189432,-41.9127));
#8453 = CARTESIAN_POINT('',(40.2125,-41.6877));
#8454 = CARTESIAN_POINT('',(40.342403810568,-41.9127));
#8455 = CARTESIAN_POINT('',(40.472307621135,-42.1377));
#8456 = CARTESIAN_POINT('',(40.2125,-42.1377));
#8457 = ( GEOMETRIC_REPRESENTATION_CONTEXT(2) 
PARAMETRIC_REPRESENTATION_CONTEXT() REPRESENTATION_CONTEXT('2D SPACE',''
  ) );
#8458 = PCURVE('',#4031,#8459);
#8459 = DEFINITIONAL_REPRESENTATION('',(#8460),#8464);
#8460 = LINE('',#8461,#8462);
#8461 = CARTESIAN_POINT('',(0.,-0.746));
#8462 = VECTOR('',#8463,1.);
#8463 = DIRECTION('',(1.,0.));
#8464 = ( GEOMETRIC_REPRESENTATION_CONTEXT(2) 
PARAMETRIC_REPRESENTATION_CONTEXT() REPRESENTATION_CONTEXT('2D SPACE',''
  ) );
#8465 = FACE_BOUND('',#8466,.T.);
#8466 = EDGE_LOOP('',(#8467));
#8467 = ORIENTED_EDGE('',*,*,#8468,.T.);
#8468 = EDGE_CURVE('',#8469,#8469,#8471,.T.);
#8469 = VERTEX_POINT('',#8470);
#8470 = CARTESIAN_POINT('',(48.7837,-51.85,0.755));
#8471 = SURFACE_CURVE('',#8472,(#8477,#8488),.PCURVE_S1.);
#8472 = CIRCLE('',#8473,0.15);
#8473 = AXIS2_PLACEMENT_3D('',#8474,#8475,#8476);
#8474 = CARTESIAN_POINT('',(48.7837,-51.7,0.755));
#8475 = DIRECTION('',(0.,-0.,-1.));
#8476 = DIRECTION('',(4.736951571734E-14,-1.,0.));
#8477 = PCURVE('',#73,#8478);
#8478 = DEFINITIONAL_REPRESENTATION('',(#8479),#8487);
#8479 = ( BOUNDED_CURVE() B_SPLINE_CURVE(2,(#8480,#8481,#8482,#8483,
#8484,#8485,#8486),.UNSPECIFIED.,.T.,.F.) B_SPLINE_CURVE_WITH_KNOTS((1,2
    ,2,2,2,1),(-2.094395102393,0.,2.094395102393,4.188790204786,
6.28318530718,8.377580409573),.UNSPECIFIED.) CURVE() 
GEOMETRIC_REPRESENTATION_ITEM() RATIONAL_B_SPLINE_CURVE((1.,0.5,1.,0.5,
1.,0.5,1.)) REPRESENTATION_ITEM('') );
#8480 = CARTESIAN_POINT('',(48.7837,-51.85));
#8481 = CARTESIAN_POINT('',(48.523892378865,-51.85));
#8482 = CARTESIAN_POINT('',(48.653796189432,-51.625));
#8483 = CARTESIAN_POINT('',(48.7837,-51.4));
#8484 = CARTESIAN_POINT('',(48.913603810568,-51.625));
#8485 = CARTESIAN_POINT('',(49.043507621135,-51.85));
#8486 = CARTESIAN_POINT('',(48.7837,-51.85));
#8487 = ( GEOMETRIC_REPRESENTATION_CONTEXT(2) 
PARAMETRIC_REPRESENTATION_CONTEXT() REPRESENTATION_CONTEXT('2D SPACE',''
  ) );
#8488 = PCURVE('',#4066,#8489);
#8489 = DEFINITIONAL_REPRESENTATION('',(#8490),#8494);
#8490 = LINE('',#8491,#8492);
#8491 = CARTESIAN_POINT('',(0.,-0.746));
#8492 = VECTOR('',#8493,1.);
#8493 = DIRECTION('',(1.,0.));
#8494 = ( GEOMETRIC_REPRESENTATION_CONTEXT(2) 
PARAMETRIC_REPRESENTATION_CONTEXT() REPRESENTATION_CONTEXT('2D SPACE',''
  ) );
#8495 = FACE_BOUND('',#8496,.T.);
#8496 = EDGE_LOOP('',(#8497));
#8497 = ORIENTED_EDGE('',*,*,#8498,.T.);
#8498 = EDGE_CURVE('',#8499,#8499,#8501,.T.);
#8499 = VERTEX_POINT('',#8500);
#8500 = CARTESIAN_POINT('',(50.0967,-49.9408,0.755));
#8501 = SURFACE_CURVE('',#8502,(#8507,#8518),.PCURVE_S1.);
#8502 = CIRCLE('',#8503,0.15);
#8503 = AXIS2_PLACEMENT_3D('',#8504,#8505,#8506);
#8504 = CARTESIAN_POINT('',(50.0967,-49.7908,0.755));
#8505 = DIRECTION('',(-0.,-0.,-1.));
#8506 = DIRECTION('',(0.,-1.,0.));
#8507 = PCURVE('',#73,#8508);
#8508 = DEFINITIONAL_REPRESENTATION('',(#8509),#8517);
#8509 = ( BOUNDED_CURVE() B_SPLINE_CURVE(2,(#8510,#8511,#8512,#8513,
#8514,#8515,#8516),.UNSPECIFIED.,.T.,.F.) B_SPLINE_CURVE_WITH_KNOTS((1,2
    ,2,2,2,1),(-2.094395102393,0.,2.094395102393,4.188790204786,
6.28318530718,8.377580409573),.UNSPECIFIED.) CURVE() 
GEOMETRIC_REPRESENTATION_ITEM() RATIONAL_B_SPLINE_CURVE((1.,0.5,1.,0.5,
1.,0.5,1.)) REPRESENTATION_ITEM('') );
#8510 = CARTESIAN_POINT('',(50.0967,-49.9408));
#8511 = CARTESIAN_POINT('',(49.836892378865,-49.9408));
#8512 = CARTESIAN_POINT('',(49.966796189432,-49.7158));
#8513 = CARTESIAN_POINT('',(50.0967,-49.4908));
#8514 = CARTESIAN_POINT('',(50.226603810568,-49.7158));
#8515 = CARTESIAN_POINT('',(50.356507621135,-49.9408));
#8516 = CARTESIAN_POINT('',(50.0967,-49.9408));
#8517 = ( GEOMETRIC_REPRESENTATION_CONTEXT(2) 
PARAMETRIC_REPRESENTATION_CONTEXT() REPRESENTATION_CONTEXT('2D SPACE',''
  ) );
#8518 = PCURVE('',#4101,#8519);
#8519 = DEFINITIONAL_REPRESENTATION('',(#8520),#8524);
#8520 = LINE('',#8521,#8522);
#8521 = CARTESIAN_POINT('',(0.,-0.746));
#8522 = VECTOR('',#8523,1.);
#8523 = DIRECTION('',(1.,0.));
#8524 = ( GEOMETRIC_REPRESENTATION_CONTEXT(2) 
PARAMETRIC_REPRESENTATION_CONTEXT() REPRESENTATION_CONTEXT('2D SPACE',''
  ) );
#8525 = FACE_BOUND('',#8526,.T.);
#8526 = EDGE_LOOP('',(#8527));
#8527 = ORIENTED_EDGE('',*,*,#8528,.T.);
#8528 = EDGE_CURVE('',#8529,#8529,#8531,.T.);
#8529 = VERTEX_POINT('',#8530);
#8530 = CARTESIAN_POINT('',(51.3008,-47.9608,0.755));
#8531 = SURFACE_CURVE('',#8532,(#8537,#8548),.PCURVE_S1.);
#8532 = CIRCLE('',#8533,0.15);
#8533 = AXIS2_PLACEMENT_3D('',#8534,#8535,#8536);
#8534 = CARTESIAN_POINT('',(51.3008,-47.8108,0.755));
#8535 = DIRECTION('',(0.,-0.,-1.));
#8536 = DIRECTION('',(4.736951571734E-14,-1.,0.));
#8537 = PCURVE('',#73,#8538);
#8538 = DEFINITIONAL_REPRESENTATION('',(#8539),#8547);
#8539 = ( BOUNDED_CURVE() B_SPLINE_CURVE(2,(#8540,#8541,#8542,#8543,
#8544,#8545,#8546),.UNSPECIFIED.,.T.,.F.) B_SPLINE_CURVE_WITH_KNOTS((1,2
    ,2,2,2,1),(-2.094395102393,0.,2.094395102393,4.188790204786,
6.28318530718,8.377580409573),.UNSPECIFIED.) CURVE() 
GEOMETRIC_REPRESENTATION_ITEM() RATIONAL_B_SPLINE_CURVE((1.,0.5,1.,0.5,
1.,0.5,1.)) REPRESENTATION_ITEM('') );
#8540 = CARTESIAN_POINT('',(51.3008,-47.9608));
#8541 = CARTESIAN_POINT('',(51.040992378865,-47.9608));
#8542 = CARTESIAN_POINT('',(51.170896189432,-47.7358));
#8543 = CARTESIAN_POINT('',(51.3008,-47.5108));
#8544 = CARTESIAN_POINT('',(51.430703810568,-47.7358));
#8545 = CARTESIAN_POINT('',(51.560607621135,-47.9608));
#8546 = CARTESIAN_POINT('',(51.3008,-47.9608));
#8547 = ( GEOMETRIC_REPRESENTATION_CONTEXT(2) 
PARAMETRIC_REPRESENTATION_CONTEXT() REPRESENTATION_CONTEXT('2D SPACE',''
  ) );
#8548 = PCURVE('',#4136,#8549);
#8549 = DEFINITIONAL_REPRESENTATION('',(#8550),#8554);
#8550 = LINE('',#8551,#8552);
#8551 = CARTESIAN_POINT('',(0.,-0.746));
#8552 = VECTOR('',#8553,1.);
#8553 = DIRECTION('',(1.,0.));
#8554 = ( GEOMETRIC_REPRESENTATION_CONTEXT(2) 
PARAMETRIC_REPRESENTATION_CONTEXT() REPRESENTATION_CONTEXT('2D SPACE',''
  ) );
#8555 = FACE_BOUND('',#8556,.T.);
#8556 = EDGE_LOOP('',(#8557));
#8557 = ORIENTED_EDGE('',*,*,#8558,.T.);
#8558 = EDGE_CURVE('',#8559,#8559,#8561,.T.);
#8559 = VERTEX_POINT('',#8560);
#8560 = CARTESIAN_POINT('',(51.3328,-46.4406,0.755));
#8561 = SURFACE_CURVE('',#8562,(#8567,#8578),.PCURVE_S1.);
#8562 = CIRCLE('',#8563,0.15);
#8563 = AXIS2_PLACEMENT_3D('',#8564,#8565,#8566);
#8564 = CARTESIAN_POINT('',(51.3328,-46.2906,0.755));
#8565 = DIRECTION('',(-0.,-0.,-1.));
#8566 = DIRECTION('',(0.,-1.,0.));
#8567 = PCURVE('',#73,#8568);
#8568 = DEFINITIONAL_REPRESENTATION('',(#8569),#8577);
#8569 = ( BOUNDED_CURVE() B_SPLINE_CURVE(2,(#8570,#8571,#8572,#8573,
#8574,#8575,#8576),.UNSPECIFIED.,.T.,.F.) B_SPLINE_CURVE_WITH_KNOTS((1,2
    ,2,2,2,1),(-2.094395102393,0.,2.094395102393,4.188790204786,
6.28318530718,8.377580409573),.UNSPECIFIED.) CURVE() 
GEOMETRIC_REPRESENTATION_ITEM() RATIONAL_B_SPLINE_CURVE((1.,0.5,1.,0.5,
1.,0.5,1.)) REPRESENTATION_ITEM('') );
#8570 = CARTESIAN_POINT('',(51.3328,-46.4406));
#8571 = CARTESIAN_POINT('',(51.072992378865,-46.4406));
#8572 = CARTESIAN_POINT('',(51.202896189432,-46.2156));
#8573 = CARTESIAN_POINT('',(51.3328,-45.9906));
#8574 = CARTESIAN_POINT('',(51.462703810568,-46.2156));
#8575 = CARTESIAN_POINT('',(51.592607621135,-46.4406));
#8576 = CARTESIAN_POINT('',(51.3328,-46.4406));
#8577 = ( GEOMETRIC_REPRESENTATION_CONTEXT(2) 
PARAMETRIC_REPRESENTATION_CONTEXT() REPRESENTATION_CONTEXT('2D SPACE',''
  ) );
#8578 = PCURVE('',#4171,#8579);
#8579 = DEFINITIONAL_REPRESENTATION('',(#8580),#8584);
#8580 = LINE('',#8581,#8582);
#8581 = CARTESIAN_POINT('',(0.,-0.746));
#8582 = VECTOR('',#8583,1.);
#8583 = DIRECTION('',(1.,0.));
#8584 = ( GEOMETRIC_REPRESENTATION_CONTEXT(2) 
PARAMETRIC_REPRESENTATION_CONTEXT() REPRESENTATION_CONTEXT('2D SPACE',''
  ) );
#8585 = FACE_BOUND('',#8586,.T.);
#8586 = EDGE_LOOP('',(#8587));
#8587 = ORIENTED_EDGE('',*,*,#8588,.T.);
#8588 = EDGE_CURVE('',#8589,#8589,#8591,.T.);
#8589 = VERTEX_POINT('',#8590);
#8590 = CARTESIAN_POINT('',(54.8452,-49.9893,0.755));
#8591 = SURFACE_CURVE('',#8592,(#8597,#8608),.PCURVE_S1.);
#8592 = CIRCLE('',#8593,0.15);
#8593 = AXIS2_PLACEMENT_3D('',#8594,#8595,#8596);
#8594 = CARTESIAN_POINT('',(54.8452,-49.8393,0.755));
#8595 = DIRECTION('',(-0.,-0.,-1.));
#8596 = DIRECTION('',(0.,-1.,0.));
#8597 = PCURVE('',#73,#8598);
#8598 = DEFINITIONAL_REPRESENTATION('',(#8599),#8607);
#8599 = ( BOUNDED_CURVE() B_SPLINE_CURVE(2,(#8600,#8601,#8602,#8603,
#8604,#8605,#8606),.UNSPECIFIED.,.T.,.F.) B_SPLINE_CURVE_WITH_KNOTS((1,2
    ,2,2,2,1),(-2.094395102393,0.,2.094395102393,4.188790204786,
6.28318530718,8.377580409573),.UNSPECIFIED.) CURVE() 
GEOMETRIC_REPRESENTATION_ITEM() RATIONAL_B_SPLINE_CURVE((1.,0.5,1.,0.5,
1.,0.5,1.)) REPRESENTATION_ITEM('') );
#8600 = CARTESIAN_POINT('',(54.8452,-49.9893));
#8601 = CARTESIAN_POINT('',(54.585392378865,-49.9893));
#8602 = CARTESIAN_POINT('',(54.715296189432,-49.7643));
#8603 = CARTESIAN_POINT('',(54.8452,-49.5393));
#8604 = CARTESIAN_POINT('',(54.975103810568,-49.7643));
#8605 = CARTESIAN_POINT('',(55.105007621135,-49.9893));
#8606 = CARTESIAN_POINT('',(54.8452,-49.9893));
#8607 = ( GEOMETRIC_REPRESENTATION_CONTEXT(2) 
PARAMETRIC_REPRESENTATION_CONTEXT() REPRESENTATION_CONTEXT('2D SPACE',''
  ) );
#8608 = PCURVE('',#4206,#8609);
#8609 = DEFINITIONAL_REPRESENTATION('',(#8610),#8614);
#8610 = LINE('',#8611,#8612);
#8611 = CARTESIAN_POINT('',(0.,-0.746));
#8612 = VECTOR('',#8613,1.);
#8613 = DIRECTION('',(1.,0.));
#8614 = ( GEOMETRIC_REPRESENTATION_CONTEXT(2) 
PARAMETRIC_REPRESENTATION_CONTEXT() REPRESENTATION_CONTEXT('2D SPACE',''
  ) );
#8615 = FACE_BOUND('',#8616,.T.);
#8616 = EDGE_LOOP('',(#8617));
#8617 = ORIENTED_EDGE('',*,*,#8618,.T.);
#8618 = EDGE_CURVE('',#8619,#8619,#8621,.T.);
#8619 = VERTEX_POINT('',#8620);
#8620 = CARTESIAN_POINT('',(52.1372,-38.9893,0.755));
#8621 = SURFACE_CURVE('',#8622,(#8627,#8638),.PCURVE_S1.);
#8622 = CIRCLE('',#8623,0.15);
#8623 = AXIS2_PLACEMENT_3D('',#8624,#8625,#8626);
#8624 = CARTESIAN_POINT('',(52.1372,-38.8393,0.755));
#8625 = DIRECTION('',(-0.,-0.,-1.));
#8626 = DIRECTION('',(0.,-1.,0.));
#8627 = PCURVE('',#73,#8628);
#8628 = DEFINITIONAL_REPRESENTATION('',(#8629),#8637);
#8629 = ( BOUNDED_CURVE() B_SPLINE_CURVE(2,(#8630,#8631,#8632,#8633,
#8634,#8635,#8636),.UNSPECIFIED.,.T.,.F.) B_SPLINE_CURVE_WITH_KNOTS((1,2
    ,2,2,2,1),(-2.094395102393,0.,2.094395102393,4.188790204786,
6.28318530718,8.377580409573),.UNSPECIFIED.) CURVE() 
GEOMETRIC_REPRESENTATION_ITEM() RATIONAL_B_SPLINE_CURVE((1.,0.5,1.,0.5,
1.,0.5,1.)) REPRESENTATION_ITEM('') );
#8630 = CARTESIAN_POINT('',(52.1372,-38.9893));
#8631 = CARTESIAN_POINT('',(51.877392378865,-38.9893));
#8632 = CARTESIAN_POINT('',(52.007296189432,-38.7643));
#8633 = CARTESIAN_POINT('',(52.1372,-38.5393));
#8634 = CARTESIAN_POINT('',(52.267103810568,-38.7643));
#8635 = CARTESIAN_POINT('',(52.397007621135,-38.9893));
#8636 = CARTESIAN_POINT('',(52.1372,-38.9893));
#8637 = ( GEOMETRIC_REPRESENTATION_CONTEXT(2) 
PARAMETRIC_REPRESENTATION_CONTEXT() REPRESENTATION_CONTEXT('2D SPACE',''
  ) );
#8638 = PCURVE('',#4241,#8639);
#8639 = DEFINITIONAL_REPRESENTATION('',(#8640),#8644);
#8640 = LINE('',#8641,#8642);
#8641 = CARTESIAN_POINT('',(0.,-0.746));
#8642 = VECTOR('',#8643,1.);
#8643 = DIRECTION('',(1.,0.));
#8644 = ( GEOMETRIC_REPRESENTATION_CONTEXT(2) 
PARAMETRIC_REPRESENTATION_CONTEXT() REPRESENTATION_CONTEXT('2D SPACE',''
  ) );
#8645 = FACE_BOUND('',#8646,.T.);
#8646 = EDGE_LOOP('',(#8647));
#8647 = ORIENTED_EDGE('',*,*,#8648,.T.);
#8648 = EDGE_CURVE('',#8649,#8649,#8651,.T.);
#8649 = VERTEX_POINT('',#8650);
#8650 = CARTESIAN_POINT('',(54.1825,-41.193,0.755));
#8651 = SURFACE_CURVE('',#8652,(#8657,#8668),.PCURVE_S1.);
#8652 = CIRCLE('',#8653,0.15);
#8653 = AXIS2_PLACEMENT_3D('',#8654,#8655,#8656);
#8654 = CARTESIAN_POINT('',(54.1825,-41.043,0.755));
#8655 = DIRECTION('',(-0.,0.,-1.));
#8656 = DIRECTION('',(-4.736951571734E-14,-1.,0.));
#8657 = PCURVE('',#73,#8658);
#8658 = DEFINITIONAL_REPRESENTATION('',(#8659),#8667);
#8659 = ( BOUNDED_CURVE() B_SPLINE_CURVE(2,(#8660,#8661,#8662,#8663,
#8664,#8665,#8666),.UNSPECIFIED.,.T.,.F.) B_SPLINE_CURVE_WITH_KNOTS((1,2
    ,2,2,2,1),(-2.094395102393,0.,2.094395102393,4.188790204786,
6.28318530718,8.377580409573),.UNSPECIFIED.) CURVE() 
GEOMETRIC_REPRESENTATION_ITEM() RATIONAL_B_SPLINE_CURVE((1.,0.5,1.,0.5,
1.,0.5,1.)) REPRESENTATION_ITEM('') );
#8660 = CARTESIAN_POINT('',(54.1825,-41.193));
#8661 = CARTESIAN_POINT('',(53.922692378865,-41.193));
#8662 = CARTESIAN_POINT('',(54.052596189432,-40.968));
#8663 = CARTESIAN_POINT('',(54.1825,-40.743));
#8664 = CARTESIAN_POINT('',(54.312403810568,-40.968));
#8665 = CARTESIAN_POINT('',(54.442307621135,-41.193));
#8666 = CARTESIAN_POINT('',(54.1825,-41.193));
#8667 = ( GEOMETRIC_REPRESENTATION_CONTEXT(2) 
PARAMETRIC_REPRESENTATION_CONTEXT() REPRESENTATION_CONTEXT('2D SPACE',''
  ) );
#8668 = PCURVE('',#4276,#8669);
#8669 = DEFINITIONAL_REPRESENTATION('',(#8670),#8674);
#8670 = LINE('',#8671,#8672);
#8671 = CARTESIAN_POINT('',(0.,-0.746));
#8672 = VECTOR('',#8673,1.);
#8673 = DIRECTION('',(1.,0.));
#8674 = ( GEOMETRIC_REPRESENTATION_CONTEXT(2) 
PARAMETRIC_REPRESENTATION_CONTEXT() REPRESENTATION_CONTEXT('2D SPACE',''
  ) );
#8675 = FACE_BOUND('',#8676,.T.);
#8676 = EDGE_LOOP('',(#8677));
#8677 = ORIENTED_EDGE('',*,*,#8678,.T.);
#8678 = EDGE_CURVE('',#8679,#8679,#8681,.T.);
#8679 = VERTEX_POINT('',#8680);
#8680 = CARTESIAN_POINT('',(32.662,-36.2577,0.755));
#8681 = SURFACE_CURVE('',#8682,(#8687,#8698),.PCURVE_S1.);
#8682 = CIRCLE('',#8683,0.15);
#8683 = AXIS2_PLACEMENT_3D('',#8684,#8685,#8686);
#8684 = CARTESIAN_POINT('',(32.662,-36.1077,0.755));
#8685 = DIRECTION('',(-0.,-0.,-1.));
#8686 = DIRECTION('',(0.,-1.,0.));
#8687 = PCURVE('',#73,#8688);
#8688 = DEFINITIONAL_REPRESENTATION('',(#8689),#8697);
#8689 = ( BOUNDED_CURVE() B_SPLINE_CURVE(2,(#8690,#8691,#8692,#8693,
#8694,#8695,#8696),.UNSPECIFIED.,.T.,.F.) B_SPLINE_CURVE_WITH_KNOTS((1,2
    ,2,2,2,1),(-2.094395102393,0.,2.094395102393,4.188790204786,
6.28318530718,8.377580409573),.UNSPECIFIED.) CURVE() 
GEOMETRIC_REPRESENTATION_ITEM() RATIONAL_B_SPLINE_CURVE((1.,0.5,1.,0.5,
1.,0.5,1.)) REPRESENTATION_ITEM('') );
#8690 = CARTESIAN_POINT('',(32.662,-36.2577));
#8691 = CARTESIAN_POINT('',(32.402192378865,-36.2577));
#8692 = CARTESIAN_POINT('',(32.532096189432,-36.0327));
#8693 = CARTESIAN_POINT('',(32.662,-35.8077));
#8694 = CARTESIAN_POINT('',(32.791903810568,-36.0327));
#8695 = CARTESIAN_POINT('',(32.921807621135,-36.2577));
#8696 = CARTESIAN_POINT('',(32.662,-36.2577));
#8697 = ( GEOMETRIC_REPRESENTATION_CONTEXT(2) 
PARAMETRIC_REPRESENTATION_CONTEXT() REPRESENTATION_CONTEXT('2D SPACE',''
  ) );
#8698 = PCURVE('',#4311,#8699);
#8699 = DEFINITIONAL_REPRESENTATION('',(#8700),#8704);
#8700 = LINE('',#8701,#8702);
#8701 = CARTESIAN_POINT('',(0.,-0.746));
#8702 = VECTOR('',#8703,1.);
#8703 = DIRECTION('',(1.,0.));
#8704 = ( GEOMETRIC_REPRESENTATION_CONTEXT(2) 
PARAMETRIC_REPRESENTATION_CONTEXT() REPRESENTATION_CONTEXT('2D SPACE',''
  ) );
#8705 = FACE_BOUND('',#8706,.T.);
#8706 = EDGE_LOOP('',(#8707));
#8707 = ORIENTED_EDGE('',*,*,#8708,.T.);
#8708 = EDGE_CURVE('',#8709,#8709,#8711,.T.);
#8709 = VERTEX_POINT('',#8710);
#8710 = CARTESIAN_POINT('',(32.67,-35.4652,0.755));
#8711 = SURFACE_CURVE('',#8712,(#8717,#8728),.PCURVE_S1.);
#8712 = CIRCLE('',#8713,0.15);
#8713 = AXIS2_PLACEMENT_3D('',#8714,#8715,#8716);
#8714 = CARTESIAN_POINT('',(32.67,-35.3152,0.755));
#8715 = DIRECTION('',(-0.,-0.,-1.));
#8716 = DIRECTION('',(0.,-1.,0.));
#8717 = PCURVE('',#73,#8718);
#8718 = DEFINITIONAL_REPRESENTATION('',(#8719),#8727);
#8719 = ( BOUNDED_CURVE() B_SPLINE_CURVE(2,(#8720,#8721,#8722,#8723,
#8724,#8725,#8726),.UNSPECIFIED.,.T.,.F.) B_SPLINE_CURVE_WITH_KNOTS((1,2
    ,2,2,2,1),(-2.094395102393,0.,2.094395102393,4.188790204786,
6.28318530718,8.377580409573),.UNSPECIFIED.) CURVE() 
GEOMETRIC_REPRESENTATION_ITEM() RATIONAL_B_SPLINE_CURVE((1.,0.5,1.,0.5,
1.,0.5,1.)) REPRESENTATION_ITEM('') );
#8720 = CARTESIAN_POINT('',(32.67,-35.4652));
#8721 = CARTESIAN_POINT('',(32.410192378865,-35.4652));
#8722 = CARTESIAN_POINT('',(32.540096189432,-35.2402));
#8723 = CARTESIAN_POINT('',(32.67,-35.0152));
#8724 = CARTESIAN_POINT('',(32.799903810568,-35.2402));
#8725 = CARTESIAN_POINT('',(32.929807621135,-35.4652));
#8726 = CARTESIAN_POINT('',(32.67,-35.4652));
#8727 = ( GEOMETRIC_REPRESENTATION_CONTEXT(2) 
PARAMETRIC_REPRESENTATION_CONTEXT() REPRESENTATION_CONTEXT('2D SPACE',''
  ) );
#8728 = PCURVE('',#4346,#8729);
#8729 = DEFINITIONAL_REPRESENTATION('',(#8730),#8734);
#8730 = LINE('',#8731,#8732);
#8731 = CARTESIAN_POINT('',(0.,-0.746));
#8732 = VECTOR('',#8733,1.);
#8733 = DIRECTION('',(1.,0.));
#8734 = ( GEOMETRIC_REPRESENTATION_CONTEXT(2) 
PARAMETRIC_REPRESENTATION_CONTEXT() REPRESENTATION_CONTEXT('2D SPACE',''
  ) );
#8735 = FACE_BOUND('',#8736,.T.);
#8736 = EDGE_LOOP('',(#8737));
#8737 = ORIENTED_EDGE('',*,*,#8738,.T.);
#8738 = EDGE_CURVE('',#8739,#8739,#8741,.T.);
#8739 = VERTEX_POINT('',#8740);
#8740 = CARTESIAN_POINT('',(32.6687,-32.3013,0.755));
#8741 = SURFACE_CURVE('',#8742,(#8747,#8758),.PCURVE_S1.);
#8742 = CIRCLE('',#8743,0.15);
#8743 = AXIS2_PLACEMENT_3D('',#8744,#8745,#8746);
#8744 = CARTESIAN_POINT('',(32.6687,-32.1513,0.755));
#8745 = DIRECTION('',(-0.,-0.,-1.));
#8746 = DIRECTION('',(0.,-1.,0.));
#8747 = PCURVE('',#73,#8748);
#8748 = DEFINITIONAL_REPRESENTATION('',(#8749),#8757);
#8749 = ( BOUNDED_CURVE() B_SPLINE_CURVE(2,(#8750,#8751,#8752,#8753,
#8754,#8755,#8756),.UNSPECIFIED.,.T.,.F.) B_SPLINE_CURVE_WITH_KNOTS((1,2
    ,2,2,2,1),(-2.094395102393,0.,2.094395102393,4.188790204786,
6.28318530718,8.377580409573),.UNSPECIFIED.) CURVE() 
GEOMETRIC_REPRESENTATION_ITEM() RATIONAL_B_SPLINE_CURVE((1.,0.5,1.,0.5,
1.,0.5,1.)) REPRESENTATION_ITEM('') );
#8750 = CARTESIAN_POINT('',(32.6687,-32.3013));
#8751 = CARTESIAN_POINT('',(32.408892378865,-32.3013));
#8752 = CARTESIAN_POINT('',(32.538796189432,-32.0763));
#8753 = CARTESIAN_POINT('',(32.6687,-31.8513));
#8754 = CARTESIAN_POINT('',(32.798603810568,-32.0763));
#8755 = CARTESIAN_POINT('',(32.928507621135,-32.3013));
#8756 = CARTESIAN_POINT('',(32.6687,-32.3013));
#8757 = ( GEOMETRIC_REPRESENTATION_CONTEXT(2) 
PARAMETRIC_REPRESENTATION_CONTEXT() REPRESENTATION_CONTEXT('2D SPACE',''
  ) );
#8758 = PCURVE('',#4381,#8759);
#8759 = DEFINITIONAL_REPRESENTATION('',(#8760),#8764);
#8760 = LINE('',#8761,#8762);
#8761 = CARTESIAN_POINT('',(0.,-0.746));
#8762 = VECTOR('',#8763,1.);
#8763 = DIRECTION('',(1.,0.));
#8764 = ( GEOMETRIC_REPRESENTATION_CONTEXT(2) 
PARAMETRIC_REPRESENTATION_CONTEXT() REPRESENTATION_CONTEXT('2D SPACE',''
  ) );
#8765 = FACE_BOUND('',#8766,.T.);
#8766 = EDGE_LOOP('',(#8767));
#8767 = ORIENTED_EDGE('',*,*,#8768,.T.);
#8768 = EDGE_CURVE('',#8769,#8769,#8771,.T.);
#8769 = VERTEX_POINT('',#8770);
#8770 = CARTESIAN_POINT('',(35.8586,-31.2325,0.755));
#8771 = SURFACE_CURVE('',#8772,(#8777,#8788),.PCURVE_S1.);
#8772 = CIRCLE('',#8773,0.15);
#8773 = AXIS2_PLACEMENT_3D('',#8774,#8775,#8776);
#8774 = CARTESIAN_POINT('',(35.8586,-31.0825,0.755));
#8775 = DIRECTION('',(0.,-0.,-1.));
#8776 = DIRECTION('',(4.736951571734E-14,-1.,0.));
#8777 = PCURVE('',#73,#8778);
#8778 = DEFINITIONAL_REPRESENTATION('',(#8779),#8787);
#8779 = ( BOUNDED_CURVE() B_SPLINE_CURVE(2,(#8780,#8781,#8782,#8783,
#8784,#8785,#8786),.UNSPECIFIED.,.T.,.F.) B_SPLINE_CURVE_WITH_KNOTS((1,2
    ,2,2,2,1),(-2.094395102393,0.,2.094395102393,4.188790204786,
6.28318530718,8.377580409573),.UNSPECIFIED.) CURVE() 
GEOMETRIC_REPRESENTATION_ITEM() RATIONAL_B_SPLINE_CURVE((1.,0.5,1.,0.5,
1.,0.5,1.)) REPRESENTATION_ITEM('') );
#8780 = CARTESIAN_POINT('',(35.8586,-31.2325));
#8781 = CARTESIAN_POINT('',(35.598792378865,-31.2325));
#8782 = CARTESIAN_POINT('',(35.728696189432,-31.0075));
#8783 = CARTESIAN_POINT('',(35.8586,-30.7825));
#8784 = CARTESIAN_POINT('',(35.988503810568,-31.0075));
#8785 = CARTESIAN_POINT('',(36.118407621135,-31.2325));
#8786 = CARTESIAN_POINT('',(35.8586,-31.2325));
#8787 = ( GEOMETRIC_REPRESENTATION_CONTEXT(2) 
PARAMETRIC_REPRESENTATION_CONTEXT() REPRESENTATION_CONTEXT('2D SPACE',''
  ) );
#8788 = PCURVE('',#4416,#8789);
#8789 = DEFINITIONAL_REPRESENTATION('',(#8790),#8794);
#8790 = LINE('',#8791,#8792);
#8791 = CARTESIAN_POINT('',(0.,-0.746));
#8792 = VECTOR('',#8793,1.);
#8793 = DIRECTION('',(1.,0.));
#8794 = ( GEOMETRIC_REPRESENTATION_CONTEXT(2) 
PARAMETRIC_REPRESENTATION_CONTEXT() REPRESENTATION_CONTEXT('2D SPACE',''
  ) );
#8795 = FACE_BOUND('',#8796,.T.);
#8796 = EDGE_LOOP('',(#8797));
#8797 = ORIENTED_EDGE('',*,*,#8798,.T.);
#8798 = EDGE_CURVE('',#8799,#8799,#8801,.T.);
#8799 = VERTEX_POINT('',#8800);
#8800 = CARTESIAN_POINT('',(41.4176,-36.6824,0.755));
#8801 = SURFACE_CURVE('',#8802,(#8807,#8818),.PCURVE_S1.);
#8802 = CIRCLE('',#8803,0.15);
#8803 = AXIS2_PLACEMENT_3D('',#8804,#8805,#8806);
#8804 = CARTESIAN_POINT('',(41.4176,-36.5324,0.755));
#8805 = DIRECTION('',(-0.,-0.,-1.));
#8806 = DIRECTION('',(0.,-1.,0.));
#8807 = PCURVE('',#73,#8808);
#8808 = DEFINITIONAL_REPRESENTATION('',(#8809),#8817);
#8809 = ( BOUNDED_CURVE() B_SPLINE_CURVE(2,(#8810,#8811,#8812,#8813,
#8814,#8815,#8816),.UNSPECIFIED.,.T.,.F.) B_SPLINE_CURVE_WITH_KNOTS((1,2
    ,2,2,2,1),(-2.094395102393,0.,2.094395102393,4.188790204786,
6.28318530718,8.377580409573),.UNSPECIFIED.) CURVE() 
GEOMETRIC_REPRESENTATION_ITEM() RATIONAL_B_SPLINE_CURVE((1.,0.5,1.,0.5,
1.,0.5,1.)) REPRESENTATION_ITEM('') );
#8810 = CARTESIAN_POINT('',(41.4176,-36.6824));
#8811 = CARTESIAN_POINT('',(41.157792378865,-36.6824));
#8812 = CARTESIAN_POINT('',(41.287696189432,-36.4574));
#8813 = CARTESIAN_POINT('',(41.4176,-36.2324));
#8814 = CARTESIAN_POINT('',(41.547503810568,-36.4574));
#8815 = CARTESIAN_POINT('',(41.677407621135,-36.6824));
#8816 = CARTESIAN_POINT('',(41.4176,-36.6824));
#8817 = ( GEOMETRIC_REPRESENTATION_CONTEXT(2) 
PARAMETRIC_REPRESENTATION_CONTEXT() REPRESENTATION_CONTEXT('2D SPACE',''
  ) );
#8818 = PCURVE('',#4451,#8819);
#8819 = DEFINITIONAL_REPRESENTATION('',(#8820),#8824);
#8820 = LINE('',#8821,#8822);
#8821 = CARTESIAN_POINT('',(0.,-0.746));
#8822 = VECTOR('',#8823,1.);
#8823 = DIRECTION('',(1.,0.));
#8824 = ( GEOMETRIC_REPRESENTATION_CONTEXT(2) 
PARAMETRIC_REPRESENTATION_CONTEXT() REPRESENTATION_CONTEXT('2D SPACE',''
  ) );
#8825 = FACE_BOUND('',#8826,.T.);
#8826 = EDGE_LOOP('',(#8827));
#8827 = ORIENTED_EDGE('',*,*,#8828,.T.);
#8828 = EDGE_CURVE('',#8829,#8829,#8831,.T.);
#8829 = VERTEX_POINT('',#8830);
#8830 = CARTESIAN_POINT('',(38.8167,-32.2,0.755));
#8831 = SURFACE_CURVE('',#8832,(#8837,#8848),.PCURVE_S1.);
#8832 = CIRCLE('',#8833,0.15);
#8833 = AXIS2_PLACEMENT_3D('',#8834,#8835,#8836);
#8834 = CARTESIAN_POINT('',(38.8167,-32.05,0.755));
#8835 = DIRECTION('',(-0.,-0.,-1.));
#8836 = DIRECTION('',(0.,-1.,0.));
#8837 = PCURVE('',#73,#8838);
#8838 = DEFINITIONAL_REPRESENTATION('',(#8839),#8847);
#8839 = ( BOUNDED_CURVE() B_SPLINE_CURVE(2,(#8840,#8841,#8842,#8843,
#8844,#8845,#8846),.UNSPECIFIED.,.T.,.F.) B_SPLINE_CURVE_WITH_KNOTS((1,2
    ,2,2,2,1),(-2.094395102393,0.,2.094395102393,4.188790204786,
6.28318530718,8.377580409573),.UNSPECIFIED.) CURVE() 
GEOMETRIC_REPRESENTATION_ITEM() RATIONAL_B_SPLINE_CURVE((1.,0.5,1.,0.5,
1.,0.5,1.)) REPRESENTATION_ITEM('') );
#8840 = CARTESIAN_POINT('',(38.8167,-32.2));
#8841 = CARTESIAN_POINT('',(38.556892378865,-32.2));
#8842 = CARTESIAN_POINT('',(38.686796189432,-31.975));
#8843 = CARTESIAN_POINT('',(38.8167,-31.75));
#8844 = CARTESIAN_POINT('',(38.946603810568,-31.975));
#8845 = CARTESIAN_POINT('',(39.076507621135,-32.2));
#8846 = CARTESIAN_POINT('',(38.8167,-32.2));
#8847 = ( GEOMETRIC_REPRESENTATION_CONTEXT(2) 
PARAMETRIC_REPRESENTATION_CONTEXT() REPRESENTATION_CONTEXT('2D SPACE',''
  ) );
#8848 = PCURVE('',#4486,#8849);
#8849 = DEFINITIONAL_REPRESENTATION('',(#8850),#8854);
#8850 = LINE('',#8851,#8852);
#8851 = CARTESIAN_POINT('',(0.,-0.746));
#8852 = VECTOR('',#8853,1.);
#8853 = DIRECTION('',(1.,0.));
#8854 = ( GEOMETRIC_REPRESENTATION_CONTEXT(2) 
PARAMETRIC_REPRESENTATION_CONTEXT() REPRESENTATION_CONTEXT('2D SPACE',''
  ) );
#8855 = FACE_BOUND('',#8856,.T.);
#8856 = EDGE_LOOP('',(#8857));
#8857 = ORIENTED_EDGE('',*,*,#8858,.T.);
#8858 = EDGE_CURVE('',#8859,#8859,#8861,.T.);
#8859 = VERTEX_POINT('',#8860);
#8860 = CARTESIAN_POINT('',(34.8679,-22.3312,0.755));
#8861 = SURFACE_CURVE('',#8862,(#8867,#8878),.PCURVE_S1.);
#8862 = CIRCLE('',#8863,0.15);
#8863 = AXIS2_PLACEMENT_3D('',#8864,#8865,#8866);
#8864 = CARTESIAN_POINT('',(34.8679,-22.1812,0.755));
#8865 = DIRECTION('',(-0.,-0.,-1.));
#8866 = DIRECTION('',(0.,-1.,0.));
#8867 = PCURVE('',#73,#8868);
#8868 = DEFINITIONAL_REPRESENTATION('',(#8869),#8877);
#8869 = ( BOUNDED_CURVE() B_SPLINE_CURVE(2,(#8870,#8871,#8872,#8873,
#8874,#8875,#8876),.UNSPECIFIED.,.T.,.F.) B_SPLINE_CURVE_WITH_KNOTS((1,2
    ,2,2,2,1),(-2.094395102393,0.,2.094395102393,4.188790204786,
6.28318530718,8.377580409573),.UNSPECIFIED.) CURVE() 
GEOMETRIC_REPRESENTATION_ITEM() RATIONAL_B_SPLINE_CURVE((1.,0.5,1.,0.5,
1.,0.5,1.)) REPRESENTATION_ITEM('') );
#8870 = CARTESIAN_POINT('',(34.8679,-22.3312));
#8871 = CARTESIAN_POINT('',(34.608092378865,-22.3312));
#8872 = CARTESIAN_POINT('',(34.737996189432,-22.1062));
#8873 = CARTESIAN_POINT('',(34.8679,-21.8812));
#8874 = CARTESIAN_POINT('',(34.997803810568,-22.1062));
#8875 = CARTESIAN_POINT('',(35.127707621135,-22.3312));
#8876 = CARTESIAN_POINT('',(34.8679,-22.3312));
#8877 = ( GEOMETRIC_REPRESENTATION_CONTEXT(2) 
PARAMETRIC_REPRESENTATION_CONTEXT() REPRESENTATION_CONTEXT('2D SPACE',''
  ) );
#8878 = PCURVE('',#4521,#8879);
#8879 = DEFINITIONAL_REPRESENTATION('',(#8880),#8884);
#8880 = LINE('',#8881,#8882);
#8881 = CARTESIAN_POINT('',(0.,-0.746));
#8882 = VECTOR('',#8883,1.);
#8883 = DIRECTION('',(1.,0.));
#8884 = ( GEOMETRIC_REPRESENTATION_CONTEXT(2) 
PARAMETRIC_REPRESENTATION_CONTEXT() REPRESENTATION_CONTEXT('2D SPACE',''
  ) );
#8885 = FACE_BOUND('',#8886,.T.);
#8886 = EDGE_LOOP('',(#8887));
#8887 = ORIENTED_EDGE('',*,*,#8888,.T.);
#8888 = EDGE_CURVE('',#8889,#8889,#8891,.T.);
#8889 = VERTEX_POINT('',#8890);
#8890 = CARTESIAN_POINT('',(36.7825,-21.5003,0.755));
#8891 = SURFACE_CURVE('',#8892,(#8897,#8908),.PCURVE_S1.);
#8892 = CIRCLE('',#8893,0.15);
#8893 = AXIS2_PLACEMENT_3D('',#8894,#8895,#8896);
#8894 = CARTESIAN_POINT('',(36.7825,-21.3503,0.755));
#8895 = DIRECTION('',(-0.,-0.,-1.));
#8896 = DIRECTION('',(0.,-1.,0.));
#8897 = PCURVE('',#73,#8898);
#8898 = DEFINITIONAL_REPRESENTATION('',(#8899),#8907);
#8899 = ( BOUNDED_CURVE() B_SPLINE_CURVE(2,(#8900,#8901,#8902,#8903,
#8904,#8905,#8906),.UNSPECIFIED.,.T.,.F.) B_SPLINE_CURVE_WITH_KNOTS((1,2
    ,2,2,2,1),(-2.094395102393,0.,2.094395102393,4.188790204786,
6.28318530718,8.377580409573),.UNSPECIFIED.) CURVE() 
GEOMETRIC_REPRESENTATION_ITEM() RATIONAL_B_SPLINE_CURVE((1.,0.5,1.,0.5,
1.,0.5,1.)) REPRESENTATION_ITEM('') );
#8900 = CARTESIAN_POINT('',(36.7825,-21.5003));
#8901 = CARTESIAN_POINT('',(36.522692378865,-21.5003));
#8902 = CARTESIAN_POINT('',(36.652596189432,-21.2753));
#8903 = CARTESIAN_POINT('',(36.7825,-21.0503));
#8904 = CARTESIAN_POINT('',(36.912403810568,-21.2753));
#8905 = CARTESIAN_POINT('',(37.042307621135,-21.5003));
#8906 = CARTESIAN_POINT('',(36.7825,-21.5003));
#8907 = ( GEOMETRIC_REPRESENTATION_CONTEXT(2) 
PARAMETRIC_REPRESENTATION_CONTEXT() REPRESENTATION_CONTEXT('2D SPACE',''
  ) );
#8908 = PCURVE('',#4556,#8909);
#8909 = DEFINITIONAL_REPRESENTATION('',(#8910),#8914);
#8910 = LINE('',#8911,#8912);
#8911 = CARTESIAN_POINT('',(0.,-0.746));
#8912 = VECTOR('',#8913,1.);
#8913 = DIRECTION('',(1.,0.));
#8914 = ( GEOMETRIC_REPRESENTATION_CONTEXT(2) 
PARAMETRIC_REPRESENTATION_CONTEXT() REPRESENTATION_CONTEXT('2D SPACE',''
  ) );
#8915 = FACE_BOUND('',#8916,.T.);
#8916 = EDGE_LOOP('',(#8917));
#8917 = ORIENTED_EDGE('',*,*,#8918,.T.);
#8918 = EDGE_CURVE('',#8919,#8919,#8921,.T.);
#8919 = VERTEX_POINT('',#8920);
#8920 = CARTESIAN_POINT('',(38.2328,-23.8095,0.755));
#8921 = SURFACE_CURVE('',#8922,(#8927,#8938),.PCURVE_S1.);
#8922 = CIRCLE('',#8923,0.15);
#8923 = AXIS2_PLACEMENT_3D('',#8924,#8925,#8926);
#8924 = CARTESIAN_POINT('',(38.2328,-23.6595,0.755));
#8925 = DIRECTION('',(-0.,-0.,-1.));
#8926 = DIRECTION('',(0.,-1.,0.));
#8927 = PCURVE('',#73,#8928);
#8928 = DEFINITIONAL_REPRESENTATION('',(#8929),#8937);
#8929 = ( BOUNDED_CURVE() B_SPLINE_CURVE(2,(#8930,#8931,#8932,#8933,
#8934,#8935,#8936),.UNSPECIFIED.,.T.,.F.) B_SPLINE_CURVE_WITH_KNOTS((1,2
    ,2,2,2,1),(-2.094395102393,0.,2.094395102393,4.188790204786,
6.28318530718,8.377580409573),.UNSPECIFIED.) CURVE() 
GEOMETRIC_REPRESENTATION_ITEM() RATIONAL_B_SPLINE_CURVE((1.,0.5,1.,0.5,
1.,0.5,1.)) REPRESENTATION_ITEM('') );
#8930 = CARTESIAN_POINT('',(38.2328,-23.8095));
#8931 = CARTESIAN_POINT('',(37.972992378865,-23.8095));
#8932 = CARTESIAN_POINT('',(38.102896189432,-23.5845));
#8933 = CARTESIAN_POINT('',(38.2328,-23.3595));
#8934 = CARTESIAN_POINT('',(38.362703810568,-23.5845));
#8935 = CARTESIAN_POINT('',(38.492607621135,-23.8095));
#8936 = CARTESIAN_POINT('',(38.2328,-23.8095));
#8937 = ( GEOMETRIC_REPRESENTATION_CONTEXT(2) 
PARAMETRIC_REPRESENTATION_CONTEXT() REPRESENTATION_CONTEXT('2D SPACE',''
  ) );
#8938 = PCURVE('',#4591,#8939);
#8939 = DEFINITIONAL_REPRESENTATION('',(#8940),#8944);
#8940 = LINE('',#8941,#8942);
#8941 = CARTESIAN_POINT('',(0.,-0.746));
#8942 = VECTOR('',#8943,1.);
#8943 = DIRECTION('',(1.,0.));
#8944 = ( GEOMETRIC_REPRESENTATION_CONTEXT(2) 
PARAMETRIC_REPRESENTATION_CONTEXT() REPRESENTATION_CONTEXT('2D SPACE',''
  ) );
#8945 = FACE_BOUND('',#8946,.T.);
#8946 = EDGE_LOOP('',(#8947));
#8947 = ORIENTED_EDGE('',*,*,#8948,.T.);
#8948 = EDGE_CURVE('',#8949,#8949,#8951,.T.);
#8949 = VERTEX_POINT('',#8950);
#8950 = CARTESIAN_POINT('',(40.2055,-26.6213,0.755));
#8951 = SURFACE_CURVE('',#8952,(#8957,#8968),.PCURVE_S1.);
#8952 = CIRCLE('',#8953,0.15);
#8953 = AXIS2_PLACEMENT_3D('',#8954,#8955,#8956);
#8954 = CARTESIAN_POINT('',(40.2055,-26.4713,0.755));
#8955 = DIRECTION('',(-0.,-0.,-1.));
#8956 = DIRECTION('',(0.,-1.,0.));
#8957 = PCURVE('',#73,#8958);
#8958 = DEFINITIONAL_REPRESENTATION('',(#8959),#8967);
#8959 = ( BOUNDED_CURVE() B_SPLINE_CURVE(2,(#8960,#8961,#8962,#8963,
#8964,#8965,#8966),.UNSPECIFIED.,.T.,.F.) B_SPLINE_CURVE_WITH_KNOTS((1,2
    ,2,2,2,1),(-2.094395102393,0.,2.094395102393,4.188790204786,
6.28318530718,8.377580409573),.UNSPECIFIED.) CURVE() 
GEOMETRIC_REPRESENTATION_ITEM() RATIONAL_B_SPLINE_CURVE((1.,0.5,1.,0.5,
1.,0.5,1.)) REPRESENTATION_ITEM('') );
#8960 = CARTESIAN_POINT('',(40.2055,-26.6213));
#8961 = CARTESIAN_POINT('',(39.945692378865,-26.6213));
#8962 = CARTESIAN_POINT('',(40.075596189432,-26.3963));
#8963 = CARTESIAN_POINT('',(40.2055,-26.1713));
#8964 = CARTESIAN_POINT('',(40.335403810568,-26.3963));
#8965 = CARTESIAN_POINT('',(40.465307621135,-26.6213));
#8966 = CARTESIAN_POINT('',(40.2055,-26.6213));
#8967 = ( GEOMETRIC_REPRESENTATION_CONTEXT(2) 
PARAMETRIC_REPRESENTATION_CONTEXT() REPRESENTATION_CONTEXT('2D SPACE',''
  ) );
#8968 = PCURVE('',#4626,#8969);
#8969 = DEFINITIONAL_REPRESENTATION('',(#8970),#8974);
#8970 = LINE('',#8971,#8972);
#8971 = CARTESIAN_POINT('',(0.,-0.746));
#8972 = VECTOR('',#8973,1.);
#8973 = DIRECTION('',(1.,0.));
#8974 = ( GEOMETRIC_REPRESENTATION_CONTEXT(2) 
PARAMETRIC_REPRESENTATION_CONTEXT() REPRESENTATION_CONTEXT('2D SPACE',''
  ) );
#8975 = FACE_BOUND('',#8976,.T.);
#8976 = EDGE_LOOP('',(#8977));
#8977 = ORIENTED_EDGE('',*,*,#8978,.T.);
#8978 = EDGE_CURVE('',#8979,#8979,#8981,.T.);
#8979 = VERTEX_POINT('',#8980);
#8980 = CARTESIAN_POINT('',(41.,-26.6176,0.755));
#8981 = SURFACE_CURVE('',#8982,(#8987,#8998),.PCURVE_S1.);
#8982 = CIRCLE('',#8983,0.15);
#8983 = AXIS2_PLACEMENT_3D('',#8984,#8985,#8986);
#8984 = CARTESIAN_POINT('',(41.,-26.4676,0.755));
#8985 = DIRECTION('',(-0.,-0.,-1.));
#8986 = DIRECTION('',(0.,-1.,0.));
#8987 = PCURVE('',#73,#8988);
#8988 = DEFINITIONAL_REPRESENTATION('',(#8989),#8997);
#8989 = ( BOUNDED_CURVE() B_SPLINE_CURVE(2,(#8990,#8991,#8992,#8993,
#8994,#8995,#8996),.UNSPECIFIED.,.T.,.F.) B_SPLINE_CURVE_WITH_KNOTS((1,2
    ,2,2,2,1),(-2.094395102393,0.,2.094395102393,4.188790204786,
6.28318530718,8.377580409573),.UNSPECIFIED.) CURVE() 
GEOMETRIC_REPRESENTATION_ITEM() RATIONAL_B_SPLINE_CURVE((1.,0.5,1.,0.5,
1.,0.5,1.)) REPRESENTATION_ITEM('') );
#8990 = CARTESIAN_POINT('',(41.,-26.6176));
#8991 = CARTESIAN_POINT('',(40.740192378865,-26.6176));
#8992 = CARTESIAN_POINT('',(40.870096189432,-26.3926));
#8993 = CARTESIAN_POINT('',(41.,-26.1676));
#8994 = CARTESIAN_POINT('',(41.129903810568,-26.3926));
#8995 = CARTESIAN_POINT('',(41.259807621135,-26.6176));
#8996 = CARTESIAN_POINT('',(41.,-26.6176));
#8997 = ( GEOMETRIC_REPRESENTATION_CONTEXT(2) 
PARAMETRIC_REPRESENTATION_CONTEXT() REPRESENTATION_CONTEXT('2D SPACE',''
  ) );
#8998 = PCURVE('',#4661,#8999);
#8999 = DEFINITIONAL_REPRESENTATION('',(#9000),#9004);
#9000 = LINE('',#9001,#9002);
#9001 = CARTESIAN_POINT('',(0.,-0.746));
#9002 = VECTOR('',#9003,1.);
#9003 = DIRECTION('',(1.,0.));
#9004 = ( GEOMETRIC_REPRESENTATION_CONTEXT(2) 
PARAMETRIC_REPRESENTATION_CONTEXT() REPRESENTATION_CONTEXT('2D SPACE',''
  ) );
#9005 = FACE_BOUND('',#9006,.T.);
#9006 = EDGE_LOOP('',(#9007));
#9007 = ORIENTED_EDGE('',*,*,#9008,.T.);
#9008 = EDGE_CURVE('',#9009,#9009,#9011,.T.);
#9009 = VERTEX_POINT('',#9010);
#9010 = CARTESIAN_POINT('',(42.3996,-26.6021,0.755));
#9011 = SURFACE_CURVE('',#9012,(#9017,#9028),.PCURVE_S1.);
#9012 = CIRCLE('',#9013,0.15);
#9013 = AXIS2_PLACEMENT_3D('',#9014,#9015,#9016);
#9014 = CARTESIAN_POINT('',(42.3996,-26.4521,0.755));
#9015 = DIRECTION('',(-0.,-0.,-1.));
#9016 = DIRECTION('',(0.,-1.,0.));
#9017 = PCURVE('',#73,#9018);
#9018 = DEFINITIONAL_REPRESENTATION('',(#9019),#9027);
#9019 = ( BOUNDED_CURVE() B_SPLINE_CURVE(2,(#9020,#9021,#9022,#9023,
#9024,#9025,#9026),.UNSPECIFIED.,.T.,.F.) B_SPLINE_CURVE_WITH_KNOTS((1,2
    ,2,2,2,1),(-2.094395102393,0.,2.094395102393,4.188790204786,
6.28318530718,8.377580409573),.UNSPECIFIED.) CURVE() 
GEOMETRIC_REPRESENTATION_ITEM() RATIONAL_B_SPLINE_CURVE((1.,0.5,1.,0.5,
1.,0.5,1.)) REPRESENTATION_ITEM('') );
#9020 = CARTESIAN_POINT('',(42.3996,-26.6021));
#9021 = CARTESIAN_POINT('',(42.139792378865,-26.6021));
#9022 = CARTESIAN_POINT('',(42.269696189432,-26.3771));
#9023 = CARTESIAN_POINT('',(42.3996,-26.1521));
#9024 = CARTESIAN_POINT('',(42.529503810568,-26.3771));
#9025 = CARTESIAN_POINT('',(42.659407621135,-26.6021));
#9026 = CARTESIAN_POINT('',(42.3996,-26.6021));
#9027 = ( GEOMETRIC_REPRESENTATION_CONTEXT(2) 
PARAMETRIC_REPRESENTATION_CONTEXT() REPRESENTATION_CONTEXT('2D SPACE',''
  ) );
#9028 = PCURVE('',#4696,#9029);
#9029 = DEFINITIONAL_REPRESENTATION('',(#9030),#9034);
#9030 = LINE('',#9031,#9032);
#9031 = CARTESIAN_POINT('',(0.,-0.746));
#9032 = VECTOR('',#9033,1.);
#9033 = DIRECTION('',(1.,0.));
#9034 = ( GEOMETRIC_REPRESENTATION_CONTEXT(2) 
PARAMETRIC_REPRESENTATION_CONTEXT() REPRESENTATION_CONTEXT('2D SPACE',''
  ) );
#9035 = FACE_BOUND('',#9036,.T.);
#9036 = EDGE_LOOP('',(#9037));
#9037 = ORIENTED_EDGE('',*,*,#9038,.T.);
#9038 = EDGE_CURVE('',#9039,#9039,#9041,.T.);
#9039 = VERTEX_POINT('',#9040);
#9040 = CARTESIAN_POINT('',(37.5606,-21.5336,0.755));
#9041 = SURFACE_CURVE('',#9042,(#9047,#9058),.PCURVE_S1.);
#9042 = CIRCLE('',#9043,0.15);
#9043 = AXIS2_PLACEMENT_3D('',#9044,#9045,#9046);
#9044 = CARTESIAN_POINT('',(37.5606,-21.3836,0.755));
#9045 = DIRECTION('',(-0.,-0.,-1.));
#9046 = DIRECTION('',(0.,-1.,0.));
#9047 = PCURVE('',#73,#9048);
#9048 = DEFINITIONAL_REPRESENTATION('',(#9049),#9057);
#9049 = ( BOUNDED_CURVE() B_SPLINE_CURVE(2,(#9050,#9051,#9052,#9053,
#9054,#9055,#9056),.UNSPECIFIED.,.T.,.F.) B_SPLINE_CURVE_WITH_KNOTS((1,2
    ,2,2,2,1),(-2.094395102393,0.,2.094395102393,4.188790204786,
6.28318530718,8.377580409573),.UNSPECIFIED.) CURVE() 
GEOMETRIC_REPRESENTATION_ITEM() RATIONAL_B_SPLINE_CURVE((1.,0.5,1.,0.5,
1.,0.5,1.)) REPRESENTATION_ITEM('') );
#9050 = CARTESIAN_POINT('',(37.5606,-21.5336));
#9051 = CARTESIAN_POINT('',(37.300792378865,-21.5336));
#9052 = CARTESIAN_POINT('',(37.430696189432,-21.3086));
#9053 = CARTESIAN_POINT('',(37.5606,-21.0836));
#9054 = CARTESIAN_POINT('',(37.690503810568,-21.3086));
#9055 = CARTESIAN_POINT('',(37.820407621135,-21.5336));
#9056 = CARTESIAN_POINT('',(37.5606,-21.5336));
#9057 = ( GEOMETRIC_REPRESENTATION_CONTEXT(2) 
PARAMETRIC_REPRESENTATION_CONTEXT() REPRESENTATION_CONTEXT('2D SPACE',''
  ) );
#9058 = PCURVE('',#4731,#9059);
#9059 = DEFINITIONAL_REPRESENTATION('',(#9060),#9064);
#9060 = LINE('',#9061,#9062);
#9061 = CARTESIAN_POINT('',(0.,-0.746));
#9062 = VECTOR('',#9063,1.);
#9063 = DIRECTION('',(1.,0.));
#9064 = ( GEOMETRIC_REPRESENTATION_CONTEXT(2) 
PARAMETRIC_REPRESENTATION_CONTEXT() REPRESENTATION_CONTEXT('2D SPACE',''
  ) );
#9065 = FACE_BOUND('',#9066,.T.);
#9066 = EDGE_LOOP('',(#9067));
#9067 = ORIENTED_EDGE('',*,*,#9068,.T.);
#9068 = EDGE_CURVE('',#9069,#9069,#9071,.T.);
#9069 = VERTEX_POINT('',#9070);
#9070 = CARTESIAN_POINT('',(41.8419,-21.6158,0.755));
#9071 = SURFACE_CURVE('',#9072,(#9077,#9088),.PCURVE_S1.);
#9072 = CIRCLE('',#9073,0.15);
#9073 = AXIS2_PLACEMENT_3D('',#9074,#9075,#9076);
#9074 = CARTESIAN_POINT('',(41.8419,-21.4658,0.755));
#9075 = DIRECTION('',(0.,-0.,-1.));
#9076 = DIRECTION('',(4.736951571734E-14,-1.,0.));
#9077 = PCURVE('',#73,#9078);
#9078 = DEFINITIONAL_REPRESENTATION('',(#9079),#9087);
#9079 = ( BOUNDED_CURVE() B_SPLINE_CURVE(2,(#9080,#9081,#9082,#9083,
#9084,#9085,#9086),.UNSPECIFIED.,.T.,.F.) B_SPLINE_CURVE_WITH_KNOTS((1,2
    ,2,2,2,1),(-2.094395102393,0.,2.094395102393,4.188790204786,
6.28318530718,8.377580409573),.UNSPECIFIED.) CURVE() 
GEOMETRIC_REPRESENTATION_ITEM() RATIONAL_B_SPLINE_CURVE((1.,0.5,1.,0.5,
1.,0.5,1.)) REPRESENTATION_ITEM('') );
#9080 = CARTESIAN_POINT('',(41.8419,-21.6158));
#9081 = CARTESIAN_POINT('',(41.582092378865,-21.6158));
#9082 = CARTESIAN_POINT('',(41.711996189432,-21.3908));
#9083 = CARTESIAN_POINT('',(41.8419,-21.1658));
#9084 = CARTESIAN_POINT('',(41.971803810568,-21.3908));
#9085 = CARTESIAN_POINT('',(42.101707621135,-21.6158));
#9086 = CARTESIAN_POINT('',(41.8419,-21.6158));
#9087 = ( GEOMETRIC_REPRESENTATION_CONTEXT(2) 
PARAMETRIC_REPRESENTATION_CONTEXT() REPRESENTATION_CONTEXT('2D SPACE',''
  ) );
#9088 = PCURVE('',#4766,#9089);
#9089 = DEFINITIONAL_REPRESENTATION('',(#9090),#9094);
#9090 = LINE('',#9091,#9092);
#9091 = CARTESIAN_POINT('',(0.,-0.746));
#9092 = VECTOR('',#9093,1.);
#9093 = DIRECTION('',(1.,0.));
#9094 = ( GEOMETRIC_REPRESENTATION_CONTEXT(2) 
PARAMETRIC_REPRESENTATION_CONTEXT() REPRESENTATION_CONTEXT('2D SPACE',''
  ) );
#9095 = FACE_BOUND('',#9096,.T.);
#9096 = EDGE_LOOP('',(#9097));
#9097 = ORIENTED_EDGE('',*,*,#9098,.T.);
#9098 = EDGE_CURVE('',#9099,#9099,#9101,.T.);
#9099 = VERTEX_POINT('',#9100);
#9100 = CARTESIAN_POINT('',(44.,-31.2378,0.755));
#9101 = SURFACE_CURVE('',#9102,(#9107,#9118),.PCURVE_S1.);
#9102 = CIRCLE('',#9103,0.15);
#9103 = AXIS2_PLACEMENT_3D('',#9104,#9105,#9106);
#9104 = CARTESIAN_POINT('',(44.,-31.0878,0.755));
#9105 = DIRECTION('',(-0.,-0.,-1.));
#9106 = DIRECTION('',(0.,-1.,0.));
#9107 = PCURVE('',#73,#9108);
#9108 = DEFINITIONAL_REPRESENTATION('',(#9109),#9117);
#9109 = ( BOUNDED_CURVE() B_SPLINE_CURVE(2,(#9110,#9111,#9112,#9113,
#9114,#9115,#9116),.UNSPECIFIED.,.T.,.F.) B_SPLINE_CURVE_WITH_KNOTS((1,2
    ,2,2,2,1),(-2.094395102393,0.,2.094395102393,4.188790204786,
6.28318530718,8.377580409573),.UNSPECIFIED.) CURVE() 
GEOMETRIC_REPRESENTATION_ITEM() RATIONAL_B_SPLINE_CURVE((1.,0.5,1.,0.5,
1.,0.5,1.)) REPRESENTATION_ITEM('') );
#9110 = CARTESIAN_POINT('',(44.,-31.2378));
#9111 = CARTESIAN_POINT('',(43.740192378865,-31.2378));
#9112 = CARTESIAN_POINT('',(43.870096189432,-31.0128));
#9113 = CARTESIAN_POINT('',(44.,-30.7878));
#9114 = CARTESIAN_POINT('',(44.129903810568,-31.0128));
#9115 = CARTESIAN_POINT('',(44.259807621135,-31.2378));
#9116 = CARTESIAN_POINT('',(44.,-31.2378));
#9117 = ( GEOMETRIC_REPRESENTATION_CONTEXT(2) 
PARAMETRIC_REPRESENTATION_CONTEXT() REPRESENTATION_CONTEXT('2D SPACE',''
  ) );
#9118 = PCURVE('',#4801,#9119);
#9119 = DEFINITIONAL_REPRESENTATION('',(#9120),#9124);
#9120 = LINE('',#9121,#9122);
#9121 = CARTESIAN_POINT('',(0.,-0.746));
#9122 = VECTOR('',#9123,1.);
#9123 = DIRECTION('',(1.,0.));
#9124 = ( GEOMETRIC_REPRESENTATION_CONTEXT(2) 
PARAMETRIC_REPRESENTATION_CONTEXT() REPRESENTATION_CONTEXT('2D SPACE',''
  ) );
#9125 = FACE_BOUND('',#9126,.T.);
#9126 = EDGE_LOOP('',(#9127));
#9127 = ORIENTED_EDGE('',*,*,#9128,.T.);
#9128 = EDGE_CURVE('',#9129,#9129,#9131,.T.);
#9129 = VERTEX_POINT('',#9130);
#9130 = CARTESIAN_POINT('',(46.6424,-31.828,0.755));
#9131 = SURFACE_CURVE('',#9132,(#9137,#9148),.PCURVE_S1.);
#9132 = CIRCLE('',#9133,0.15);
#9133 = AXIS2_PLACEMENT_3D('',#9134,#9135,#9136);
#9134 = CARTESIAN_POINT('',(46.6424,-31.678,0.755));
#9135 = DIRECTION('',(-0.,-0.,-1.));
#9136 = DIRECTION('',(0.,-1.,0.));
#9137 = PCURVE('',#73,#9138);
#9138 = DEFINITIONAL_REPRESENTATION('',(#9139),#9147);
#9139 = ( BOUNDED_CURVE() B_SPLINE_CURVE(2,(#9140,#9141,#9142,#9143,
#9144,#9145,#9146),.UNSPECIFIED.,.T.,.F.) B_SPLINE_CURVE_WITH_KNOTS((1,2
    ,2,2,2,1),(-2.094395102393,0.,2.094395102393,4.188790204786,
6.28318530718,8.377580409573),.UNSPECIFIED.) CURVE() 
GEOMETRIC_REPRESENTATION_ITEM() RATIONAL_B_SPLINE_CURVE((1.,0.5,1.,0.5,
1.,0.5,1.)) REPRESENTATION_ITEM('') );
#9140 = CARTESIAN_POINT('',(46.6424,-31.828));
#9141 = CARTESIAN_POINT('',(46.382592378865,-31.828));
#9142 = CARTESIAN_POINT('',(46.512496189432,-31.603));
#9143 = CARTESIAN_POINT('',(46.6424,-31.378));
#9144 = CARTESIAN_POINT('',(46.772303810568,-31.603));
#9145 = CARTESIAN_POINT('',(46.902207621135,-31.828));
#9146 = CARTESIAN_POINT('',(46.6424,-31.828));
#9147 = ( GEOMETRIC_REPRESENTATION_CONTEXT(2) 
PARAMETRIC_REPRESENTATION_CONTEXT() REPRESENTATION_CONTEXT('2D SPACE',''
  ) );
#9148 = PCURVE('',#4836,#9149);
#9149 = DEFINITIONAL_REPRESENTATION('',(#9150),#9154);
#9150 = LINE('',#9151,#9152);
#9151 = CARTESIAN_POINT('',(0.,-0.746));
#9152 = VECTOR('',#9153,1.);
#9153 = DIRECTION('',(1.,0.));
#9154 = ( GEOMETRIC_REPRESENTATION_CONTEXT(2) 
PARAMETRIC_REPRESENTATION_CONTEXT() REPRESENTATION_CONTEXT('2D SPACE',''
  ) );
#9155 = FACE_BOUND('',#9156,.T.);
#9156 = EDGE_LOOP('',(#9157));
#9157 = ORIENTED_EDGE('',*,*,#9158,.T.);
#9158 = EDGE_CURVE('',#9159,#9159,#9161,.T.);
#9159 = VERTEX_POINT('',#9160);
#9160 = CARTESIAN_POINT('',(52.1372,-30.7268,0.755));
#9161 = SURFACE_CURVE('',#9162,(#9167,#9178),.PCURVE_S1.);
#9162 = CIRCLE('',#9163,0.15);
#9163 = AXIS2_PLACEMENT_3D('',#9164,#9165,#9166);
#9164 = CARTESIAN_POINT('',(52.1372,-30.5768,0.755));
#9165 = DIRECTION('',(-0.,-0.,-1.));
#9166 = DIRECTION('',(0.,-1.,0.));
#9167 = PCURVE('',#73,#9168);
#9168 = DEFINITIONAL_REPRESENTATION('',(#9169),#9177);
#9169 = ( BOUNDED_CURVE() B_SPLINE_CURVE(2,(#9170,#9171,#9172,#9173,
#9174,#9175,#9176),.UNSPECIFIED.,.T.,.F.) B_SPLINE_CURVE_WITH_KNOTS((1,2
    ,2,2,2,1),(-2.094395102393,0.,2.094395102393,4.188790204786,
6.28318530718,8.377580409573),.UNSPECIFIED.) CURVE() 
GEOMETRIC_REPRESENTATION_ITEM() RATIONAL_B_SPLINE_CURVE((1.,0.5,1.,0.5,
1.,0.5,1.)) REPRESENTATION_ITEM('') );
#9170 = CARTESIAN_POINT('',(52.1372,-30.7268));
#9171 = CARTESIAN_POINT('',(51.877392378865,-30.7268));
#9172 = CARTESIAN_POINT('',(52.007296189432,-30.5018));
#9173 = CARTESIAN_POINT('',(52.1372,-30.2768));
#9174 = CARTESIAN_POINT('',(52.267103810568,-30.5018));
#9175 = CARTESIAN_POINT('',(52.397007621135,-30.7268));
#9176 = CARTESIAN_POINT('',(52.1372,-30.7268));
#9177 = ( GEOMETRIC_REPRESENTATION_CONTEXT(2) 
PARAMETRIC_REPRESENTATION_CONTEXT() REPRESENTATION_CONTEXT('2D SPACE',''
  ) );
#9178 = PCURVE('',#4871,#9179);
#9179 = DEFINITIONAL_REPRESENTATION('',(#9180),#9184);
#9180 = LINE('',#9181,#9182);
#9181 = CARTESIAN_POINT('',(0.,-0.746));
#9182 = VECTOR('',#9183,1.);
#9183 = DIRECTION('',(1.,0.));
#9184 = ( GEOMETRIC_REPRESENTATION_CONTEXT(2) 
PARAMETRIC_REPRESENTATION_CONTEXT() REPRESENTATION_CONTEXT('2D SPACE',''
  ) );
#9185 = FACE_BOUND('',#9186,.T.);
#9186 = EDGE_LOOP('',(#9187));
#9187 = ORIENTED_EDGE('',*,*,#9188,.T.);
#9188 = EDGE_CURVE('',#9189,#9189,#9191,.T.);
#9189 = VERTEX_POINT('',#9190);
#9190 = CARTESIAN_POINT('',(53.2557,-30.6153,0.755));
#9191 = SURFACE_CURVE('',#9192,(#9197,#9208),.PCURVE_S1.);
#9192 = CIRCLE('',#9193,0.15);
#9193 = AXIS2_PLACEMENT_3D('',#9194,#9195,#9196);
#9194 = CARTESIAN_POINT('',(53.2557,-30.4653,0.755));
#9195 = DIRECTION('',(-0.,0.,-1.));
#9196 = DIRECTION('',(-4.736951571734E-14,-1.,0.));
#9197 = PCURVE('',#73,#9198);
#9198 = DEFINITIONAL_REPRESENTATION('',(#9199),#9207);
#9199 = ( BOUNDED_CURVE() B_SPLINE_CURVE(2,(#9200,#9201,#9202,#9203,
#9204,#9205,#9206),.UNSPECIFIED.,.T.,.F.) B_SPLINE_CURVE_WITH_KNOTS((1,2
    ,2,2,2,1),(-2.094395102393,0.,2.094395102393,4.188790204786,
6.28318530718,8.377580409573),.UNSPECIFIED.) CURVE() 
GEOMETRIC_REPRESENTATION_ITEM() RATIONAL_B_SPLINE_CURVE((1.,0.5,1.,0.5,
1.,0.5,1.)) REPRESENTATION_ITEM('') );
#9200 = CARTESIAN_POINT('',(53.2557,-30.6153));
#9201 = CARTESIAN_POINT('',(52.995892378865,-30.6153));
#9202 = CARTESIAN_POINT('',(53.125796189432,-30.3903));
#9203 = CARTESIAN_POINT('',(53.2557,-30.1653));
#9204 = CARTESIAN_POINT('',(53.385603810568,-30.3903));
#9205 = CARTESIAN_POINT('',(53.515507621135,-30.6153));
#9206 = CARTESIAN_POINT('',(53.2557,-30.6153));
#9207 = ( GEOMETRIC_REPRESENTATION_CONTEXT(2) 
PARAMETRIC_REPRESENTATION_CONTEXT() REPRESENTATION_CONTEXT('2D SPACE',''
  ) );
#9208 = PCURVE('',#4906,#9209);
#9209 = DEFINITIONAL_REPRESENTATION('',(#9210),#9214);
#9210 = LINE('',#9211,#9212);
#9211 = CARTESIAN_POINT('',(0.,-0.746));
#9212 = VECTOR('',#9213,1.);
#9213 = DIRECTION('',(1.,0.));
#9214 = ( GEOMETRIC_REPRESENTATION_CONTEXT(2) 
PARAMETRIC_REPRESENTATION_CONTEXT() REPRESENTATION_CONTEXT('2D SPACE',''
  ) );
#9215 = FACE_BOUND('',#9216,.T.);
#9216 = EDGE_LOOP('',(#9217));
#9217 = ORIENTED_EDGE('',*,*,#9218,.T.);
#9218 = EDGE_CURVE('',#9219,#9219,#9221,.T.);
#9219 = VERTEX_POINT('',#9220);
#9220 = CARTESIAN_POINT('',(43.4,-26.6084,0.755));
#9221 = SURFACE_CURVE('',#9222,(#9227,#9238),.PCURVE_S1.);
#9222 = CIRCLE('',#9223,0.15);
#9223 = AXIS2_PLACEMENT_3D('',#9224,#9225,#9226);
#9224 = CARTESIAN_POINT('',(43.4,-26.4584,0.755));
#9225 = DIRECTION('',(-0.,-0.,-1.));
#9226 = DIRECTION('',(0.,-1.,0.));
#9227 = PCURVE('',#73,#9228);
#9228 = DEFINITIONAL_REPRESENTATION('',(#9229),#9237);
#9229 = ( BOUNDED_CURVE() B_SPLINE_CURVE(2,(#9230,#9231,#9232,#9233,
#9234,#9235,#9236),.UNSPECIFIED.,.T.,.F.) B_SPLINE_CURVE_WITH_KNOTS((1,2
    ,2,2,2,1),(-2.094395102393,0.,2.094395102393,4.188790204786,
6.28318530718,8.377580409573),.UNSPECIFIED.) CURVE() 
GEOMETRIC_REPRESENTATION_ITEM() RATIONAL_B_SPLINE_CURVE((1.,0.5,1.,0.5,
1.,0.5,1.)) REPRESENTATION_ITEM('') );
#9230 = CARTESIAN_POINT('',(43.4,-26.6084));
#9231 = CARTESIAN_POINT('',(43.140192378865,-26.6084));
#9232 = CARTESIAN_POINT('',(43.270096189432,-26.3834));
#9233 = CARTESIAN_POINT('',(43.4,-26.1584));
#9234 = CARTESIAN_POINT('',(43.529903810568,-26.3834));
#9235 = CARTESIAN_POINT('',(43.659807621135,-26.6084));
#9236 = CARTESIAN_POINT('',(43.4,-26.6084));
#9237 = ( GEOMETRIC_REPRESENTATION_CONTEXT(2) 
PARAMETRIC_REPRESENTATION_CONTEXT() REPRESENTATION_CONTEXT('2D SPACE',''
  ) );
#9238 = PCURVE('',#4941,#9239);
#9239 = DEFINITIONAL_REPRESENTATION('',(#9240),#9244);
#9240 = LINE('',#9241,#9242);
#9241 = CARTESIAN_POINT('',(0.,-0.746));
#9242 = VECTOR('',#9243,1.);
#9243 = DIRECTION('',(1.,0.));
#9244 = ( GEOMETRIC_REPRESENTATION_CONTEXT(2) 
PARAMETRIC_REPRESENTATION_CONTEXT() REPRESENTATION_CONTEXT('2D SPACE',''
  ) );
#9245 = FACE_BOUND('',#9246,.T.);
#9246 = EDGE_LOOP('',(#9247));
#9247 = ORIENTED_EDGE('',*,*,#9248,.T.);
#9248 = EDGE_CURVE('',#9249,#9249,#9251,.T.);
#9249 = VERTEX_POINT('',#9250);
#9250 = CARTESIAN_POINT('',(45.0889,-27.5032,0.755));
#9251 = SURFACE_CURVE('',#9252,(#9257,#9268),.PCURVE_S1.);
#9252 = CIRCLE('',#9253,0.15);
#9253 = AXIS2_PLACEMENT_3D('',#9254,#9255,#9256);
#9254 = CARTESIAN_POINT('',(45.0889,-27.3532,0.755));
#9255 = DIRECTION('',(0.,-0.,-1.));
#9256 = DIRECTION('',(4.736951571734E-14,-1.,0.));
#9257 = PCURVE('',#73,#9258);
#9258 = DEFINITIONAL_REPRESENTATION('',(#9259),#9267);
#9259 = ( BOUNDED_CURVE() B_SPLINE_CURVE(2,(#9260,#9261,#9262,#9263,
#9264,#9265,#9266),.UNSPECIFIED.,.T.,.F.) B_SPLINE_CURVE_WITH_KNOTS((1,2
    ,2,2,2,1),(-2.094395102393,0.,2.094395102393,4.188790204786,
6.28318530718,8.377580409573),.UNSPECIFIED.) CURVE() 
GEOMETRIC_REPRESENTATION_ITEM() RATIONAL_B_SPLINE_CURVE((1.,0.5,1.,0.5,
1.,0.5,1.)) REPRESENTATION_ITEM('') );
#9260 = CARTESIAN_POINT('',(45.0889,-27.5032));
#9261 = CARTESIAN_POINT('',(44.829092378865,-27.5032));
#9262 = CARTESIAN_POINT('',(44.958996189432,-27.2782));
#9263 = CARTESIAN_POINT('',(45.0889,-27.0532));
#9264 = CARTESIAN_POINT('',(45.218803810568,-27.2782));
#9265 = CARTESIAN_POINT('',(45.348707621135,-27.5032));
#9266 = CARTESIAN_POINT('',(45.0889,-27.5032));
#9267 = ( GEOMETRIC_REPRESENTATION_CONTEXT(2) 
PARAMETRIC_REPRESENTATION_CONTEXT() REPRESENTATION_CONTEXT('2D SPACE',''
  ) );
#9268 = PCURVE('',#4976,#9269);
#9269 = DEFINITIONAL_REPRESENTATION('',(#9270),#9274);
#9270 = LINE('',#9271,#9272);
#9271 = CARTESIAN_POINT('',(0.,-0.746));
#9272 = VECTOR('',#9273,1.);
#9273 = DIRECTION('',(1.,0.));
#9274 = ( GEOMETRIC_REPRESENTATION_CONTEXT(2) 
PARAMETRIC_REPRESENTATION_CONTEXT() REPRESENTATION_CONTEXT('2D SPACE',''
  ) );
#9275 = FACE_BOUND('',#9276,.T.);
#9276 = EDGE_LOOP('',(#9277));
#9277 = ORIENTED_EDGE('',*,*,#9278,.T.);
#9278 = EDGE_CURVE('',#9279,#9279,#9281,.T.);
#9279 = VERTEX_POINT('',#9280);
#9280 = CARTESIAN_POINT('',(45.09,-26.7047,0.755));
#9281 = SURFACE_CURVE('',#9282,(#9287,#9298),.PCURVE_S1.);
#9282 = CIRCLE('',#9283,0.15);
#9283 = AXIS2_PLACEMENT_3D('',#9284,#9285,#9286);
#9284 = CARTESIAN_POINT('',(45.09,-26.5547,0.755));
#9285 = DIRECTION('',(-0.,-0.,-1.));
#9286 = DIRECTION('',(0.,-1.,0.));
#9287 = PCURVE('',#73,#9288);
#9288 = DEFINITIONAL_REPRESENTATION('',(#9289),#9297);
#9289 = ( BOUNDED_CURVE() B_SPLINE_CURVE(2,(#9290,#9291,#9292,#9293,
#9294,#9295,#9296),.UNSPECIFIED.,.T.,.F.) B_SPLINE_CURVE_WITH_KNOTS((1,2
    ,2,2,2,1),(-2.094395102393,0.,2.094395102393,4.188790204786,
6.28318530718,8.377580409573),.UNSPECIFIED.) CURVE() 
GEOMETRIC_REPRESENTATION_ITEM() RATIONAL_B_SPLINE_CURVE((1.,0.5,1.,0.5,
1.,0.5,1.)) REPRESENTATION_ITEM('') );
#9290 = CARTESIAN_POINT('',(45.09,-26.7047));
#9291 = CARTESIAN_POINT('',(44.830192378865,-26.7047));
#9292 = CARTESIAN_POINT('',(44.960096189432,-26.4797));
#9293 = CARTESIAN_POINT('',(45.09,-26.2547));
#9294 = CARTESIAN_POINT('',(45.219903810568,-26.4797));
#9295 = CARTESIAN_POINT('',(45.349807621135,-26.7047));
#9296 = CARTESIAN_POINT('',(45.09,-26.7047));
#9297 = ( GEOMETRIC_REPRESENTATION_CONTEXT(2) 
PARAMETRIC_REPRESENTATION_CONTEXT() REPRESENTATION_CONTEXT('2D SPACE',''
  ) );
#9298 = PCURVE('',#5011,#9299);
#9299 = DEFINITIONAL_REPRESENTATION('',(#9300),#9304);
#9300 = LINE('',#9301,#9302);
#9301 = CARTESIAN_POINT('',(0.,-0.746));
#9302 = VECTOR('',#9303,1.);
#9303 = DIRECTION('',(1.,0.));
#9304 = ( GEOMETRIC_REPRESENTATION_CONTEXT(2) 
PARAMETRIC_REPRESENTATION_CONTEXT() REPRESENTATION_CONTEXT('2D SPACE',''
  ) );
#9305 = FACE_BOUND('',#9306,.T.);
#9306 = EDGE_LOOP('',(#9307));
#9307 = ORIENTED_EDGE('',*,*,#9308,.T.);
#9308 = EDGE_CURVE('',#9309,#9309,#9311,.T.);
#9309 = VERTEX_POINT('',#9310);
#9310 = CARTESIAN_POINT('',(46.8734,-24.5599,0.755));
#9311 = SURFACE_CURVE('',#9312,(#9317,#9328),.PCURVE_S1.);
#9312 = CIRCLE('',#9313,0.15);
#9313 = AXIS2_PLACEMENT_3D('',#9314,#9315,#9316);
#9314 = CARTESIAN_POINT('',(46.8734,-24.4099,0.755));
#9315 = DIRECTION('',(-0.,0.,-1.));
#9316 = DIRECTION('',(-4.736951571734E-14,-1.,0.));
#9317 = PCURVE('',#73,#9318);
#9318 = DEFINITIONAL_REPRESENTATION('',(#9319),#9327);
#9319 = ( BOUNDED_CURVE() B_SPLINE_CURVE(2,(#9320,#9321,#9322,#9323,
#9324,#9325,#9326),.UNSPECIFIED.,.T.,.F.) B_SPLINE_CURVE_WITH_KNOTS((1,2
    ,2,2,2,1),(-2.094395102393,0.,2.094395102393,4.188790204786,
6.28318530718,8.377580409573),.UNSPECIFIED.) CURVE() 
GEOMETRIC_REPRESENTATION_ITEM() RATIONAL_B_SPLINE_CURVE((1.,0.5,1.,0.5,
1.,0.5,1.)) REPRESENTATION_ITEM('') );
#9320 = CARTESIAN_POINT('',(46.8734,-24.5599));
#9321 = CARTESIAN_POINT('',(46.613592378865,-24.5599));
#9322 = CARTESIAN_POINT('',(46.743496189432,-24.3349));
#9323 = CARTESIAN_POINT('',(46.8734,-24.1099));
#9324 = CARTESIAN_POINT('',(47.003303810568,-24.3349));
#9325 = CARTESIAN_POINT('',(47.133207621135,-24.5599));
#9326 = CARTESIAN_POINT('',(46.8734,-24.5599));
#9327 = ( GEOMETRIC_REPRESENTATION_CONTEXT(2) 
PARAMETRIC_REPRESENTATION_CONTEXT() REPRESENTATION_CONTEXT('2D SPACE',''
  ) );
#9328 = PCURVE('',#5046,#9329);
#9329 = DEFINITIONAL_REPRESENTATION('',(#9330),#9334);
#9330 = LINE('',#9331,#9332);
#9331 = CARTESIAN_POINT('',(0.,-0.746));
#9332 = VECTOR('',#9333,1.);
#9333 = DIRECTION('',(1.,0.));
#9334 = ( GEOMETRIC_REPRESENTATION_CONTEXT(2) 
PARAMETRIC_REPRESENTATION_CONTEXT() REPRESENTATION_CONTEXT('2D SPACE',''
  ) );
#9335 = FACE_BOUND('',#9336,.T.);
#9336 = EDGE_LOOP('',(#9337));
#9337 = ORIENTED_EDGE('',*,*,#9338,.T.);
#9338 = EDGE_CURVE('',#9339,#9339,#9341,.T.);
#9339 = VERTEX_POINT('',#9340);
#9340 = CARTESIAN_POINT('',(48.1639,-22.2784,0.755));
#9341 = SURFACE_CURVE('',#9342,(#9347,#9358),.PCURVE_S1.);
#9342 = CIRCLE('',#9343,0.15);
#9343 = AXIS2_PLACEMENT_3D('',#9344,#9345,#9346);
#9344 = CARTESIAN_POINT('',(48.1639,-22.1284,0.755));
#9345 = DIRECTION('',(-0.,-0.,-1.));
#9346 = DIRECTION('',(0.,-1.,0.));
#9347 = PCURVE('',#73,#9348);
#9348 = DEFINITIONAL_REPRESENTATION('',(#9349),#9357);
#9349 = ( BOUNDED_CURVE() B_SPLINE_CURVE(2,(#9350,#9351,#9352,#9353,
#9354,#9355,#9356),.UNSPECIFIED.,.T.,.F.) B_SPLINE_CURVE_WITH_KNOTS((1,2
    ,2,2,2,1),(-2.094395102393,0.,2.094395102393,4.188790204786,
6.28318530718,8.377580409573),.UNSPECIFIED.) CURVE() 
GEOMETRIC_REPRESENTATION_ITEM() RATIONAL_B_SPLINE_CURVE((1.,0.5,1.,0.5,
1.,0.5,1.)) REPRESENTATION_ITEM('') );
#9350 = CARTESIAN_POINT('',(48.1639,-22.2784));
#9351 = CARTESIAN_POINT('',(47.904092378865,-22.2784));
#9352 = CARTESIAN_POINT('',(48.033996189432,-22.0534));
#9353 = CARTESIAN_POINT('',(48.1639,-21.8284));
#9354 = CARTESIAN_POINT('',(48.293803810568,-22.0534));
#9355 = CARTESIAN_POINT('',(48.423707621135,-22.2784));
#9356 = CARTESIAN_POINT('',(48.1639,-22.2784));
#9357 = ( GEOMETRIC_REPRESENTATION_CONTEXT(2) 
PARAMETRIC_REPRESENTATION_CONTEXT() REPRESENTATION_CONTEXT('2D SPACE',''
  ) );
#9358 = PCURVE('',#5081,#9359);
#9359 = DEFINITIONAL_REPRESENTATION('',(#9360),#9364);
#9360 = LINE('',#9361,#9362);
#9361 = CARTESIAN_POINT('',(0.,-0.746));
#9362 = VECTOR('',#9363,1.);
#9363 = DIRECTION('',(1.,0.));
#9364 = ( GEOMETRIC_REPRESENTATION_CONTEXT(2) 
PARAMETRIC_REPRESENTATION_CONTEXT() REPRESENTATION_CONTEXT('2D SPACE',''
  ) );
#9365 = FACE_BOUND('',#9366,.T.);
#9366 = EDGE_LOOP('',(#9367));
#9367 = ORIENTED_EDGE('',*,*,#9368,.T.);
#9368 = EDGE_CURVE('',#9369,#9369,#9371,.T.);
#9369 = VERTEX_POINT('',#9370);
#9370 = CARTESIAN_POINT('',(48.2298,-18.6498,0.755));
#9371 = SURFACE_CURVE('',#9372,(#9377,#9388),.PCURVE_S1.);
#9372 = CIRCLE('',#9373,0.15);
#9373 = AXIS2_PLACEMENT_3D('',#9374,#9375,#9376);
#9374 = CARTESIAN_POINT('',(48.2298,-18.4998,0.755));
#9375 = DIRECTION('',(-0.,-0.,-1.));
#9376 = DIRECTION('',(0.,-1.,0.));
#9377 = PCURVE('',#73,#9378);
#9378 = DEFINITIONAL_REPRESENTATION('',(#9379),#9387);
#9379 = ( BOUNDED_CURVE() B_SPLINE_CURVE(2,(#9380,#9381,#9382,#9383,
#9384,#9385,#9386),.UNSPECIFIED.,.T.,.F.) B_SPLINE_CURVE_WITH_KNOTS((1,2
    ,2,2,2,1),(-2.094395102393,0.,2.094395102393,4.188790204786,
6.28318530718,8.377580409573),.UNSPECIFIED.) CURVE() 
GEOMETRIC_REPRESENTATION_ITEM() RATIONAL_B_SPLINE_CURVE((1.,0.5,1.,0.5,
1.,0.5,1.)) REPRESENTATION_ITEM('') );
#9380 = CARTESIAN_POINT('',(48.2298,-18.6498));
#9381 = CARTESIAN_POINT('',(47.969992378865,-18.6498));
#9382 = CARTESIAN_POINT('',(48.099896189432,-18.4248));
#9383 = CARTESIAN_POINT('',(48.2298,-18.1998));
#9384 = CARTESIAN_POINT('',(48.359703810568,-18.4248));
#9385 = CARTESIAN_POINT('',(48.489607621135,-18.6498));
#9386 = CARTESIAN_POINT('',(48.2298,-18.6498));
#9387 = ( GEOMETRIC_REPRESENTATION_CONTEXT(2) 
PARAMETRIC_REPRESENTATION_CONTEXT() REPRESENTATION_CONTEXT('2D SPACE',''
  ) );
#9388 = PCURVE('',#5116,#9389);
#9389 = DEFINITIONAL_REPRESENTATION('',(#9390),#9394);
#9390 = LINE('',#9391,#9392);
#9391 = CARTESIAN_POINT('',(0.,-0.746));
#9392 = VECTOR('',#9393,1.);
#9393 = DIRECTION('',(1.,0.));
#9394 = ( GEOMETRIC_REPRESENTATION_CONTEXT(2) 
PARAMETRIC_REPRESENTATION_CONTEXT() REPRESENTATION_CONTEXT('2D SPACE',''
  ) );
#9395 = FACE_BOUND('',#9396,.T.);
#9396 = EDGE_LOOP('',(#9397));
#9397 = ORIENTED_EDGE('',*,*,#9398,.T.);
#9398 = EDGE_CURVE('',#9399,#9399,#9401,.T.);
#9399 = VERTEX_POINT('',#9400);
#9400 = CARTESIAN_POINT('',(49.8,-26.6146,0.755));
#9401 = SURFACE_CURVE('',#9402,(#9407,#9418),.PCURVE_S1.);
#9402 = CIRCLE('',#9403,0.15);
#9403 = AXIS2_PLACEMENT_3D('',#9404,#9405,#9406);
#9404 = CARTESIAN_POINT('',(49.8,-26.4646,0.755));
#9405 = DIRECTION('',(-0.,-0.,-1.));
#9406 = DIRECTION('',(0.,-1.,0.));
#9407 = PCURVE('',#73,#9408);
#9408 = DEFINITIONAL_REPRESENTATION('',(#9409),#9417);
#9409 = ( BOUNDED_CURVE() B_SPLINE_CURVE(2,(#9410,#9411,#9412,#9413,
#9414,#9415,#9416),.UNSPECIFIED.,.T.,.F.) B_SPLINE_CURVE_WITH_KNOTS((1,2
    ,2,2,2,1),(-2.094395102393,0.,2.094395102393,4.188790204786,
6.28318530718,8.377580409573),.UNSPECIFIED.) CURVE() 
GEOMETRIC_REPRESENTATION_ITEM() RATIONAL_B_SPLINE_CURVE((1.,0.5,1.,0.5,
1.,0.5,1.)) REPRESENTATION_ITEM('') );
#9410 = CARTESIAN_POINT('',(49.8,-26.6146));
#9411 = CARTESIAN_POINT('',(49.540192378865,-26.6146));
#9412 = CARTESIAN_POINT('',(49.670096189432,-26.3896));
#9413 = CARTESIAN_POINT('',(49.8,-26.1646));
#9414 = CARTESIAN_POINT('',(49.929903810568,-26.3896));
#9415 = CARTESIAN_POINT('',(50.059807621135,-26.6146));
#9416 = CARTESIAN_POINT('',(49.8,-26.6146));
#9417 = ( GEOMETRIC_REPRESENTATION_CONTEXT(2) 
PARAMETRIC_REPRESENTATION_CONTEXT() REPRESENTATION_CONTEXT('2D SPACE',''
  ) );
#9418 = PCURVE('',#5151,#9419);
#9419 = DEFINITIONAL_REPRESENTATION('',(#9420),#9424);
#9420 = LINE('',#9421,#9422);
#9421 = CARTESIAN_POINT('',(0.,-0.746));
#9422 = VECTOR('',#9423,1.);
#9423 = DIRECTION('',(1.,0.));
#9424 = ( GEOMETRIC_REPRESENTATION_CONTEXT(2) 
PARAMETRIC_REPRESENTATION_CONTEXT() REPRESENTATION_CONTEXT('2D SPACE',''
  ) );
#9425 = FACE_BOUND('',#9426,.T.);
#9426 = EDGE_LOOP('',(#9427));
#9427 = ORIENTED_EDGE('',*,*,#9428,.T.);
#9428 = EDGE_CURVE('',#9429,#9429,#9431,.T.);
#9429 = VERTEX_POINT('',#9430);
#9430 = CARTESIAN_POINT('',(53.1064,-27.039,0.755));
#9431 = SURFACE_CURVE('',#9432,(#9437,#9448),.PCURVE_S1.);
#9432 = CIRCLE('',#9433,0.15);
#9433 = AXIS2_PLACEMENT_3D('',#9434,#9435,#9436);
#9434 = CARTESIAN_POINT('',(53.1064,-26.889,0.755));
#9435 = DIRECTION('',(-0.,-0.,-1.));
#9436 = DIRECTION('',(0.,-1.,0.));
#9437 = PCURVE('',#73,#9438);
#9438 = DEFINITIONAL_REPRESENTATION('',(#9439),#9447);
#9439 = ( BOUNDED_CURVE() B_SPLINE_CURVE(2,(#9440,#9441,#9442,#9443,
#9444,#9445,#9446),.UNSPECIFIED.,.T.,.F.) B_SPLINE_CURVE_WITH_KNOTS((1,2
    ,2,2,2,1),(-2.094395102393,0.,2.094395102393,4.188790204786,
6.28318530718,8.377580409573),.UNSPECIFIED.) CURVE() 
GEOMETRIC_REPRESENTATION_ITEM() RATIONAL_B_SPLINE_CURVE((1.,0.5,1.,0.5,
1.,0.5,1.)) REPRESENTATION_ITEM('') );
#9440 = CARTESIAN_POINT('',(53.1064,-27.039));
#9441 = CARTESIAN_POINT('',(52.846592378865,-27.039));
#9442 = CARTESIAN_POINT('',(52.976496189432,-26.814));
#9443 = CARTESIAN_POINT('',(53.1064,-26.589));
#9444 = CARTESIAN_POINT('',(53.236303810568,-26.814));
#9445 = CARTESIAN_POINT('',(53.366207621135,-27.039));
#9446 = CARTESIAN_POINT('',(53.1064,-27.039));
#9447 = ( GEOMETRIC_REPRESENTATION_CONTEXT(2) 
PARAMETRIC_REPRESENTATION_CONTEXT() REPRESENTATION_CONTEXT('2D SPACE',''
  ) );
#9448 = PCURVE('',#5186,#9449);
#9449 = DEFINITIONAL_REPRESENTATION('',(#9450),#9454);
#9450 = LINE('',#9451,#9452);
#9451 = CARTESIAN_POINT('',(0.,-0.746));
#9452 = VECTOR('',#9453,1.);
#9453 = DIRECTION('',(1.,0.));
#9454 = ( GEOMETRIC_REPRESENTATION_CONTEXT(2) 
PARAMETRIC_REPRESENTATION_CONTEXT() REPRESENTATION_CONTEXT('2D SPACE',''
  ) );
#9455 = FACE_BOUND('',#9456,.T.);
#9456 = EDGE_LOOP('',(#9457));
#9457 = ORIENTED_EDGE('',*,*,#9458,.T.);
#9458 = EDGE_CURVE('',#9459,#9459,#9461,.T.);
#9459 = VERTEX_POINT('',#9460);
#9460 = CARTESIAN_POINT('',(51.996,-21.3522,0.755));
#9461 = SURFACE_CURVE('',#9462,(#9467,#9478),.PCURVE_S1.);
#9462 = CIRCLE('',#9463,0.15);
#9463 = AXIS2_PLACEMENT_3D('',#9464,#9465,#9466);
#9464 = CARTESIAN_POINT('',(51.996,-21.2022,0.755));
#9465 = DIRECTION('',(0.,-0.,-1.));
#9466 = DIRECTION('',(4.736951571734E-14,-1.,0.));
#9467 = PCURVE('',#73,#9468);
#9468 = DEFINITIONAL_REPRESENTATION('',(#9469),#9477);
#9469 = ( BOUNDED_CURVE() B_SPLINE_CURVE(2,(#9470,#9471,#9472,#9473,
#9474,#9475,#9476),.UNSPECIFIED.,.T.,.F.) B_SPLINE_CURVE_WITH_KNOTS((1,2
    ,2,2,2,1),(-2.094395102393,0.,2.094395102393,4.188790204786,
6.28318530718,8.377580409573),.UNSPECIFIED.) CURVE() 
GEOMETRIC_REPRESENTATION_ITEM() RATIONAL_B_SPLINE_CURVE((1.,0.5,1.,0.5,
1.,0.5,1.)) REPRESENTATION_ITEM('') );
#9470 = CARTESIAN_POINT('',(51.996,-21.3522));
#9471 = CARTESIAN_POINT('',(51.736192378865,-21.3522));
#9472 = CARTESIAN_POINT('',(51.866096189432,-21.1272));
#9473 = CARTESIAN_POINT('',(51.996,-20.9022));
#9474 = CARTESIAN_POINT('',(52.125903810568,-21.1272));
#9475 = CARTESIAN_POINT('',(52.255807621135,-21.3522));
#9476 = CARTESIAN_POINT('',(51.996,-21.3522));
#9477 = ( GEOMETRIC_REPRESENTATION_CONTEXT(2) 
PARAMETRIC_REPRESENTATION_CONTEXT() REPRESENTATION_CONTEXT('2D SPACE',''
  ) );
#9478 = PCURVE('',#5221,#9479);
#9479 = DEFINITIONAL_REPRESENTATION('',(#9480),#9484);
#9480 = LINE('',#9481,#9482);
#9481 = CARTESIAN_POINT('',(0.,-0.746));
#9482 = VECTOR('',#9483,1.);
#9483 = DIRECTION('',(1.,0.));
#9484 = ( GEOMETRIC_REPRESENTATION_CONTEXT(2) 
PARAMETRIC_REPRESENTATION_CONTEXT() REPRESENTATION_CONTEXT('2D SPACE',''
  ) );
#9485 = FACE_BOUND('',#9486,.T.);
#9486 = EDGE_LOOP('',(#9487));
#9487 = ORIENTED_EDGE('',*,*,#9488,.T.);
#9488 = EDGE_CURVE('',#9489,#9489,#9491,.T.);
#9489 = VERTEX_POINT('',#9490);
#9490 = CARTESIAN_POINT('',(50.0463,-20.7373,0.755));
#9491 = SURFACE_CURVE('',#9492,(#9497,#9508),.PCURVE_S1.);
#9492 = CIRCLE('',#9493,0.15);
#9493 = AXIS2_PLACEMENT_3D('',#9494,#9495,#9496);
#9494 = CARTESIAN_POINT('',(50.0463,-20.5873,0.755));
#9495 = DIRECTION('',(-0.,-0.,-1.));
#9496 = DIRECTION('',(0.,-1.,0.));
#9497 = PCURVE('',#73,#9498);
#9498 = DEFINITIONAL_REPRESENTATION('',(#9499),#9507);
#9499 = ( BOUNDED_CURVE() B_SPLINE_CURVE(2,(#9500,#9501,#9502,#9503,
#9504,#9505,#9506),.UNSPECIFIED.,.T.,.F.) B_SPLINE_CURVE_WITH_KNOTS((1,2
    ,2,2,2,1),(-2.094395102393,0.,2.094395102393,4.188790204786,
6.28318530718,8.377580409573),.UNSPECIFIED.) CURVE() 
GEOMETRIC_REPRESENTATION_ITEM() RATIONAL_B_SPLINE_CURVE((1.,0.5,1.,0.5,
1.,0.5,1.)) REPRESENTATION_ITEM('') );
#9500 = CARTESIAN_POINT('',(50.0463,-20.7373));
#9501 = CARTESIAN_POINT('',(49.786492378865,-20.7373));
#9502 = CARTESIAN_POINT('',(49.916396189432,-20.5123));
#9503 = CARTESIAN_POINT('',(50.0463,-20.2873));
#9504 = CARTESIAN_POINT('',(50.176203810568,-20.5123));
#9505 = CARTESIAN_POINT('',(50.306107621135,-20.7373));
#9506 = CARTESIAN_POINT('',(50.0463,-20.7373));
#9507 = ( GEOMETRIC_REPRESENTATION_CONTEXT(2) 
PARAMETRIC_REPRESENTATION_CONTEXT() REPRESENTATION_CONTEXT('2D SPACE',''
  ) );
#9508 = PCURVE('',#5256,#9509);
#9509 = DEFINITIONAL_REPRESENTATION('',(#9510),#9514);
#9510 = LINE('',#9511,#9512);
#9511 = CARTESIAN_POINT('',(0.,-0.746));
#9512 = VECTOR('',#9513,1.);
#9513 = DIRECTION('',(1.,0.));
#9514 = ( GEOMETRIC_REPRESENTATION_CONTEXT(2) 
PARAMETRIC_REPRESENTATION_CONTEXT() REPRESENTATION_CONTEXT('2D SPACE',''
  ) );
#9515 = ADVANCED_FACE('',(#9516),#169,.T.);
#9516 = FACE_BOUND('',#9517,.T.);
#9517 = EDGE_LOOP('',(#9518,#9539,#9540,#9541));
#9518 = ORIENTED_EDGE('',*,*,#9519,.T.);
#9519 = EDGE_CURVE('',#306,#5274,#9520,.T.);
#9520 = SURFACE_CURVE('',#9521,(#9525,#9532),.PCURVE_S1.);
#9521 = LINE('',#9522,#9523);
#9522 = CARTESIAN_POINT('',(0.,-2.,4.5E-02));
#9523 = VECTOR('',#9524,1.);
#9524 = DIRECTION('',(0.,0.,1.));
#9525 = PCURVE('',#169,#9526);
#9526 = DEFINITIONAL_REPRESENTATION('',(#9527),#9531);
#9527 = LINE('',#9528,#9529);
#9528 = CARTESIAN_POINT('',(0.,0.));
#9529 = VECTOR('',#9530,1.);
#9530 = DIRECTION('',(0.,-1.));
#9531 = ( GEOMETRIC_REPRESENTATION_CONTEXT(2) 
PARAMETRIC_REPRESENTATION_CONTEXT() REPRESENTATION_CONTEXT('2D SPACE',''
  ) );
#9532 = PCURVE('',#349,#9533);
#9533 = DEFINITIONAL_REPRESENTATION('',(#9534),#9538);
#9534 = LINE('',#9535,#9536);
#9535 = CARTESIAN_POINT('',(88.64,0.));
#9536 = VECTOR('',#9537,1.);
#9537 = DIRECTION('',(0.,-1.));
#9538 = ( GEOMETRIC_REPRESENTATION_CONTEXT(2) 
PARAMETRIC_REPRESENTATION_CONTEXT() REPRESENTATION_CONTEXT('2D SPACE',''
  ) );
#9539 = ORIENTED_EDGE('',*,*,#5273,.T.);
#9540 = ORIENTED_EDGE('',*,*,#151,.F.);
#9541 = ORIENTED_EDGE('',*,*,#305,.F.);
#9542 = ADVANCED_FACE('',(#9543),#267,.T.);
#9543 = FACE_BOUND('',#9544,.T.);
#9544 = EDGE_LOOP('',(#9545,#9546,#9547,#9568));
#9545 = ORIENTED_EDGE('',*,*,#251,.T.);
#9546 = ORIENTED_EDGE('',*,*,#5467,.T.);
#9547 = ORIENTED_EDGE('',*,*,#9548,.F.);
#9548 = EDGE_CURVE('',#507,#5445,#9549,.T.);
#9549 = SURFACE_CURVE('',#9550,(#9554,#9561),.PCURVE_S1.);
#9550 = LINE('',#9551,#9552);
#9551 = CARTESIAN_POINT('',(56.,-92.64,4.5E-02));
#9552 = VECTOR('',#9553,1.);
#9553 = DIRECTION('',(0.,0.,1.));
#9554 = PCURVE('',#267,#9555);
#9555 = DEFINITIONAL_REPRESENTATION('',(#9556),#9560);
#9556 = LINE('',#9557,#9558);
#9557 = CARTESIAN_POINT('',(1.570794406733,0.));
#9558 = VECTOR('',#9559,1.);
#9559 = DIRECTION('',(0.,-1.));
#9560 = ( GEOMETRIC_REPRESENTATION_CONTEXT(2) 
PARAMETRIC_REPRESENTATION_CONTEXT() REPRESENTATION_CONTEXT('2D SPACE',''
  ) );
#9561 = PCURVE('',#522,#9562);
#9562 = DEFINITIONAL_REPRESENTATION('',(#9563),#9567);
#9563 = LINE('',#9564,#9565);
#9564 = CARTESIAN_POINT('',(0.,-0.));
#9565 = VECTOR('',#9566,1.);
#9566 = DIRECTION('',(0.,-1.));
#9567 = ( GEOMETRIC_REPRESENTATION_CONTEXT(2) 
PARAMETRIC_REPRESENTATION_CONTEXT() REPRESENTATION_CONTEXT('2D SPACE',''
  ) );
#9568 = ORIENTED_EDGE('',*,*,#534,.F.);
#9569 = ADVANCED_FACE('',(#9570),#349,.T.);
#9570 = FACE_BOUND('',#9571,.T.);
#9571 = EDGE_LOOP('',(#9572,#9593,#9594,#9595));
#9572 = ORIENTED_EDGE('',*,*,#9573,.T.);
#9573 = EDGE_CURVE('',#334,#5302,#9574,.T.);
#9574 = SURFACE_CURVE('',#9575,(#9579,#9586),.PCURVE_S1.);
#9575 = LINE('',#9576,#9577);
#9576 = CARTESIAN_POINT('',(-2.22044604925E-16,-90.64,4.5E-02));
#9577 = VECTOR('',#9578,1.);
#9578 = DIRECTION('',(0.,0.,1.));
#9579 = PCURVE('',#349,#9580);
#9580 = DEFINITIONAL_REPRESENTATION('',(#9581),#9585);
#9581 = LINE('',#9582,#9583);
#9582 = CARTESIAN_POINT('',(0.,0.));
#9583 = VECTOR('',#9584,1.);
#9584 = DIRECTION('',(0.,-1.));
#9585 = ( GEOMETRIC_REPRESENTATION_CONTEXT(2) 
PARAMETRIC_REPRESENTATION_CONTEXT() REPRESENTATION_CONTEXT('2D SPACE',''
  ) );
#9586 = PCURVE('',#382,#9587);
#9587 = DEFINITIONAL_REPRESENTATION('',(#9588),#9592);
#9588 = LINE('',#9589,#9590);
#9589 = CARTESIAN_POINT('',(1.570796113838,0.));
#9590 = VECTOR('',#9591,1.);
#9591 = DIRECTION('',(0.,-1.));
#9592 = ( GEOMETRIC_REPRESENTATION_CONTEXT(2) 
PARAMETRIC_REPRESENTATION_CONTEXT() REPRESENTATION_CONTEXT('2D SPACE',''
  ) );
#9593 = ORIENTED_EDGE('',*,*,#5301,.T.);
#9594 = ORIENTED_EDGE('',*,*,#9519,.F.);
#9595 = ORIENTED_EDGE('',*,*,#333,.F.);
#9596 = ADVANCED_FACE('',(#9597),#522,.T.);
#9597 = FACE_BOUND('',#9598,.T.);
#9598 = EDGE_LOOP('',(#9599,#9600,#9601,#9622));
#9599 = ORIENTED_EDGE('',*,*,#9548,.T.);
#9600 = ORIENTED_EDGE('',*,*,#5444,.T.);
#9601 = ORIENTED_EDGE('',*,*,#9602,.F.);
#9602 = EDGE_CURVE('',#479,#5422,#9603,.T.);
#9603 = SURFACE_CURVE('',#9604,(#9608,#9615),.PCURVE_S1.);
#9604 = LINE('',#9605,#9606);
#9605 = CARTESIAN_POINT('',(54.675,-92.64,4.5E-02));
#9606 = VECTOR('',#9607,1.);
#9607 = DIRECTION('',(0.,0.,1.));
#9608 = PCURVE('',#522,#9609);
#9609 = DEFINITIONAL_REPRESENTATION('',(#9610),#9614);
#9610 = LINE('',#9611,#9612);
#9611 = CARTESIAN_POINT('',(1.325,0.));
#9612 = VECTOR('',#9613,1.);
#9613 = DIRECTION('',(0.,-1.));
#9614 = ( GEOMETRIC_REPRESENTATION_CONTEXT(2) 
PARAMETRIC_REPRESENTATION_CONTEXT() REPRESENTATION_CONTEXT('2D SPACE',''
  ) );
#9615 = PCURVE('',#494,#9616);
#9616 = DEFINITIONAL_REPRESENTATION('',(#9617),#9621);
#9617 = LINE('',#9618,#9619);
#9618 = CARTESIAN_POINT('',(0.,0.));
#9619 = VECTOR('',#9620,1.);
#9620 = DIRECTION('',(0.,-1.));
#9621 = ( GEOMETRIC_REPRESENTATION_CONTEXT(2) 
PARAMETRIC_REPRESENTATION_CONTEXT() REPRESENTATION_CONTEXT('2D SPACE',''
  ) );
#9622 = ORIENTED_EDGE('',*,*,#506,.F.);
#9623 = ADVANCED_FACE('',(#9624),#382,.T.);
#9624 = FACE_BOUND('',#9625,.T.);
#9625 = EDGE_LOOP('',(#9626,#9647,#9648,#9649));
#9626 = ORIENTED_EDGE('',*,*,#9627,.T.);
#9627 = EDGE_CURVE('',#362,#5325,#9628,.T.);
#9628 = SURFACE_CURVE('',#9629,(#9633,#9640),.PCURVE_S1.);
#9629 = LINE('',#9630,#9631);
#9630 = CARTESIAN_POINT('',(2.,-92.64,4.5E-02));
#9631 = VECTOR('',#9632,1.);
#9632 = DIRECTION('',(0.,0.,1.));
#9633 = PCURVE('',#382,#9634);
#9634 = DEFINITIONAL_REPRESENTATION('',(#9635),#9639);
#9635 = LINE('',#9636,#9637);
#9636 = CARTESIAN_POINT('',(0.,0.));
#9637 = VECTOR('',#9638,1.);
#9638 = DIRECTION('',(0.,-1.));
#9639 = ( GEOMETRIC_REPRESENTATION_CONTEXT(2) 
PARAMETRIC_REPRESENTATION_CONTEXT() REPRESENTATION_CONTEXT('2D SPACE',''
  ) );
#9640 = PCURVE('',#410,#9641);
#9641 = DEFINITIONAL_REPRESENTATION('',(#9642),#9646);
#9642 = LINE('',#9643,#9644);
#9643 = CARTESIAN_POINT('',(43.325,0.));
#9644 = VECTOR('',#9645,1.);
#9645 = DIRECTION('',(0.,-1.));
#9646 = ( GEOMETRIC_REPRESENTATION_CONTEXT(2) 
PARAMETRIC_REPRESENTATION_CONTEXT() REPRESENTATION_CONTEXT('2D SPACE',''
  ) );
#9647 = ORIENTED_EDGE('',*,*,#5324,.T.);
#9648 = ORIENTED_EDGE('',*,*,#9573,.F.);
#9649 = ORIENTED_EDGE('',*,*,#361,.F.);
#9650 = ADVANCED_FACE('',(#9651),#494,.T.);
#9651 = FACE_BOUND('',#9652,.T.);
#9652 = EDGE_LOOP('',(#9653,#9654,#9655,#9676));
#9653 = ORIENTED_EDGE('',*,*,#9602,.T.);
#9654 = ORIENTED_EDGE('',*,*,#5421,.T.);
#9655 = ORIENTED_EDGE('',*,*,#9656,.F.);
#9656 = EDGE_CURVE('',#451,#5399,#9657,.T.);
#9657 = SURFACE_CURVE('',#9658,(#9662,#9669),.PCURVE_S1.);
#9658 = LINE('',#9659,#9660);
#9659 = CARTESIAN_POINT('',(54.675,-86.59,4.5E-02));
#9660 = VECTOR('',#9661,1.);
#9661 = DIRECTION('',(0.,0.,1.));
#9662 = PCURVE('',#494,#9663);
#9663 = DEFINITIONAL_REPRESENTATION('',(#9664),#9668);
#9664 = LINE('',#9665,#9666);
#9665 = CARTESIAN_POINT('',(6.05,0.));
#9666 = VECTOR('',#9667,1.);
#9667 = DIRECTION('',(0.,-1.));
#9668 = ( GEOMETRIC_REPRESENTATION_CONTEXT(2) 
PARAMETRIC_REPRESENTATION_CONTEXT() REPRESENTATION_CONTEXT('2D SPACE',''
  ) );
#9669 = PCURVE('',#466,#9670);
#9670 = DEFINITIONAL_REPRESENTATION('',(#9671),#9675);
#9671 = LINE('',#9672,#9673);
#9672 = CARTESIAN_POINT('',(0.,-0.));
#9673 = VECTOR('',#9674,1.);
#9674 = DIRECTION('',(0.,-1.));
#9675 = ( GEOMETRIC_REPRESENTATION_CONTEXT(2) 
PARAMETRIC_REPRESENTATION_CONTEXT() REPRESENTATION_CONTEXT('2D SPACE',''
  ) );
#9676 = ORIENTED_EDGE('',*,*,#478,.F.);
#9677 = ADVANCED_FACE('',(#9678),#410,.T.);
#9678 = FACE_BOUND('',#9679,.T.);
#9679 = EDGE_LOOP('',(#9680,#9701,#9702,#9703));
#9680 = ORIENTED_EDGE('',*,*,#9681,.T.);
#9681 = EDGE_CURVE('',#395,#5353,#9682,.T.);
#9682 = SURFACE_CURVE('',#9683,(#9687,#9694),.PCURVE_S1.);
#9683 = LINE('',#9684,#9685);
#9684 = CARTESIAN_POINT('',(45.325,-92.64,4.5E-02));
#9685 = VECTOR('',#9686,1.);
#9686 = DIRECTION('',(0.,0.,1.));
#9687 = PCURVE('',#410,#9688);
#9688 = DEFINITIONAL_REPRESENTATION('',(#9689),#9693);
#9689 = LINE('',#9690,#9691);
#9690 = CARTESIAN_POINT('',(0.,-0.));
#9691 = VECTOR('',#9692,1.);
#9692 = DIRECTION('',(0.,-1.));
#9693 = ( GEOMETRIC_REPRESENTATION_CONTEXT(2) 
PARAMETRIC_REPRESENTATION_CONTEXT() REPRESENTATION_CONTEXT('2D SPACE',''
  ) );
#9694 = PCURVE('',#438,#9695);
#9695 = DEFINITIONAL_REPRESENTATION('',(#9696),#9700);
#9696 = LINE('',#9697,#9698);
#9697 = CARTESIAN_POINT('',(6.05,0.));
#9698 = VECTOR('',#9699,1.);
#9699 = DIRECTION('',(0.,-1.));
#9700 = ( GEOMETRIC_REPRESENTATION_CONTEXT(2) 
PARAMETRIC_REPRESENTATION_CONTEXT() REPRESENTATION_CONTEXT('2D SPACE',''
  ) );
#9701 = ORIENTED_EDGE('',*,*,#5352,.T.);
#9702 = ORIENTED_EDGE('',*,*,#9627,.F.);
#9703 = ORIENTED_EDGE('',*,*,#394,.F.);
#9704 = ADVANCED_FACE('',(#9705),#466,.T.);
#9705 = FACE_BOUND('',#9706,.T.);
#9706 = EDGE_LOOP('',(#9707,#9708,#9709,#9730));
#9707 = ORIENTED_EDGE('',*,*,#9656,.T.);
#9708 = ORIENTED_EDGE('',*,*,#5398,.T.);
#9709 = ORIENTED_EDGE('',*,*,#9710,.F.);
#9710 = EDGE_CURVE('',#423,#5376,#9711,.T.);
#9711 = SURFACE_CURVE('',#9712,(#9716,#9723),.PCURVE_S1.);
#9712 = LINE('',#9713,#9714);
#9713 = CARTESIAN_POINT('',(45.325,-86.59,4.5E-02));
#9714 = VECTOR('',#9715,1.);
#9715 = DIRECTION('',(0.,0.,1.));
#9716 = PCURVE('',#466,#9717);
#9717 = DEFINITIONAL_REPRESENTATION('',(#9718),#9722);
#9718 = LINE('',#9719,#9720);
#9719 = CARTESIAN_POINT('',(9.35,0.));
#9720 = VECTOR('',#9721,1.);
#9721 = DIRECTION('',(0.,-1.));
#9722 = ( GEOMETRIC_REPRESENTATION_CONTEXT(2) 
PARAMETRIC_REPRESENTATION_CONTEXT() REPRESENTATION_CONTEXT('2D SPACE',''
  ) );
#9723 = PCURVE('',#438,#9724);
#9724 = DEFINITIONAL_REPRESENTATION('',(#9725),#9729);
#9725 = LINE('',#9726,#9727);
#9726 = CARTESIAN_POINT('',(0.,0.));
#9727 = VECTOR('',#9728,1.);
#9728 = DIRECTION('',(0.,-1.));
#9729 = ( GEOMETRIC_REPRESENTATION_CONTEXT(2) 
PARAMETRIC_REPRESENTATION_CONTEXT() REPRESENTATION_CONTEXT('2D SPACE',''
  ) );
#9730 = ORIENTED_EDGE('',*,*,#450,.F.);
#9731 = ADVANCED_FACE('',(#9732),#438,.T.);
#9732 = FACE_BOUND('',#9733,.T.);
#9733 = EDGE_LOOP('',(#9734,#9735,#9736,#9737));
#9734 = ORIENTED_EDGE('',*,*,#9710,.T.);
#9735 = ORIENTED_EDGE('',*,*,#5375,.T.);
#9736 = ORIENTED_EDGE('',*,*,#9681,.F.);
#9737 = ORIENTED_EDGE('',*,*,#422,.F.);
#9738 = ADVANCED_FACE('',(#9739),#584,.F.);
#9739 = FACE_BOUND('',#9740,.F.);
#9740 = EDGE_LOOP('',(#9741,#9762,#9763,#9764));
#9741 = ORIENTED_EDGE('',*,*,#9742,.T.);
#9742 = EDGE_CURVE('',#564,#5497,#9743,.T.);
#9743 = SEAM_CURVE('',#9744,(#9748,#9755),.PCURVE_S1.);
#9744 = LINE('',#9745,#9746);
#9745 = CARTESIAN_POINT('',(9.0584,-86.9894,9.E-03));
#9746 = VECTOR('',#9747,1.);
#9747 = DIRECTION('',(0.,0.,1.));
#9748 = PCURVE('',#584,#9749);
#9749 = DEFINITIONAL_REPRESENTATION('',(#9750),#9754);
#9750 = LINE('',#9751,#9752);
#9751 = CARTESIAN_POINT('',(0.,0.));
#9752 = VECTOR('',#9753,1.);
#9753 = DIRECTION('',(0.,-1.));
#9754 = ( GEOMETRIC_REPRESENTATION_CONTEXT(2) 
PARAMETRIC_REPRESENTATION_CONTEXT() REPRESENTATION_CONTEXT('2D SPACE',''
  ) );
#9755 = PCURVE('',#584,#9756);
#9756 = DEFINITIONAL_REPRESENTATION('',(#9757),#9761);
#9757 = LINE('',#9758,#9759);
#9758 = CARTESIAN_POINT('',(6.28318530718,0.));
#9759 = VECTOR('',#9760,1.);
#9760 = DIRECTION('',(0.,-1.));
#9761 = ( GEOMETRIC_REPRESENTATION_CONTEXT(2) 
PARAMETRIC_REPRESENTATION_CONTEXT() REPRESENTATION_CONTEXT('2D SPACE',''
  ) );
#9762 = ORIENTED_EDGE('',*,*,#5496,.T.);
#9763 = ORIENTED_EDGE('',*,*,#9742,.F.);
#9764 = ORIENTED_EDGE('',*,*,#563,.F.);
#9765 = ADVANCED_FACE('',(#9766),#619,.F.);
#9766 = FACE_BOUND('',#9767,.F.);
#9767 = EDGE_LOOP('',(#9768,#9789,#9790,#9791));
#9768 = ORIENTED_EDGE('',*,*,#9769,.T.);
#9769 = EDGE_CURVE('',#599,#5527,#9770,.T.);
#9770 = SEAM_CURVE('',#9771,(#9775,#9782),.PCURVE_S1.);
#9771 = LINE('',#9772,#9773);
#9772 = CARTESIAN_POINT('',(16.3406,-84.0587,9.E-03));
#9773 = VECTOR('',#9774,1.);
#9774 = DIRECTION('',(0.,0.,1.));
#9775 = PCURVE('',#619,#9776);
#9776 = DEFINITIONAL_REPRESENTATION('',(#9777),#9781);
#9777 = LINE('',#9778,#9779);
#9778 = CARTESIAN_POINT('',(0.,0.));
#9779 = VECTOR('',#9780,1.);
#9780 = DIRECTION('',(0.,-1.));
#9781 = ( GEOMETRIC_REPRESENTATION_CONTEXT(2) 
PARAMETRIC_REPRESENTATION_CONTEXT() REPRESENTATION_CONTEXT('2D SPACE',''
  ) );
#9782 = PCURVE('',#619,#9783);
#9783 = DEFINITIONAL_REPRESENTATION('',(#9784),#9788);
#9784 = LINE('',#9785,#9786);
#9785 = CARTESIAN_POINT('',(6.28318530718,0.));
#9786 = VECTOR('',#9787,1.);
#9787 = DIRECTION('',(0.,-1.));
#9788 = ( GEOMETRIC_REPRESENTATION_CONTEXT(2) 
PARAMETRIC_REPRESENTATION_CONTEXT() REPRESENTATION_CONTEXT('2D SPACE',''
  ) );
#9789 = ORIENTED_EDGE('',*,*,#5526,.T.);
#9790 = ORIENTED_EDGE('',*,*,#9769,.F.);
#9791 = ORIENTED_EDGE('',*,*,#598,.F.);
#9792 = ADVANCED_FACE('',(#9793),#654,.F.);
#9793 = FACE_BOUND('',#9794,.F.);
#9794 = EDGE_LOOP('',(#9795,#9816,#9817,#9818));
#9795 = ORIENTED_EDGE('',*,*,#9796,.T.);
#9796 = EDGE_CURVE('',#634,#5557,#9797,.T.);
#9797 = SEAM_CURVE('',#9798,(#9802,#9809),.PCURVE_S1.);
#9798 = LINE('',#9799,#9800);
#9799 = CARTESIAN_POINT('',(5.8735,-79.0735,9.E-03));
#9800 = VECTOR('',#9801,1.);
#9801 = DIRECTION('',(0.,0.,1.));
#9802 = PCURVE('',#654,#9803);
#9803 = DEFINITIONAL_REPRESENTATION('',(#9804),#9808);
#9804 = LINE('',#9805,#9806);
#9805 = CARTESIAN_POINT('',(0.,0.));
#9806 = VECTOR('',#9807,1.);
#9807 = DIRECTION('',(0.,-1.));
#9808 = ( GEOMETRIC_REPRESENTATION_CONTEXT(2) 
PARAMETRIC_REPRESENTATION_CONTEXT() REPRESENTATION_CONTEXT('2D SPACE',''
  ) );
#9809 = PCURVE('',#654,#9810);
#9810 = DEFINITIONAL_REPRESENTATION('',(#9811),#9815);
#9811 = LINE('',#9812,#9813);
#9812 = CARTESIAN_POINT('',(6.28318530718,0.));
#9813 = VECTOR('',#9814,1.);
#9814 = DIRECTION('',(0.,-1.));
#9815 = ( GEOMETRIC_REPRESENTATION_CONTEXT(2) 
PARAMETRIC_REPRESENTATION_CONTEXT() REPRESENTATION_CONTEXT('2D SPACE',''
  ) );
#9816 = ORIENTED_EDGE('',*,*,#5556,.T.);
#9817 = ORIENTED_EDGE('',*,*,#9796,.F.);
#9818 = ORIENTED_EDGE('',*,*,#633,.F.);
#9819 = ADVANCED_FACE('',(#9820),#689,.F.);
#9820 = FACE_BOUND('',#9821,.F.);
#9821 = EDGE_LOOP('',(#9822,#9843,#9844,#9845));
#9822 = ORIENTED_EDGE('',*,*,#9823,.T.);
#9823 = EDGE_CURVE('',#669,#5587,#9824,.T.);
#9824 = SEAM_CURVE('',#9825,(#9829,#9836),.PCURVE_S1.);
#9825 = LINE('',#9826,#9827);
#9826 = CARTESIAN_POINT('',(10.5587,-82.368,9.E-03));
#9827 = VECTOR('',#9828,1.);
#9828 = DIRECTION('',(0.,0.,1.));
#9829 = PCURVE('',#689,#9830);
#9830 = DEFINITIONAL_REPRESENTATION('',(#9831),#9835);
#9831 = LINE('',#9832,#9833);
#9832 = CARTESIAN_POINT('',(0.,0.));
#9833 = VECTOR('',#9834,1.);
#9834 = DIRECTION('',(0.,-1.));
#9835 = ( GEOMETRIC_REPRESENTATION_CONTEXT(2) 
PARAMETRIC_REPRESENTATION_CONTEXT() REPRESENTATION_CONTEXT('2D SPACE',''
  ) );
#9836 = PCURVE('',#689,#9837);
#9837 = DEFINITIONAL_REPRESENTATION('',(#9838),#9842);
#9838 = LINE('',#9839,#9840);
#9839 = CARTESIAN_POINT('',(6.28318530718,0.));
#9840 = VECTOR('',#9841,1.);
#9841 = DIRECTION('',(0.,-1.));
#9842 = ( GEOMETRIC_REPRESENTATION_CONTEXT(2) 
PARAMETRIC_REPRESENTATION_CONTEXT() REPRESENTATION_CONTEXT('2D SPACE',''
  ) );
#9843 = ORIENTED_EDGE('',*,*,#5586,.T.);
#9844 = ORIENTED_EDGE('',*,*,#9823,.F.);
#9845 = ORIENTED_EDGE('',*,*,#668,.F.);
#9846 = ADVANCED_FACE('',(#9847),#724,.F.);
#9847 = FACE_BOUND('',#9848,.F.);
#9848 = EDGE_LOOP('',(#9849,#9870,#9871,#9872));
#9849 = ORIENTED_EDGE('',*,*,#9850,.T.);
#9850 = EDGE_CURVE('',#704,#5617,#9851,.T.);
#9851 = SEAM_CURVE('',#9852,(#9856,#9863),.PCURVE_S1.);
#9852 = LINE('',#9853,#9854);
#9853 = CARTESIAN_POINT('',(9.8781,-79.0781,9.E-03));
#9854 = VECTOR('',#9855,1.);
#9855 = DIRECTION('',(0.,0.,1.));
#9856 = PCURVE('',#724,#9857);
#9857 = DEFINITIONAL_REPRESENTATION('',(#9858),#9862);
#9858 = LINE('',#9859,#9860);
#9859 = CARTESIAN_POINT('',(0.,0.));
#9860 = VECTOR('',#9861,1.);
#9861 = DIRECTION('',(0.,-1.));
#9862 = ( GEOMETRIC_REPRESENTATION_CONTEXT(2) 
PARAMETRIC_REPRESENTATION_CONTEXT() REPRESENTATION_CONTEXT('2D SPACE',''
  ) );
#9863 = PCURVE('',#724,#9864);
#9864 = DEFINITIONAL_REPRESENTATION('',(#9865),#9869);
#9865 = LINE('',#9866,#9867);
#9866 = CARTESIAN_POINT('',(6.28318530718,0.));
#9867 = VECTOR('',#9868,1.);
#9868 = DIRECTION('',(0.,-1.));
#9869 = ( GEOMETRIC_REPRESENTATION_CONTEXT(2) 
PARAMETRIC_REPRESENTATION_CONTEXT() REPRESENTATION_CONTEXT('2D SPACE',''
  ) );
#9870 = ORIENTED_EDGE('',*,*,#5616,.T.);
#9871 = ORIENTED_EDGE('',*,*,#9850,.F.);
#9872 = ORIENTED_EDGE('',*,*,#703,.F.);
#9873 = ADVANCED_FACE('',(#9874),#759,.F.);
#9874 = FACE_BOUND('',#9875,.F.);
#9875 = EDGE_LOOP('',(#9876,#9897,#9898,#9899));
#9876 = ORIENTED_EDGE('',*,*,#9877,.T.);
#9877 = EDGE_CURVE('',#739,#5647,#9878,.T.);
#9878 = SEAM_CURVE('',#9879,(#9883,#9890),.PCURVE_S1.);
#9879 = LINE('',#9880,#9881);
#9880 = CARTESIAN_POINT('',(12.2072,-81.6215,9.E-03));
#9881 = VECTOR('',#9882,1.);
#9882 = DIRECTION('',(0.,0.,1.));
#9883 = PCURVE('',#759,#9884);
#9884 = DEFINITIONAL_REPRESENTATION('',(#9885),#9889);
#9885 = LINE('',#9886,#9887);
#9886 = CARTESIAN_POINT('',(0.,0.));
#9887 = VECTOR('',#9888,1.);
#9888 = DIRECTION('',(0.,-1.));
#9889 = ( GEOMETRIC_REPRESENTATION_CONTEXT(2) 
PARAMETRIC_REPRESENTATION_CONTEXT() REPRESENTATION_CONTEXT('2D SPACE',''
  ) );
#9890 = PCURVE('',#759,#9891);
#9891 = DEFINITIONAL_REPRESENTATION('',(#9892),#9896);
#9892 = LINE('',#9893,#9894);
#9893 = CARTESIAN_POINT('',(6.28318530718,0.));
#9894 = VECTOR('',#9895,1.);
#9895 = DIRECTION('',(0.,-1.));
#9896 = ( GEOMETRIC_REPRESENTATION_CONTEXT(2) 
PARAMETRIC_REPRESENTATION_CONTEXT() REPRESENTATION_CONTEXT('2D SPACE',''
  ) );
#9897 = ORIENTED_EDGE('',*,*,#5646,.T.);
#9898 = ORIENTED_EDGE('',*,*,#9877,.F.);
#9899 = ORIENTED_EDGE('',*,*,#738,.F.);
#9900 = ADVANCED_FACE('',(#9901),#794,.F.);
#9901 = FACE_BOUND('',#9902,.F.);
#9902 = EDGE_LOOP('',(#9903,#9924,#9925,#9926));
#9903 = ORIENTED_EDGE('',*,*,#9904,.T.);
#9904 = EDGE_CURVE('',#774,#5677,#9905,.T.);
#9905 = SEAM_CURVE('',#9906,(#9910,#9917),.PCURVE_S1.);
#9906 = LINE('',#9907,#9908);
#9907 = CARTESIAN_POINT('',(12.2072,-79.1379,9.E-03));
#9908 = VECTOR('',#9909,1.);
#9909 = DIRECTION('',(0.,0.,1.));
#9910 = PCURVE('',#794,#9911);
#9911 = DEFINITIONAL_REPRESENTATION('',(#9912),#9916);
#9912 = LINE('',#9913,#9914);
#9913 = CARTESIAN_POINT('',(0.,0.));
#9914 = VECTOR('',#9915,1.);
#9915 = DIRECTION('',(0.,-1.));
#9916 = ( GEOMETRIC_REPRESENTATION_CONTEXT(2) 
PARAMETRIC_REPRESENTATION_CONTEXT() REPRESENTATION_CONTEXT('2D SPACE',''
  ) );
#9917 = PCURVE('',#794,#9918);
#9918 = DEFINITIONAL_REPRESENTATION('',(#9919),#9923);
#9919 = LINE('',#9920,#9921);
#9920 = CARTESIAN_POINT('',(6.28318530718,0.));
#9921 = VECTOR('',#9922,1.);
#9922 = DIRECTION('',(0.,-1.));
#9923 = ( GEOMETRIC_REPRESENTATION_CONTEXT(2) 
PARAMETRIC_REPRESENTATION_CONTEXT() REPRESENTATION_CONTEXT('2D SPACE',''
  ) );
#9924 = ORIENTED_EDGE('',*,*,#5676,.T.);
#9925 = ORIENTED_EDGE('',*,*,#9904,.F.);
#9926 = ORIENTED_EDGE('',*,*,#773,.F.);
#9927 = ADVANCED_FACE('',(#9928),#829,.F.);
#9928 = FACE_BOUND('',#9929,.F.);
#9929 = EDGE_LOOP('',(#9930,#9951,#9952,#9953));
#9930 = ORIENTED_EDGE('',*,*,#9931,.T.);
#9931 = EDGE_CURVE('',#809,#5707,#9932,.T.);
#9932 = SEAM_CURVE('',#9933,(#9937,#9944),.PCURVE_S1.);
#9933 = LINE('',#9934,#9935);
#9934 = CARTESIAN_POINT('',(16.84,-82.2892,9.E-03));
#9935 = VECTOR('',#9936,1.);
#9936 = DIRECTION('',(0.,0.,1.));
#9937 = PCURVE('',#829,#9938);
#9938 = DEFINITIONAL_REPRESENTATION('',(#9939),#9943);
#9939 = LINE('',#9940,#9941);
#9940 = CARTESIAN_POINT('',(0.,0.));
#9941 = VECTOR('',#9942,1.);
#9942 = DIRECTION('',(0.,-1.));
#9943 = ( GEOMETRIC_REPRESENTATION_CONTEXT(2) 
PARAMETRIC_REPRESENTATION_CONTEXT() REPRESENTATION_CONTEXT('2D SPACE',''
  ) );
#9944 = PCURVE('',#829,#9945);
#9945 = DEFINITIONAL_REPRESENTATION('',(#9946),#9950);
#9946 = LINE('',#9947,#9948);
#9947 = CARTESIAN_POINT('',(6.28318530718,0.));
#9948 = VECTOR('',#9949,1.);
#9949 = DIRECTION('',(0.,-1.));
#9950 = ( GEOMETRIC_REPRESENTATION_CONTEXT(2) 
PARAMETRIC_REPRESENTATION_CONTEXT() REPRESENTATION_CONTEXT('2D SPACE',''
  ) );
#9951 = ORIENTED_EDGE('',*,*,#5706,.T.);
#9952 = ORIENTED_EDGE('',*,*,#9931,.F.);
#9953 = ORIENTED_EDGE('',*,*,#808,.F.);
#9954 = ADVANCED_FACE('',(#9955),#864,.F.);
#9955 = FACE_BOUND('',#9956,.F.);
#9956 = EDGE_LOOP('',(#9957,#9978,#9979,#9980));
#9957 = ORIENTED_EDGE('',*,*,#9958,.T.);
#9958 = EDGE_CURVE('',#844,#5737,#9959,.T.);
#9959 = SEAM_CURVE('',#9960,(#9964,#9971),.PCURVE_S1.);
#9960 = LINE('',#9961,#9962);
#9961 = CARTESIAN_POINT('',(14.1265,-73.7468,9.E-03));
#9962 = VECTOR('',#9963,1.);
#9963 = DIRECTION('',(0.,0.,1.));
#9964 = PCURVE('',#864,#9965);
#9965 = DEFINITIONAL_REPRESENTATION('',(#9966),#9970);
#9966 = LINE('',#9967,#9968);
#9967 = CARTESIAN_POINT('',(0.,0.));
#9968 = VECTOR('',#9969,1.);
#9969 = DIRECTION('',(0.,-1.));
#9970 = ( GEOMETRIC_REPRESENTATION_CONTEXT(2) 
PARAMETRIC_REPRESENTATION_CONTEXT() REPRESENTATION_CONTEXT('2D SPACE',''
  ) );
#9971 = PCURVE('',#864,#9972);
#9972 = DEFINITIONAL_REPRESENTATION('',(#9973),#9977);
#9973 = LINE('',#9974,#9975);
#9974 = CARTESIAN_POINT('',(6.28318530718,0.));
#9975 = VECTOR('',#9976,1.);
#9976 = DIRECTION('',(0.,-1.));
#9977 = ( GEOMETRIC_REPRESENTATION_CONTEXT(2) 
PARAMETRIC_REPRESENTATION_CONTEXT() REPRESENTATION_CONTEXT('2D SPACE',''
  ) );
#9978 = ORIENTED_EDGE('',*,*,#5736,.T.);
#9979 = ORIENTED_EDGE('',*,*,#9958,.F.);
#9980 = ORIENTED_EDGE('',*,*,#843,.F.);
#9981 = ADVANCED_FACE('',(#9982),#899,.F.);
#9982 = FACE_BOUND('',#9983,.F.);
#9983 = EDGE_LOOP('',(#9984,#10005,#10006,#10007));
#9984 = ORIENTED_EDGE('',*,*,#9985,.T.);
#9985 = EDGE_CURVE('',#879,#5767,#9986,.T.);
#9986 = SEAM_CURVE('',#9987,(#9991,#9998),.PCURVE_S1.);
#9987 = LINE('',#9988,#9989);
#9988 = CARTESIAN_POINT('',(21.9848,-84.0479,9.E-03));
#9989 = VECTOR('',#9990,1.);
#9990 = DIRECTION('',(0.,0.,1.));
#9991 = PCURVE('',#899,#9992);
#9992 = DEFINITIONAL_REPRESENTATION('',(#9993),#9997);
#9993 = LINE('',#9994,#9995);
#9994 = CARTESIAN_POINT('',(0.,0.));
#9995 = VECTOR('',#9996,1.);
#9996 = DIRECTION('',(0.,-1.));
#9997 = ( GEOMETRIC_REPRESENTATION_CONTEXT(2) 
PARAMETRIC_REPRESENTATION_CONTEXT() REPRESENTATION_CONTEXT('2D SPACE',''
  ) );
#9998 = PCURVE('',#899,#9999);
#9999 = DEFINITIONAL_REPRESENTATION('',(#10000),#10004);
#10000 = LINE('',#10001,#10002);
#10001 = CARTESIAN_POINT('',(6.28318530718,0.));
#10002 = VECTOR('',#10003,1.);
#10003 = DIRECTION('',(0.,-1.));
#10004 = ( GEOMETRIC_REPRESENTATION_CONTEXT(2) 
PARAMETRIC_REPRESENTATION_CONTEXT() REPRESENTATION_CONTEXT('2D SPACE',''
  ) );
#10005 = ORIENTED_EDGE('',*,*,#5766,.T.);
#10006 = ORIENTED_EDGE('',*,*,#9985,.F.);
#10007 = ORIENTED_EDGE('',*,*,#878,.F.);
#10008 = ADVANCED_FACE('',(#10009),#932,.F.);
#10009 = FACE_BOUND('',#10010,.F.);
#10010 = EDGE_LOOP('',(#10011,#10012,#10033,#10034));
#10011 = ORIENTED_EDGE('',*,*,#913,.T.);
#10012 = ORIENTED_EDGE('',*,*,#10013,.T.);
#10013 = EDGE_CURVE('',#916,#5799,#10014,.T.);
#10014 = SURFACE_CURVE('',#10015,(#10019,#10026),.PCURVE_S1.);
#10015 = LINE('',#10016,#10017);
#10016 = CARTESIAN_POINT('',(13.7,-89.4,4.5E-02));
#10017 = VECTOR('',#10018,1.);
#10018 = DIRECTION('',(0.,0.,1.));
#10019 = PCURVE('',#932,#10020);
#10020 = DEFINITIONAL_REPRESENTATION('',(#10021),#10025);
#10021 = LINE('',#10022,#10023);
#10022 = CARTESIAN_POINT('',(3.14159265359,0.));
#10023 = VECTOR('',#10024,1.);
#10024 = DIRECTION('',(0.,-1.));
#10025 = ( GEOMETRIC_REPRESENTATION_CONTEXT(2) 
PARAMETRIC_REPRESENTATION_CONTEXT() REPRESENTATION_CONTEXT('2D SPACE',''
  ) );
#10026 = PCURVE('',#1015,#10027);
#10027 = DEFINITIONAL_REPRESENTATION('',(#10028),#10032);
#10028 = LINE('',#10029,#10030);
#10029 = CARTESIAN_POINT('',(0.,0.));
#10030 = VECTOR('',#10031,1.);
#10031 = DIRECTION('',(0.,-1.));
#10032 = ( GEOMETRIC_REPRESENTATION_CONTEXT(2) 
PARAMETRIC_REPRESENTATION_CONTEXT() REPRESENTATION_CONTEXT('2D SPACE',''
  ) );
#10033 = ORIENTED_EDGE('',*,*,#5796,.F.);
#10034 = ORIENTED_EDGE('',*,*,#10035,.F.);
#10035 = EDGE_CURVE('',#914,#5797,#10036,.T.);
#10036 = SURFACE_CURVE('',#10037,(#10041,#10048),.PCURVE_S1.);
#10037 = LINE('',#10038,#10039);
#10038 = CARTESIAN_POINT('',(13.7,-88.,4.5E-02));
#10039 = VECTOR('',#10040,1.);
#10040 = DIRECTION('',(0.,0.,1.));
#10041 = PCURVE('',#932,#10042);
#10042 = DEFINITIONAL_REPRESENTATION('',(#10043),#10047);
#10043 = LINE('',#10044,#10045);
#10044 = CARTESIAN_POINT('',(6.28318530718,0.));
#10045 = VECTOR('',#10046,1.);
#10046 = DIRECTION('',(0.,-1.));
#10047 = ( GEOMETRIC_REPRESENTATION_CONTEXT(2) 
PARAMETRIC_REPRESENTATION_CONTEXT() REPRESENTATION_CONTEXT('2D SPACE',''
  ) );
#10048 = PCURVE('',#960,#10049);
#10049 = DEFINITIONAL_REPRESENTATION('',(#10050),#10054);
#10050 = LINE('',#10051,#10052);
#10051 = CARTESIAN_POINT('',(26.8,0.));
#10052 = VECTOR('',#10053,1.);
#10053 = DIRECTION('',(0.,-1.));
#10054 = ( GEOMETRIC_REPRESENTATION_CONTEXT(2) 
PARAMETRIC_REPRESENTATION_CONTEXT() REPRESENTATION_CONTEXT('2D SPACE',''
  ) );
#10055 = ADVANCED_FACE('',(#10056),#960,.T.);
#10056 = FACE_BOUND('',#10057,.T.);
#10057 = EDGE_LOOP('',(#10058,#10079,#10080,#10081));
#10058 = ORIENTED_EDGE('',*,*,#10059,.T.);
#10059 = EDGE_CURVE('',#945,#5823,#10060,.T.);
#10060 = SURFACE_CURVE('',#10061,(#10065,#10072),.PCURVE_S1.);
#10061 = LINE('',#10062,#10063);
#10062 = CARTESIAN_POINT('',(40.5,-88.,4.5E-02));
#10063 = VECTOR('',#10064,1.);
#10064 = DIRECTION('',(0.,0.,1.));
#10065 = PCURVE('',#960,#10066);
#10066 = DEFINITIONAL_REPRESENTATION('',(#10067),#10071);
#10067 = LINE('',#10068,#10069);
#10068 = CARTESIAN_POINT('',(0.,-0.));
#10069 = VECTOR('',#10070,1.);
#10070 = DIRECTION('',(0.,-1.));
#10071 = ( GEOMETRIC_REPRESENTATION_CONTEXT(2) 
PARAMETRIC_REPRESENTATION_CONTEXT() REPRESENTATION_CONTEXT('2D SPACE',''
  ) );
#10072 = PCURVE('',#989,#10073);
#10073 = DEFINITIONAL_REPRESENTATION('',(#10074),#10078);
#10074 = LINE('',#10075,#10076);
#10075 = CARTESIAN_POINT('',(3.14159265359,0.));
#10076 = VECTOR('',#10077,1.);
#10077 = DIRECTION('',(0.,-1.));
#10078 = ( GEOMETRIC_REPRESENTATION_CONTEXT(2) 
PARAMETRIC_REPRESENTATION_CONTEXT() REPRESENTATION_CONTEXT('2D SPACE',''
  ) );
#10079 = ORIENTED_EDGE('',*,*,#5822,.T.);
#10080 = ORIENTED_EDGE('',*,*,#10035,.F.);
#10081 = ORIENTED_EDGE('',*,*,#944,.F.);
#10082 = ADVANCED_FACE('',(#10083),#1015,.T.);
#10083 = FACE_BOUND('',#10084,.T.);
#10084 = EDGE_LOOP('',(#10085,#10086,#10087,#10108));
#10085 = ORIENTED_EDGE('',*,*,#10013,.T.);
#10086 = ORIENTED_EDGE('',*,*,#5869,.T.);
#10087 = ORIENTED_EDGE('',*,*,#10088,.F.);
#10088 = EDGE_CURVE('',#973,#5846,#10089,.T.);
#10089 = SURFACE_CURVE('',#10090,(#10094,#10101),.PCURVE_S1.);
#10090 = LINE('',#10091,#10092);
#10091 = CARTESIAN_POINT('',(40.5,-89.4,4.5E-02));
#10092 = VECTOR('',#10093,1.);
#10093 = DIRECTION('',(0.,0.,1.));
#10094 = PCURVE('',#1015,#10095);
#10095 = DEFINITIONAL_REPRESENTATION('',(#10096),#10100);
#10096 = LINE('',#10097,#10098);
#10097 = CARTESIAN_POINT('',(26.8,0.));
#10098 = VECTOR('',#10099,1.);
#10099 = DIRECTION('',(0.,-1.));
#10100 = ( GEOMETRIC_REPRESENTATION_CONTEXT(2) 
PARAMETRIC_REPRESENTATION_CONTEXT() REPRESENTATION_CONTEXT('2D SPACE',''
  ) );
#10101 = PCURVE('',#989,#10102);
#10102 = DEFINITIONAL_REPRESENTATION('',(#10103),#10107);
#10103 = LINE('',#10104,#10105);
#10104 = CARTESIAN_POINT('',(6.28318530718,0.));
#10105 = VECTOR('',#10106,1.);
#10106 = DIRECTION('',(0.,-1.));
#10107 = ( GEOMETRIC_REPRESENTATION_CONTEXT(2) 
PARAMETRIC_REPRESENTATION_CONTEXT() REPRESENTATION_CONTEXT('2D SPACE',''
  ) );
#10108 = ORIENTED_EDGE('',*,*,#1001,.F.);
#10109 = ADVANCED_FACE('',(#10110),#989,.F.);
#10110 = FACE_BOUND('',#10111,.F.);
#10111 = EDGE_LOOP('',(#10112,#10113,#10114,#10115));
#10112 = ORIENTED_EDGE('',*,*,#972,.T.);
#10113 = ORIENTED_EDGE('',*,*,#10059,.T.);
#10114 = ORIENTED_EDGE('',*,*,#5845,.F.);
#10115 = ORIENTED_EDGE('',*,*,#10088,.F.);
#10116 = ADVANCED_FACE('',(#10117),#1050,.F.);
#10117 = FACE_BOUND('',#10118,.F.);
#10118 = EDGE_LOOP('',(#10119,#10140,#10141,#10142));
#10119 = ORIENTED_EDGE('',*,*,#10120,.T.);
#10120 = EDGE_CURVE('',#1030,#5893,#10121,.T.);
#10121 = SEAM_CURVE('',#10122,(#10126,#10133),.PCURVE_S1.);
#10122 = LINE('',#10123,#10124);
#10123 = CARTESIAN_POINT('',(25.34,-84.0085,9.E-03));
#10124 = VECTOR('',#10125,1.);
#10125 = DIRECTION('',(0.,0.,1.));
#10126 = PCURVE('',#1050,#10127);
#10127 = DEFINITIONAL_REPRESENTATION('',(#10128),#10132);
#10128 = LINE('',#10129,#10130);
#10129 = CARTESIAN_POINT('',(0.,0.));
#10130 = VECTOR('',#10131,1.);
#10131 = DIRECTION('',(0.,-1.));
#10132 = ( GEOMETRIC_REPRESENTATION_CONTEXT(2) 
PARAMETRIC_REPRESENTATION_CONTEXT() REPRESENTATION_CONTEXT('2D SPACE',''
  ) );
#10133 = PCURVE('',#1050,#10134);
#10134 = DEFINITIONAL_REPRESENTATION('',(#10135),#10139);
#10135 = LINE('',#10136,#10137);
#10136 = CARTESIAN_POINT('',(6.28318530718,0.));
#10137 = VECTOR('',#10138,1.);
#10138 = DIRECTION('',(0.,-1.));
#10139 = ( GEOMETRIC_REPRESENTATION_CONTEXT(2) 
PARAMETRIC_REPRESENTATION_CONTEXT() REPRESENTATION_CONTEXT('2D SPACE',''
  ) );
#10140 = ORIENTED_EDGE('',*,*,#5892,.T.);
#10141 = ORIENTED_EDGE('',*,*,#10120,.F.);
#10142 = ORIENTED_EDGE('',*,*,#1029,.F.);
#10143 = ADVANCED_FACE('',(#10144),#1085,.F.);
#10144 = FACE_BOUND('',#10145,.F.);
#10145 = EDGE_LOOP('',(#10146,#10167,#10168,#10169));
#10146 = ORIENTED_EDGE('',*,*,#10147,.T.);
#10147 = EDGE_CURVE('',#1065,#5923,#10148,.T.);
#10148 = SEAM_CURVE('',#10149,(#10153,#10160),.PCURVE_S1.);
#10149 = LINE('',#10150,#10151);
#10150 = CARTESIAN_POINT('',(26.0937,-84.0504,9.E-03));
#10151 = VECTOR('',#10152,1.);
#10152 = DIRECTION('',(0.,0.,1.));
#10153 = PCURVE('',#1085,#10154);
#10154 = DEFINITIONAL_REPRESENTATION('',(#10155),#10159);
#10155 = LINE('',#10156,#10157);
#10156 = CARTESIAN_POINT('',(0.,0.));
#10157 = VECTOR('',#10158,1.);
#10158 = DIRECTION('',(0.,-1.));
#10159 = ( GEOMETRIC_REPRESENTATION_CONTEXT(2) 
PARAMETRIC_REPRESENTATION_CONTEXT() REPRESENTATION_CONTEXT('2D SPACE',''
  ) );
#10160 = PCURVE('',#1085,#10161);
#10161 = DEFINITIONAL_REPRESENTATION('',(#10162),#10166);
#10162 = LINE('',#10163,#10164);
#10163 = CARTESIAN_POINT('',(6.28318530718,0.));
#10164 = VECTOR('',#10165,1.);
#10165 = DIRECTION('',(0.,-1.));
#10166 = ( GEOMETRIC_REPRESENTATION_CONTEXT(2) 
PARAMETRIC_REPRESENTATION_CONTEXT() REPRESENTATION_CONTEXT('2D SPACE',''
  ) );
#10167 = ORIENTED_EDGE('',*,*,#5922,.T.);
#10168 = ORIENTED_EDGE('',*,*,#10147,.F.);
#10169 = ORIENTED_EDGE('',*,*,#1064,.F.);
#10170 = ADVANCED_FACE('',(#10171),#1120,.F.);
#10171 = FACE_BOUND('',#10172,.F.);
#10172 = EDGE_LOOP('',(#10173,#10194,#10195,#10196));
#10173 = ORIENTED_EDGE('',*,*,#10174,.T.);
#10174 = EDGE_CURVE('',#1100,#5953,#10175,.T.);
#10175 = SEAM_CURVE('',#10176,(#10180,#10187),.PCURVE_S1.);
#10176 = LINE('',#10177,#10178);
#10177 = CARTESIAN_POINT('',(18.8411,-82.2968,9.E-03));
#10178 = VECTOR('',#10179,1.);
#10179 = DIRECTION('',(0.,0.,1.));
#10180 = PCURVE('',#1120,#10181);
#10181 = DEFINITIONAL_REPRESENTATION('',(#10182),#10186);
#10182 = LINE('',#10183,#10184);
#10183 = CARTESIAN_POINT('',(0.,0.));
#10184 = VECTOR('',#10185,1.);
#10185 = DIRECTION('',(0.,-1.));
#10186 = ( GEOMETRIC_REPRESENTATION_CONTEXT(2) 
PARAMETRIC_REPRESENTATION_CONTEXT() REPRESENTATION_CONTEXT('2D SPACE',''
  ) );
#10187 = PCURVE('',#1120,#10188);
#10188 = DEFINITIONAL_REPRESENTATION('',(#10189),#10193);
#10189 = LINE('',#10190,#10191);
#10190 = CARTESIAN_POINT('',(6.28318530718,0.));
#10191 = VECTOR('',#10192,1.);
#10192 = DIRECTION('',(0.,-1.));
#10193 = ( GEOMETRIC_REPRESENTATION_CONTEXT(2) 
PARAMETRIC_REPRESENTATION_CONTEXT() REPRESENTATION_CONTEXT('2D SPACE',''
  ) );
#10194 = ORIENTED_EDGE('',*,*,#5952,.T.);
#10195 = ORIENTED_EDGE('',*,*,#10174,.F.);
#10196 = ORIENTED_EDGE('',*,*,#1099,.F.);
#10197 = ADVANCED_FACE('',(#10198),#1155,.F.);
#10198 = FACE_BOUND('',#10199,.F.);
#10199 = EDGE_LOOP('',(#10200,#10221,#10222,#10223));
#10200 = ORIENTED_EDGE('',*,*,#10201,.T.);
#10201 = EDGE_CURVE('',#1135,#5983,#10202,.T.);
#10202 = SEAM_CURVE('',#10203,(#10207,#10214),.PCURVE_S1.);
#10203 = LINE('',#10204,#10205);
#10204 = CARTESIAN_POINT('',(18.7038,-81.5173,9.E-03));
#10205 = VECTOR('',#10206,1.);
#10206 = DIRECTION('',(0.,0.,1.));
#10207 = PCURVE('',#1155,#10208);
#10208 = DEFINITIONAL_REPRESENTATION('',(#10209),#10213);
#10209 = LINE('',#10210,#10211);
#10210 = CARTESIAN_POINT('',(0.,0.));
#10211 = VECTOR('',#10212,1.);
#10212 = DIRECTION('',(0.,-1.));
#10213 = ( GEOMETRIC_REPRESENTATION_CONTEXT(2) 
PARAMETRIC_REPRESENTATION_CONTEXT() REPRESENTATION_CONTEXT('2D SPACE',''
  ) );
#10214 = PCURVE('',#1155,#10215);
#10215 = DEFINITIONAL_REPRESENTATION('',(#10216),#10220);
#10216 = LINE('',#10217,#10218);
#10217 = CARTESIAN_POINT('',(6.28318530718,0.));
#10218 = VECTOR('',#10219,1.);
#10219 = DIRECTION('',(0.,-1.));
#10220 = ( GEOMETRIC_REPRESENTATION_CONTEXT(2) 
PARAMETRIC_REPRESENTATION_CONTEXT() REPRESENTATION_CONTEXT('2D SPACE',''
  ) );
#10221 = ORIENTED_EDGE('',*,*,#5982,.T.);
#10222 = ORIENTED_EDGE('',*,*,#10201,.F.);
#10223 = ORIENTED_EDGE('',*,*,#1134,.F.);
#10224 = ADVANCED_FACE('',(#10225),#1190,.F.);
#10225 = FACE_BOUND('',#10226,.F.);
#10226 = EDGE_LOOP('',(#10227,#10248,#10249,#10250));
#10227 = ORIENTED_EDGE('',*,*,#10228,.T.);
#10228 = EDGE_CURVE('',#1170,#6013,#10229,.T.);
#10229 = SEAM_CURVE('',#10230,(#10234,#10241),.PCURVE_S1.);
#10230 = LINE('',#10231,#10232);
#10231 = CARTESIAN_POINT('',(19.65,-81.55,9.E-03));
#10232 = VECTOR('',#10233,1.);
#10233 = DIRECTION('',(0.,0.,1.));
#10234 = PCURVE('',#1190,#10235);
#10235 = DEFINITIONAL_REPRESENTATION('',(#10236),#10240);
#10236 = LINE('',#10237,#10238);
#10237 = CARTESIAN_POINT('',(0.,0.));
#10238 = VECTOR('',#10239,1.);
#10239 = DIRECTION('',(0.,-1.));
#10240 = ( GEOMETRIC_REPRESENTATION_CONTEXT(2) 
PARAMETRIC_REPRESENTATION_CONTEXT() REPRESENTATION_CONTEXT('2D SPACE',''
  ) );
#10241 = PCURVE('',#1190,#10242);
#10242 = DEFINITIONAL_REPRESENTATION('',(#10243),#10247);
#10243 = LINE('',#10244,#10245);
#10244 = CARTESIAN_POINT('',(6.28318530718,0.));
#10245 = VECTOR('',#10246,1.);
#10246 = DIRECTION('',(0.,-1.));
#10247 = ( GEOMETRIC_REPRESENTATION_CONTEXT(2) 
PARAMETRIC_REPRESENTATION_CONTEXT() REPRESENTATION_CONTEXT('2D SPACE',''
  ) );
#10248 = ORIENTED_EDGE('',*,*,#6012,.T.);
#10249 = ORIENTED_EDGE('',*,*,#10228,.F.);
#10250 = ORIENTED_EDGE('',*,*,#1169,.F.);
#10251 = ADVANCED_FACE('',(#10252),#1225,.F.);
#10252 = FACE_BOUND('',#10253,.F.);
#10253 = EDGE_LOOP('',(#10254,#10275,#10276,#10277));
#10254 = ORIENTED_EDGE('',*,*,#10255,.T.);
#10255 = EDGE_CURVE('',#1205,#6043,#10256,.T.);
#10256 = SEAM_CURVE('',#10257,(#10261,#10268),.PCURVE_S1.);
#10257 = LINE('',#10258,#10259);
#10258 = CARTESIAN_POINT('',(20.2791,-82.2903,9.E-03));
#10259 = VECTOR('',#10260,1.);
#10260 = DIRECTION('',(0.,0.,1.));
#10261 = PCURVE('',#1225,#10262);
#10262 = DEFINITIONAL_REPRESENTATION('',(#10263),#10267);
#10263 = LINE('',#10264,#10265);
#10264 = CARTESIAN_POINT('',(0.,0.));
#10265 = VECTOR('',#10266,1.);
#10266 = DIRECTION('',(0.,-1.));
#10267 = ( GEOMETRIC_REPRESENTATION_CONTEXT(2) 
PARAMETRIC_REPRESENTATION_CONTEXT() REPRESENTATION_CONTEXT('2D SPACE',''
  ) );
#10268 = PCURVE('',#1225,#10269);
#10269 = DEFINITIONAL_REPRESENTATION('',(#10270),#10274);
#10270 = LINE('',#10271,#10272);
#10271 = CARTESIAN_POINT('',(6.28318530718,0.));
#10272 = VECTOR('',#10273,1.);
#10273 = DIRECTION('',(0.,-1.));
#10274 = ( GEOMETRIC_REPRESENTATION_CONTEXT(2) 
PARAMETRIC_REPRESENTATION_CONTEXT() REPRESENTATION_CONTEXT('2D SPACE',''
  ) );
#10275 = ORIENTED_EDGE('',*,*,#6042,.T.);
#10276 = ORIENTED_EDGE('',*,*,#10255,.F.);
#10277 = ORIENTED_EDGE('',*,*,#1204,.F.);
#10278 = ADVANCED_FACE('',(#10279),#1260,.F.);
#10279 = FACE_BOUND('',#10280,.F.);
#10280 = EDGE_LOOP('',(#10281,#10302,#10303,#10304));
#10281 = ORIENTED_EDGE('',*,*,#10282,.T.);
#10282 = EDGE_CURVE('',#1240,#6073,#10283,.T.);
#10283 = SEAM_CURVE('',#10284,(#10288,#10295),.PCURVE_S1.);
#10284 = LINE('',#10285,#10286);
#10285 = CARTESIAN_POINT('',(21.1717,-81.7073,9.E-03));
#10286 = VECTOR('',#10287,1.);
#10287 = DIRECTION('',(0.,0.,1.));
#10288 = PCURVE('',#1260,#10289);
#10289 = DEFINITIONAL_REPRESENTATION('',(#10290),#10294);
#10290 = LINE('',#10291,#10292);
#10291 = CARTESIAN_POINT('',(0.,0.));
#10292 = VECTOR('',#10293,1.);
#10293 = DIRECTION('',(0.,-1.));
#10294 = ( GEOMETRIC_REPRESENTATION_CONTEXT(2) 
PARAMETRIC_REPRESENTATION_CONTEXT() REPRESENTATION_CONTEXT('2D SPACE',''
  ) );
#10295 = PCURVE('',#1260,#10296);
#10296 = DEFINITIONAL_REPRESENTATION('',(#10297),#10301);
#10297 = LINE('',#10298,#10299);
#10298 = CARTESIAN_POINT('',(6.28318530718,0.));
#10299 = VECTOR('',#10300,1.);
#10300 = DIRECTION('',(0.,-1.));
#10301 = ( GEOMETRIC_REPRESENTATION_CONTEXT(2) 
PARAMETRIC_REPRESENTATION_CONTEXT() REPRESENTATION_CONTEXT('2D SPACE',''
  ) );
#10302 = ORIENTED_EDGE('',*,*,#6072,.T.);
#10303 = ORIENTED_EDGE('',*,*,#10282,.F.);
#10304 = ORIENTED_EDGE('',*,*,#1239,.F.);
#10305 = ADVANCED_FACE('',(#10306),#1295,.F.);
#10306 = FACE_BOUND('',#10307,.F.);
#10307 = EDGE_LOOP('',(#10308,#10329,#10330,#10331));
#10308 = ORIENTED_EDGE('',*,*,#10309,.T.);
#10309 = EDGE_CURVE('',#1275,#6103,#10310,.T.);
#10310 = SEAM_CURVE('',#10311,(#10315,#10322),.PCURVE_S1.);
#10311 = LINE('',#10312,#10313);
#10312 = CARTESIAN_POINT('',(20.9518,-80.9553,9.E-03));
#10313 = VECTOR('',#10314,1.);
#10314 = DIRECTION('',(0.,0.,1.));
#10315 = PCURVE('',#1295,#10316);
#10316 = DEFINITIONAL_REPRESENTATION('',(#10317),#10321);
#10317 = LINE('',#10318,#10319);
#10318 = CARTESIAN_POINT('',(0.,0.));
#10319 = VECTOR('',#10320,1.);
#10320 = DIRECTION('',(0.,-1.));
#10321 = ( GEOMETRIC_REPRESENTATION_CONTEXT(2) 
PARAMETRIC_REPRESENTATION_CONTEXT() REPRESENTATION_CONTEXT('2D SPACE',''
  ) );
#10322 = PCURVE('',#1295,#10323);
#10323 = DEFINITIONAL_REPRESENTATION('',(#10324),#10328);
#10324 = LINE('',#10325,#10326);
#10325 = CARTESIAN_POINT('',(6.28318530718,0.));
#10326 = VECTOR('',#10327,1.);
#10327 = DIRECTION('',(0.,-1.));
#10328 = ( GEOMETRIC_REPRESENTATION_CONTEXT(2) 
PARAMETRIC_REPRESENTATION_CONTEXT() REPRESENTATION_CONTEXT('2D SPACE',''
  ) );
#10329 = ORIENTED_EDGE('',*,*,#6102,.T.);
#10330 = ORIENTED_EDGE('',*,*,#10309,.F.);
#10331 = ORIENTED_EDGE('',*,*,#1274,.F.);
#10332 = ADVANCED_FACE('',(#10333),#1330,.F.);
#10333 = FACE_BOUND('',#10334,.F.);
#10334 = EDGE_LOOP('',(#10335,#10356,#10357,#10358));
#10335 = ORIENTED_EDGE('',*,*,#10336,.T.);
#10336 = EDGE_CURVE('',#1310,#6133,#10337,.T.);
#10337 = SEAM_CURVE('',#10338,(#10342,#10349),.PCURVE_S1.);
#10338 = LINE('',#10339,#10340);
#10339 = CARTESIAN_POINT('',(18.9638,-79.8671,9.E-03));
#10340 = VECTOR('',#10341,1.);
#10341 = DIRECTION('',(0.,0.,1.));
#10342 = PCURVE('',#1330,#10343);
#10343 = DEFINITIONAL_REPRESENTATION('',(#10344),#10348);
#10344 = LINE('',#10345,#10346);
#10345 = CARTESIAN_POINT('',(0.,0.));
#10346 = VECTOR('',#10347,1.);
#10347 = DIRECTION('',(0.,-1.));
#10348 = ( GEOMETRIC_REPRESENTATION_CONTEXT(2) 
PARAMETRIC_REPRESENTATION_CONTEXT() REPRESENTATION_CONTEXT('2D SPACE',''
  ) );
#10349 = PCURVE('',#1330,#10350);
#10350 = DEFINITIONAL_REPRESENTATION('',(#10351),#10355);
#10351 = LINE('',#10352,#10353);
#10352 = CARTESIAN_POINT('',(6.28318530718,0.));
#10353 = VECTOR('',#10354,1.);
#10354 = DIRECTION('',(0.,-1.));
#10355 = ( GEOMETRIC_REPRESENTATION_CONTEXT(2) 
PARAMETRIC_REPRESENTATION_CONTEXT() REPRESENTATION_CONTEXT('2D SPACE',''
  ) );
#10356 = ORIENTED_EDGE('',*,*,#6132,.T.);
#10357 = ORIENTED_EDGE('',*,*,#10336,.F.);
#10358 = ORIENTED_EDGE('',*,*,#1309,.F.);
#10359 = ADVANCED_FACE('',(#10360),#1365,.F.);
#10360 = FACE_BOUND('',#10361,.F.);
#10361 = EDGE_LOOP('',(#10362,#10383,#10384,#10385));
#10362 = ORIENTED_EDGE('',*,*,#10363,.T.);
#10363 = EDGE_CURVE('',#1345,#6163,#10364,.T.);
#10364 = SEAM_CURVE('',#10365,(#10369,#10376),.PCURVE_S1.);
#10365 = LINE('',#10366,#10367);
#10366 = CARTESIAN_POINT('',(23.2736,-81.276,9.E-03));
#10367 = VECTOR('',#10368,1.);
#10368 = DIRECTION('',(0.,0.,1.));
#10369 = PCURVE('',#1365,#10370);
#10370 = DEFINITIONAL_REPRESENTATION('',(#10371),#10375);
#10371 = LINE('',#10372,#10373);
#10372 = CARTESIAN_POINT('',(0.,0.));
#10373 = VECTOR('',#10374,1.);
#10374 = DIRECTION('',(0.,-1.));
#10375 = ( GEOMETRIC_REPRESENTATION_CONTEXT(2) 
PARAMETRIC_REPRESENTATION_CONTEXT() REPRESENTATION_CONTEXT('2D SPACE',''
  ) );
#10376 = PCURVE('',#1365,#10377);
#10377 = DEFINITIONAL_REPRESENTATION('',(#10378),#10382);
#10378 = LINE('',#10379,#10380);
#10379 = CARTESIAN_POINT('',(6.28318530718,0.));
#10380 = VECTOR('',#10381,1.);
#10381 = DIRECTION('',(0.,-1.));
#10382 = ( GEOMETRIC_REPRESENTATION_CONTEXT(2) 
PARAMETRIC_REPRESENTATION_CONTEXT() REPRESENTATION_CONTEXT('2D SPACE',''
  ) );
#10383 = ORIENTED_EDGE('',*,*,#6162,.T.);
#10384 = ORIENTED_EDGE('',*,*,#10363,.F.);
#10385 = ORIENTED_EDGE('',*,*,#1344,.F.);
#10386 = ADVANCED_FACE('',(#10387),#1400,.F.);
#10387 = FACE_BOUND('',#10388,.F.);
#10388 = EDGE_LOOP('',(#10389,#10410,#10411,#10412));
#10389 = ORIENTED_EDGE('',*,*,#10390,.T.);
#10390 = EDGE_CURVE('',#1380,#6193,#10391,.T.);
#10391 = SEAM_CURVE('',#10392,(#10396,#10403),.PCURVE_S1.);
#10392 = LINE('',#10393,#10394);
#10393 = CARTESIAN_POINT('',(18.9638,-77.15,9.E-03));
#10394 = VECTOR('',#10395,1.);
#10395 = DIRECTION('',(0.,0.,1.));
#10396 = PCURVE('',#1400,#10397);
#10397 = DEFINITIONAL_REPRESENTATION('',(#10398),#10402);
#10398 = LINE('',#10399,#10400);
#10399 = CARTESIAN_POINT('',(0.,0.));
#10400 = VECTOR('',#10401,1.);
#10401 = DIRECTION('',(0.,-1.));
#10402 = ( GEOMETRIC_REPRESENTATION_CONTEXT(2) 
PARAMETRIC_REPRESENTATION_CONTEXT() REPRESENTATION_CONTEXT('2D SPACE',''
  ) );
#10403 = PCURVE('',#1400,#10404);
#10404 = DEFINITIONAL_REPRESENTATION('',(#10405),#10409);
#10405 = LINE('',#10406,#10407);
#10406 = CARTESIAN_POINT('',(6.28318530718,0.));
#10407 = VECTOR('',#10408,1.);
#10408 = DIRECTION('',(0.,-1.));
#10409 = ( GEOMETRIC_REPRESENTATION_CONTEXT(2) 
PARAMETRIC_REPRESENTATION_CONTEXT() REPRESENTATION_CONTEXT('2D SPACE',''
  ) );
#10410 = ORIENTED_EDGE('',*,*,#6192,.T.);
#10411 = ORIENTED_EDGE('',*,*,#10390,.F.);
#10412 = ORIENTED_EDGE('',*,*,#1379,.F.);
#10413 = ADVANCED_FACE('',(#10414),#1435,.F.);
#10414 = FACE_BOUND('',#10415,.F.);
#10415 = EDGE_LOOP('',(#10416,#10437,#10438,#10439));
#10416 = ORIENTED_EDGE('',*,*,#10417,.T.);
#10417 = EDGE_CURVE('',#1415,#6223,#10418,.T.);
#10418 = SEAM_CURVE('',#10419,(#10423,#10430),.PCURVE_S1.);
#10419 = LINE('',#10420,#10421);
#10420 = CARTESIAN_POINT('',(23.0537,-75.9219,9.E-03));
#10421 = VECTOR('',#10422,1.);
#10422 = DIRECTION('',(0.,0.,1.));
#10423 = PCURVE('',#1435,#10424);
#10424 = DEFINITIONAL_REPRESENTATION('',(#10425),#10429);
#10425 = LINE('',#10426,#10427);
#10426 = CARTESIAN_POINT('',(0.,0.));
#10427 = VECTOR('',#10428,1.);
#10428 = DIRECTION('',(0.,-1.));
#10429 = ( GEOMETRIC_REPRESENTATION_CONTEXT(2) 
PARAMETRIC_REPRESENTATION_CONTEXT() REPRESENTATION_CONTEXT('2D SPACE',''
  ) );
#10430 = PCURVE('',#1435,#10431);
#10431 = DEFINITIONAL_REPRESENTATION('',(#10432),#10436);
#10432 = LINE('',#10433,#10434);
#10433 = CARTESIAN_POINT('',(6.28318530718,0.));
#10434 = VECTOR('',#10435,1.);
#10435 = DIRECTION('',(0.,-1.));
#10436 = ( GEOMETRIC_REPRESENTATION_CONTEXT(2) 
PARAMETRIC_REPRESENTATION_CONTEXT() REPRESENTATION_CONTEXT('2D SPACE',''
  ) );
#10437 = ORIENTED_EDGE('',*,*,#6222,.T.);
#10438 = ORIENTED_EDGE('',*,*,#10417,.F.);
#10439 = ORIENTED_EDGE('',*,*,#1414,.F.);
#10440 = ADVANCED_FACE('',(#10441),#1470,.F.);
#10441 = FACE_BOUND('',#10442,.F.);
#10442 = EDGE_LOOP('',(#10443,#10464,#10465,#10466));
#10443 = ORIENTED_EDGE('',*,*,#10444,.T.);
#10444 = EDGE_CURVE('',#1450,#6253,#10445,.T.);
#10445 = SEAM_CURVE('',#10446,(#10450,#10457),.PCURVE_S1.);
#10446 = LINE('',#10447,#10448);
#10447 = CARTESIAN_POINT('',(21.7408,-75.6206,9.E-03));
#10448 = VECTOR('',#10449,1.);
#10449 = DIRECTION('',(0.,0.,1.));
#10450 = PCURVE('',#1470,#10451);
#10451 = DEFINITIONAL_REPRESENTATION('',(#10452),#10456);
#10452 = LINE('',#10453,#10454);
#10453 = CARTESIAN_POINT('',(0.,0.));
#10454 = VECTOR('',#10455,1.);
#10455 = DIRECTION('',(0.,-1.));
#10456 = ( GEOMETRIC_REPRESENTATION_CONTEXT(2) 
PARAMETRIC_REPRESENTATION_CONTEXT() REPRESENTATION_CONTEXT('2D SPACE',''
  ) );
#10457 = PCURVE('',#1470,#10458);
#10458 = DEFINITIONAL_REPRESENTATION('',(#10459),#10463);
#10459 = LINE('',#10460,#10461);
#10460 = CARTESIAN_POINT('',(6.28318530718,0.));
#10461 = VECTOR('',#10462,1.);
#10462 = DIRECTION('',(0.,-1.));
#10463 = ( GEOMETRIC_REPRESENTATION_CONTEXT(2) 
PARAMETRIC_REPRESENTATION_CONTEXT() REPRESENTATION_CONTEXT('2D SPACE',''
  ) );
#10464 = ORIENTED_EDGE('',*,*,#6252,.T.);
#10465 = ORIENTED_EDGE('',*,*,#10444,.F.);
#10466 = ORIENTED_EDGE('',*,*,#1449,.F.);
#10467 = ADVANCED_FACE('',(#10468),#1505,.F.);
#10468 = FACE_BOUND('',#10469,.F.);
#10469 = EDGE_LOOP('',(#10470,#10491,#10492,#10493));
#10470 = ORIENTED_EDGE('',*,*,#10471,.T.);
#10471 = EDGE_CURVE('',#1485,#6283,#10472,.T.);
#10472 = SEAM_CURVE('',#10473,(#10477,#10484),.PCURVE_S1.);
#10473 = LINE('',#10474,#10475);
#10474 = CARTESIAN_POINT('',(30.1706,-79.8507,9.E-03));
#10475 = VECTOR('',#10476,1.);
#10476 = DIRECTION('',(0.,0.,1.));
#10477 = PCURVE('',#1505,#10478);
#10478 = DEFINITIONAL_REPRESENTATION('',(#10479),#10483);
#10479 = LINE('',#10480,#10481);
#10480 = CARTESIAN_POINT('',(0.,0.));
#10481 = VECTOR('',#10482,1.);
#10482 = DIRECTION('',(0.,-1.));
#10483 = ( GEOMETRIC_REPRESENTATION_CONTEXT(2) 
PARAMETRIC_REPRESENTATION_CONTEXT() REPRESENTATION_CONTEXT('2D SPACE',''
  ) );
#10484 = PCURVE('',#1505,#10485);
#10485 = DEFINITIONAL_REPRESENTATION('',(#10486),#10490);
#10486 = LINE('',#10487,#10488);
#10487 = CARTESIAN_POINT('',(6.28318530718,0.));
#10488 = VECTOR('',#10489,1.);
#10489 = DIRECTION('',(0.,-1.));
#10490 = ( GEOMETRIC_REPRESENTATION_CONTEXT(2) 
PARAMETRIC_REPRESENTATION_CONTEXT() REPRESENTATION_CONTEXT('2D SPACE',''
  ) );
#10491 = ORIENTED_EDGE('',*,*,#6282,.T.);
#10492 = ORIENTED_EDGE('',*,*,#10471,.F.);
#10493 = ORIENTED_EDGE('',*,*,#1484,.F.);
#10494 = ADVANCED_FACE('',(#10495),#1540,.F.);
#10495 = FACE_BOUND('',#10496,.F.);
#10496 = EDGE_LOOP('',(#10497,#10518,#10519,#10520));
#10497 = ORIENTED_EDGE('',*,*,#10498,.T.);
#10498 = EDGE_CURVE('',#1520,#6313,#10499,.T.);
#10499 = SEAM_CURVE('',#10500,(#10504,#10511),.PCURVE_S1.);
#10500 = LINE('',#10501,#10502);
#10501 = CARTESIAN_POINT('',(27.35,-75.45,9.E-03));
#10502 = VECTOR('',#10503,1.);
#10503 = DIRECTION('',(0.,0.,1.));
#10504 = PCURVE('',#1540,#10505);
#10505 = DEFINITIONAL_REPRESENTATION('',(#10506),#10510);
#10506 = LINE('',#10507,#10508);
#10507 = CARTESIAN_POINT('',(0.,0.));
#10508 = VECTOR('',#10509,1.);
#10509 = DIRECTION('',(0.,-1.));
#10510 = ( GEOMETRIC_REPRESENTATION_CONTEXT(2) 
PARAMETRIC_REPRESENTATION_CONTEXT() REPRESENTATION_CONTEXT('2D SPACE',''
  ) );
#10511 = PCURVE('',#1540,#10512);
#10512 = DEFINITIONAL_REPRESENTATION('',(#10513),#10517);
#10513 = LINE('',#10514,#10515);
#10514 = CARTESIAN_POINT('',(6.28318530718,0.));
#10515 = VECTOR('',#10516,1.);
#10516 = DIRECTION('',(0.,-1.));
#10517 = ( GEOMETRIC_REPRESENTATION_CONTEXT(2) 
PARAMETRIC_REPRESENTATION_CONTEXT() REPRESENTATION_CONTEXT('2D SPACE',''
  ) );
#10518 = ORIENTED_EDGE('',*,*,#6312,.T.);
#10519 = ORIENTED_EDGE('',*,*,#10498,.F.);
#10520 = ORIENTED_EDGE('',*,*,#1519,.F.);
#10521 = ADVANCED_FACE('',(#10522),#1575,.F.);
#10522 = FACE_BOUND('',#10523,.F.);
#10523 = EDGE_LOOP('',(#10524,#10545,#10546,#10547));
#10524 = ORIENTED_EDGE('',*,*,#10525,.T.);
#10525 = EDGE_CURVE('',#1555,#6343,#10526,.T.);
#10526 = SEAM_CURVE('',#10527,(#10531,#10538),.PCURVE_S1.);
#10527 = LINE('',#10528,#10529);
#10528 = CARTESIAN_POINT('',(11.5889,-69.15,9.E-03));
#10529 = VECTOR('',#10530,1.);
#10530 = DIRECTION('',(0.,0.,1.));
#10531 = PCURVE('',#1575,#10532);
#10532 = DEFINITIONAL_REPRESENTATION('',(#10533),#10537);
#10533 = LINE('',#10534,#10535);
#10534 = CARTESIAN_POINT('',(0.,0.));
#10535 = VECTOR('',#10536,1.);
#10536 = DIRECTION('',(0.,-1.));
#10537 = ( GEOMETRIC_REPRESENTATION_CONTEXT(2) 
PARAMETRIC_REPRESENTATION_CONTEXT() REPRESENTATION_CONTEXT('2D SPACE',''
  ) );
#10538 = PCURVE('',#1575,#10539);
#10539 = DEFINITIONAL_REPRESENTATION('',(#10540),#10544);
#10540 = LINE('',#10541,#10542);
#10541 = CARTESIAN_POINT('',(6.28318530718,0.));
#10542 = VECTOR('',#10543,1.);
#10543 = DIRECTION('',(0.,-1.));
#10544 = ( GEOMETRIC_REPRESENTATION_CONTEXT(2) 
PARAMETRIC_REPRESENTATION_CONTEXT() REPRESENTATION_CONTEXT('2D SPACE',''
  ) );
#10545 = ORIENTED_EDGE('',*,*,#6342,.T.);
#10546 = ORIENTED_EDGE('',*,*,#10525,.F.);
#10547 = ORIENTED_EDGE('',*,*,#1554,.F.);
#10548 = ADVANCED_FACE('',(#10549),#1610,.F.);
#10549 = FACE_BOUND('',#10550,.F.);
#10550 = EDGE_LOOP('',(#10551,#10572,#10573,#10574));
#10551 = ORIENTED_EDGE('',*,*,#10552,.T.);
#10552 = EDGE_CURVE('',#1590,#6373,#10553,.T.);
#10553 = SEAM_CURVE('',#10554,(#10558,#10565),.PCURVE_S1.);
#10554 = LINE('',#10555,#10556);
#10555 = CARTESIAN_POINT('',(6.5528,-67.0748,9.E-03));
#10556 = VECTOR('',#10557,1.);
#10557 = DIRECTION('',(0.,0.,1.));
#10558 = PCURVE('',#1610,#10559);
#10559 = DEFINITIONAL_REPRESENTATION('',(#10560),#10564);
#10560 = LINE('',#10561,#10562);
#10561 = CARTESIAN_POINT('',(0.,0.));
#10562 = VECTOR('',#10563,1.);
#10563 = DIRECTION('',(0.,-1.));
#10564 = ( GEOMETRIC_REPRESENTATION_CONTEXT(2) 
PARAMETRIC_REPRESENTATION_CONTEXT() REPRESENTATION_CONTEXT('2D SPACE',''
  ) );
#10565 = PCURVE('',#1610,#10566);
#10566 = DEFINITIONAL_REPRESENTATION('',(#10567),#10571);
#10567 = LINE('',#10568,#10569);
#10568 = CARTESIAN_POINT('',(6.28318530718,0.));
#10569 = VECTOR('',#10570,1.);
#10570 = DIRECTION('',(0.,-1.));
#10571 = ( GEOMETRIC_REPRESENTATION_CONTEXT(2) 
PARAMETRIC_REPRESENTATION_CONTEXT() REPRESENTATION_CONTEXT('2D SPACE',''
  ) );
#10572 = ORIENTED_EDGE('',*,*,#6372,.T.);
#10573 = ORIENTED_EDGE('',*,*,#10552,.F.);
#10574 = ORIENTED_EDGE('',*,*,#1589,.F.);
#10575 = ADVANCED_FACE('',(#10576),#1645,.F.);
#10576 = FACE_BOUND('',#10577,.F.);
#10577 = EDGE_LOOP('',(#10578,#10599,#10600,#10601));
#10578 = ORIENTED_EDGE('',*,*,#10579,.T.);
#10579 = EDGE_CURVE('',#1625,#6403,#10580,.T.);
#10580 = SEAM_CURVE('',#10581,(#10585,#10592),.PCURVE_S1.);
#10581 = LINE('',#10582,#10583);
#10582 = CARTESIAN_POINT('',(14.1783,-66.4408,9.E-03));
#10583 = VECTOR('',#10584,1.);
#10584 = DIRECTION('',(0.,0.,1.));
#10585 = PCURVE('',#1645,#10586);
#10586 = DEFINITIONAL_REPRESENTATION('',(#10587),#10591);
#10587 = LINE('',#10588,#10589);
#10588 = CARTESIAN_POINT('',(0.,0.));
#10589 = VECTOR('',#10590,1.);
#10590 = DIRECTION('',(0.,-1.));
#10591 = ( GEOMETRIC_REPRESENTATION_CONTEXT(2) 
PARAMETRIC_REPRESENTATION_CONTEXT() REPRESENTATION_CONTEXT('2D SPACE',''
  ) );
#10592 = PCURVE('',#1645,#10593);
#10593 = DEFINITIONAL_REPRESENTATION('',(#10594),#10598);
#10594 = LINE('',#10595,#10596);
#10595 = CARTESIAN_POINT('',(6.28318530718,0.));
#10596 = VECTOR('',#10597,1.);
#10597 = DIRECTION('',(0.,-1.));
#10598 = ( GEOMETRIC_REPRESENTATION_CONTEXT(2) 
PARAMETRIC_REPRESENTATION_CONTEXT() REPRESENTATION_CONTEXT('2D SPACE',''
  ) );
#10599 = ORIENTED_EDGE('',*,*,#6402,.T.);
#10600 = ORIENTED_EDGE('',*,*,#10579,.F.);
#10601 = ORIENTED_EDGE('',*,*,#1624,.F.);
#10602 = ADVANCED_FACE('',(#10603),#1680,.F.);
#10603 = FACE_BOUND('',#10604,.F.);
#10604 = EDGE_LOOP('',(#10605,#10626,#10627,#10628));
#10605 = ORIENTED_EDGE('',*,*,#10606,.T.);
#10606 = EDGE_CURVE('',#1660,#6433,#10607,.T.);
#10607 = SEAM_CURVE('',#10608,(#10612,#10619),.PCURVE_S1.);
#10608 = LINE('',#10609,#10610);
#10609 = CARTESIAN_POINT('',(5.7146,-61.4354,9.E-03));
#10610 = VECTOR('',#10611,1.);
#10611 = DIRECTION('',(0.,0.,1.));
#10612 = PCURVE('',#1680,#10613);
#10613 = DEFINITIONAL_REPRESENTATION('',(#10614),#10618);
#10614 = LINE('',#10615,#10616);
#10615 = CARTESIAN_POINT('',(0.,0.));
#10616 = VECTOR('',#10617,1.);
#10617 = DIRECTION('',(0.,-1.));
#10618 = ( GEOMETRIC_REPRESENTATION_CONTEXT(2) 
PARAMETRIC_REPRESENTATION_CONTEXT() REPRESENTATION_CONTEXT('2D SPACE',''
  ) );
#10619 = PCURVE('',#1680,#10620);
#10620 = DEFINITIONAL_REPRESENTATION('',(#10621),#10625);
#10621 = LINE('',#10622,#10623);
#10622 = CARTESIAN_POINT('',(6.28318530718,0.));
#10623 = VECTOR('',#10624,1.);
#10624 = DIRECTION('',(0.,-1.));
#10625 = ( GEOMETRIC_REPRESENTATION_CONTEXT(2) 
PARAMETRIC_REPRESENTATION_CONTEXT() REPRESENTATION_CONTEXT('2D SPACE',''
  ) );
#10626 = ORIENTED_EDGE('',*,*,#6432,.T.);
#10627 = ORIENTED_EDGE('',*,*,#10606,.F.);
#10628 = ORIENTED_EDGE('',*,*,#1659,.F.);
#10629 = ADVANCED_FACE('',(#10630),#1715,.F.);
#10630 = FACE_BOUND('',#10631,.F.);
#10631 = EDGE_LOOP('',(#10632,#10653,#10654,#10655));
#10632 = ORIENTED_EDGE('',*,*,#10633,.T.);
#10633 = EDGE_CURVE('',#1695,#6463,#10634,.T.);
#10634 = SEAM_CURVE('',#10635,(#10639,#10646),.PCURVE_S1.);
#10635 = LINE('',#10636,#10637);
#10636 = CARTESIAN_POINT('',(10.9876,-63.15,9.E-03));
#10637 = VECTOR('',#10638,1.);
#10638 = DIRECTION('',(0.,0.,1.));
#10639 = PCURVE('',#1715,#10640);
#10640 = DEFINITIONAL_REPRESENTATION('',(#10641),#10645);
#10641 = LINE('',#10642,#10643);
#10642 = CARTESIAN_POINT('',(0.,0.));
#10643 = VECTOR('',#10644,1.);
#10644 = DIRECTION('',(0.,-1.));
#10645 = ( GEOMETRIC_REPRESENTATION_CONTEXT(2) 
PARAMETRIC_REPRESENTATION_CONTEXT() REPRESENTATION_CONTEXT('2D SPACE',''
  ) );
#10646 = PCURVE('',#1715,#10647);
#10647 = DEFINITIONAL_REPRESENTATION('',(#10648),#10652);
#10648 = LINE('',#10649,#10650);
#10649 = CARTESIAN_POINT('',(6.28318530718,0.));
#10650 = VECTOR('',#10651,1.);
#10651 = DIRECTION('',(0.,-1.));
#10652 = ( GEOMETRIC_REPRESENTATION_CONTEXT(2) 
PARAMETRIC_REPRESENTATION_CONTEXT() REPRESENTATION_CONTEXT('2D SPACE',''
  ) );
#10653 = ORIENTED_EDGE('',*,*,#6462,.T.);
#10654 = ORIENTED_EDGE('',*,*,#10633,.F.);
#10655 = ORIENTED_EDGE('',*,*,#1694,.F.);
#10656 = ADVANCED_FACE('',(#10657),#1750,.F.);
#10657 = FACE_BOUND('',#10658,.F.);
#10658 = EDGE_LOOP('',(#10659,#10680,#10681,#10682));
#10659 = ORIENTED_EDGE('',*,*,#10660,.T.);
#10660 = EDGE_CURVE('',#1730,#6493,#10661,.T.);
#10661 = SEAM_CURVE('',#10662,(#10666,#10673),.PCURVE_S1.);
#10662 = LINE('',#10663,#10664);
#10663 = CARTESIAN_POINT('',(17.5489,-60.4369,9.E-03));
#10664 = VECTOR('',#10665,1.);
#10665 = DIRECTION('',(0.,0.,1.));
#10666 = PCURVE('',#1750,#10667);
#10667 = DEFINITIONAL_REPRESENTATION('',(#10668),#10672);
#10668 = LINE('',#10669,#10670);
#10669 = CARTESIAN_POINT('',(0.,0.));
#10670 = VECTOR('',#10671,1.);
#10671 = DIRECTION('',(0.,-1.));
#10672 = ( GEOMETRIC_REPRESENTATION_CONTEXT(2) 
PARAMETRIC_REPRESENTATION_CONTEXT() REPRESENTATION_CONTEXT('2D SPACE',''
  ) );
#10673 = PCURVE('',#1750,#10674);
#10674 = DEFINITIONAL_REPRESENTATION('',(#10675),#10679);
#10675 = LINE('',#10676,#10677);
#10676 = CARTESIAN_POINT('',(6.28318530718,0.));
#10677 = VECTOR('',#10678,1.);
#10678 = DIRECTION('',(0.,-1.));
#10679 = ( GEOMETRIC_REPRESENTATION_CONTEXT(2) 
PARAMETRIC_REPRESENTATION_CONTEXT() REPRESENTATION_CONTEXT('2D SPACE',''
  ) );
#10680 = ORIENTED_EDGE('',*,*,#6492,.T.);
#10681 = ORIENTED_EDGE('',*,*,#10660,.F.);
#10682 = ORIENTED_EDGE('',*,*,#1729,.F.);
#10683 = ADVANCED_FACE('',(#10684),#1785,.F.);
#10684 = FACE_BOUND('',#10685,.F.);
#10685 = EDGE_LOOP('',(#10686,#10707,#10708,#10709));
#10686 = ORIENTED_EDGE('',*,*,#10687,.T.);
#10687 = EDGE_CURVE('',#1765,#6523,#10688,.T.);
#10688 = SEAM_CURVE('',#10689,(#10693,#10700),.PCURVE_S1.);
#10689 = LINE('',#10690,#10691);
#10690 = CARTESIAN_POINT('',(20.25,-70.15,9.E-03));
#10691 = VECTOR('',#10692,1.);
#10692 = DIRECTION('',(0.,0.,1.));
#10693 = PCURVE('',#1785,#10694);
#10694 = DEFINITIONAL_REPRESENTATION('',(#10695),#10699);
#10695 = LINE('',#10696,#10697);
#10696 = CARTESIAN_POINT('',(0.,0.));
#10697 = VECTOR('',#10698,1.);
#10698 = DIRECTION('',(0.,-1.));
#10699 = ( GEOMETRIC_REPRESENTATION_CONTEXT(2) 
PARAMETRIC_REPRESENTATION_CONTEXT() REPRESENTATION_CONTEXT('2D SPACE',''
  ) );
#10700 = PCURVE('',#1785,#10701);
#10701 = DEFINITIONAL_REPRESENTATION('',(#10702),#10706);
#10702 = LINE('',#10703,#10704);
#10703 = CARTESIAN_POINT('',(6.28318530718,0.));
#10704 = VECTOR('',#10705,1.);
#10705 = DIRECTION('',(0.,-1.));
#10706 = ( GEOMETRIC_REPRESENTATION_CONTEXT(2) 
PARAMETRIC_REPRESENTATION_CONTEXT() REPRESENTATION_CONTEXT('2D SPACE',''
  ) );
#10707 = ORIENTED_EDGE('',*,*,#6522,.T.);
#10708 = ORIENTED_EDGE('',*,*,#10687,.F.);
#10709 = ORIENTED_EDGE('',*,*,#1764,.F.);
#10710 = ADVANCED_FACE('',(#10711),#1820,.F.);
#10711 = FACE_BOUND('',#10712,.F.);
#10712 = EDGE_LOOP('',(#10713,#10734,#10735,#10736));
#10713 = ORIENTED_EDGE('',*,*,#10714,.T.);
#10714 = EDGE_CURVE('',#1800,#6553,#10715,.T.);
#10715 = SEAM_CURVE('',#10716,(#10720,#10727),.PCURVE_S1.);
#10716 = LINE('',#10717,#10718);
#10717 = CARTESIAN_POINT('',(22.35,-70.45,9.E-03));
#10718 = VECTOR('',#10719,1.);
#10719 = DIRECTION('',(0.,0.,1.));
#10720 = PCURVE('',#1820,#10721);
#10721 = DEFINITIONAL_REPRESENTATION('',(#10722),#10726);
#10722 = LINE('',#10723,#10724);
#10723 = CARTESIAN_POINT('',(0.,0.));
#10724 = VECTOR('',#10725,1.);
#10725 = DIRECTION('',(0.,-1.));
#10726 = ( GEOMETRIC_REPRESENTATION_CONTEXT(2) 
PARAMETRIC_REPRESENTATION_CONTEXT() REPRESENTATION_CONTEXT('2D SPACE',''
  ) );
#10727 = PCURVE('',#1820,#10728);
#10728 = DEFINITIONAL_REPRESENTATION('',(#10729),#10733);
#10729 = LINE('',#10730,#10731);
#10730 = CARTESIAN_POINT('',(6.28318530718,0.));
#10731 = VECTOR('',#10732,1.);
#10732 = DIRECTION('',(0.,-1.));
#10733 = ( GEOMETRIC_REPRESENTATION_CONTEXT(2) 
PARAMETRIC_REPRESENTATION_CONTEXT() REPRESENTATION_CONTEXT('2D SPACE',''
  ) );
#10734 = ORIENTED_EDGE('',*,*,#6552,.T.);
#10735 = ORIENTED_EDGE('',*,*,#10714,.F.);
#10736 = ORIENTED_EDGE('',*,*,#1799,.F.);
#10737 = ADVANCED_FACE('',(#10738),#1855,.F.);
#10738 = FACE_BOUND('',#10739,.F.);
#10739 = EDGE_LOOP('',(#10740,#10761,#10762,#10763));
#10740 = ORIENTED_EDGE('',*,*,#10741,.T.);
#10741 = EDGE_CURVE('',#1835,#6583,#10742,.T.);
#10742 = SEAM_CURVE('',#10743,(#10747,#10754),.PCURVE_S1.);
#10743 = LINE('',#10744,#10745);
#10744 = CARTESIAN_POINT('',(22.4248,-67.2875,9.E-03));
#10745 = VECTOR('',#10746,1.);
#10746 = DIRECTION('',(0.,0.,1.));
#10747 = PCURVE('',#1855,#10748);
#10748 = DEFINITIONAL_REPRESENTATION('',(#10749),#10753);
#10749 = LINE('',#10750,#10751);
#10750 = CARTESIAN_POINT('',(0.,0.));
#10751 = VECTOR('',#10752,1.);
#10752 = DIRECTION('',(0.,-1.));
#10753 = ( GEOMETRIC_REPRESENTATION_CONTEXT(2) 
PARAMETRIC_REPRESENTATION_CONTEXT() REPRESENTATION_CONTEXT('2D SPACE',''
  ) );
#10754 = PCURVE('',#1855,#10755);
#10755 = DEFINITIONAL_REPRESENTATION('',(#10756),#10760);
#10756 = LINE('',#10757,#10758);
#10757 = CARTESIAN_POINT('',(6.28318530718,0.));
#10758 = VECTOR('',#10759,1.);
#10759 = DIRECTION('',(0.,-1.));
#10760 = ( GEOMETRIC_REPRESENTATION_CONTEXT(2) 
PARAMETRIC_REPRESENTATION_CONTEXT() REPRESENTATION_CONTEXT('2D SPACE',''
  ) );
#10761 = ORIENTED_EDGE('',*,*,#6582,.T.);
#10762 = ORIENTED_EDGE('',*,*,#10741,.F.);
#10763 = ORIENTED_EDGE('',*,*,#1834,.F.);
#10764 = ADVANCED_FACE('',(#10765),#1890,.F.);
#10765 = FACE_BOUND('',#10766,.F.);
#10766 = EDGE_LOOP('',(#10767,#10788,#10789,#10790));
#10767 = ORIENTED_EDGE('',*,*,#10768,.T.);
#10768 = EDGE_CURVE('',#1870,#6613,#10769,.T.);
#10769 = SEAM_CURVE('',#10770,(#10774,#10781),.PCURVE_S1.);
#10770 = LINE('',#10771,#10772);
#10771 = CARTESIAN_POINT('',(24.531,-71.444,9.E-03));
#10772 = VECTOR('',#10773,1.);
#10773 = DIRECTION('',(0.,0.,1.));
#10774 = PCURVE('',#1890,#10775);
#10775 = DEFINITIONAL_REPRESENTATION('',(#10776),#10780);
#10776 = LINE('',#10777,#10778);
#10777 = CARTESIAN_POINT('',(0.,0.));
#10778 = VECTOR('',#10779,1.);
#10779 = DIRECTION('',(0.,-1.));
#10780 = ( GEOMETRIC_REPRESENTATION_CONTEXT(2) 
PARAMETRIC_REPRESENTATION_CONTEXT() REPRESENTATION_CONTEXT('2D SPACE',''
  ) );
#10781 = PCURVE('',#1890,#10782);
#10782 = DEFINITIONAL_REPRESENTATION('',(#10783),#10787);
#10783 = LINE('',#10784,#10785);
#10784 = CARTESIAN_POINT('',(6.28318530718,0.));
#10785 = VECTOR('',#10786,1.);
#10786 = DIRECTION('',(0.,-1.));
#10787 = ( GEOMETRIC_REPRESENTATION_CONTEXT(2) 
PARAMETRIC_REPRESENTATION_CONTEXT() REPRESENTATION_CONTEXT('2D SPACE',''
  ) );
#10788 = ORIENTED_EDGE('',*,*,#6612,.T.);
#10789 = ORIENTED_EDGE('',*,*,#10768,.F.);
#10790 = ORIENTED_EDGE('',*,*,#1869,.F.);
#10791 = ADVANCED_FACE('',(#10792),#1925,.F.);
#10792 = FACE_BOUND('',#10793,.F.);
#10793 = EDGE_LOOP('',(#10794,#10815,#10816,#10817));
#10794 = ORIENTED_EDGE('',*,*,#10795,.T.);
#10795 = EDGE_CURVE('',#1905,#6643,#10796,.T.);
#10796 = SEAM_CURVE('',#10797,(#10801,#10808),.PCURVE_S1.);
#10797 = LINE('',#10798,#10799);
#10798 = CARTESIAN_POINT('',(24.531,-64.9171,9.E-03));
#10799 = VECTOR('',#10800,1.);
#10800 = DIRECTION('',(0.,0.,1.));
#10801 = PCURVE('',#1925,#10802);
#10802 = DEFINITIONAL_REPRESENTATION('',(#10803),#10807);
#10803 = LINE('',#10804,#10805);
#10804 = CARTESIAN_POINT('',(0.,0.));
#10805 = VECTOR('',#10806,1.);
#10806 = DIRECTION('',(0.,-1.));
#10807 = ( GEOMETRIC_REPRESENTATION_CONTEXT(2) 
PARAMETRIC_REPRESENTATION_CONTEXT() REPRESENTATION_CONTEXT('2D SPACE',''
  ) );
#10808 = PCURVE('',#1925,#10809);
#10809 = DEFINITIONAL_REPRESENTATION('',(#10810),#10814);
#10810 = LINE('',#10811,#10812);
#10811 = CARTESIAN_POINT('',(6.28318530718,0.));
#10812 = VECTOR('',#10813,1.);
#10813 = DIRECTION('',(0.,-1.));
#10814 = ( GEOMETRIC_REPRESENTATION_CONTEXT(2) 
PARAMETRIC_REPRESENTATION_CONTEXT() REPRESENTATION_CONTEXT('2D SPACE',''
  ) );
#10815 = ORIENTED_EDGE('',*,*,#6642,.T.);
#10816 = ORIENTED_EDGE('',*,*,#10795,.F.);
#10817 = ORIENTED_EDGE('',*,*,#1904,.F.);
#10818 = ADVANCED_FACE('',(#10819),#1960,.F.);
#10819 = FACE_BOUND('',#10820,.F.);
#10820 = EDGE_LOOP('',(#10821,#10842,#10843,#10844));
#10821 = ORIENTED_EDGE('',*,*,#10822,.T.);
#10822 = EDGE_CURVE('',#1940,#6673,#10823,.T.);
#10823 = SEAM_CURVE('',#10824,(#10828,#10835),.PCURVE_S1.);
#10824 = LINE('',#10825,#10826);
#10825 = CARTESIAN_POINT('',(18.1476,-59.5234,9.E-03));
#10826 = VECTOR('',#10827,1.);
#10827 = DIRECTION('',(0.,0.,1.));
#10828 = PCURVE('',#1960,#10829);
#10829 = DEFINITIONAL_REPRESENTATION('',(#10830),#10834);
#10830 = LINE('',#10831,#10832);
#10831 = CARTESIAN_POINT('',(0.,0.));
#10832 = VECTOR('',#10833,1.);
#10833 = DIRECTION('',(0.,-1.));
#10834 = ( GEOMETRIC_REPRESENTATION_CONTEXT(2) 
PARAMETRIC_REPRESENTATION_CONTEXT() REPRESENTATION_CONTEXT('2D SPACE',''
  ) );
#10835 = PCURVE('',#1960,#10836);
#10836 = DEFINITIONAL_REPRESENTATION('',(#10837),#10841);
#10837 = LINE('',#10838,#10839);
#10838 = CARTESIAN_POINT('',(6.28318530718,0.));
#10839 = VECTOR('',#10840,1.);
#10840 = DIRECTION('',(0.,-1.));
#10841 = ( GEOMETRIC_REPRESENTATION_CONTEXT(2) 
PARAMETRIC_REPRESENTATION_CONTEXT() REPRESENTATION_CONTEXT('2D SPACE',''
  ) );
#10842 = ORIENTED_EDGE('',*,*,#6672,.T.);
#10843 = ORIENTED_EDGE('',*,*,#10822,.F.);
#10844 = ORIENTED_EDGE('',*,*,#1939,.F.);
#10845 = ADVANCED_FACE('',(#10846),#1995,.F.);
#10846 = FACE_BOUND('',#10847,.F.);
#10847 = EDGE_LOOP('',(#10848,#10869,#10870,#10871));
#10848 = ORIENTED_EDGE('',*,*,#10849,.T.);
#10849 = EDGE_CURVE('',#1975,#6703,#10850,.T.);
#10850 = SEAM_CURVE('',#10851,(#10855,#10862),.PCURVE_S1.);
#10851 = LINE('',#10852,#10853);
#10852 = CARTESIAN_POINT('',(28.7384,-63.8883,9.E-03));
#10853 = VECTOR('',#10854,1.);
#10854 = DIRECTION('',(0.,0.,1.));
#10855 = PCURVE('',#1995,#10856);
#10856 = DEFINITIONAL_REPRESENTATION('',(#10857),#10861);
#10857 = LINE('',#10858,#10859);
#10858 = CARTESIAN_POINT('',(0.,0.));
#10859 = VECTOR('',#10860,1.);
#10860 = DIRECTION('',(0.,-1.));
#10861 = ( GEOMETRIC_REPRESENTATION_CONTEXT(2) 
PARAMETRIC_REPRESENTATION_CONTEXT() REPRESENTATION_CONTEXT('2D SPACE',''
  ) );
#10862 = PCURVE('',#1995,#10863);
#10863 = DEFINITIONAL_REPRESENTATION('',(#10864),#10868);
#10864 = LINE('',#10865,#10866);
#10865 = CARTESIAN_POINT('',(6.28318530718,0.));
#10866 = VECTOR('',#10867,1.);
#10867 = DIRECTION('',(0.,-1.));
#10868 = ( GEOMETRIC_REPRESENTATION_CONTEXT(2) 
PARAMETRIC_REPRESENTATION_CONTEXT() REPRESENTATION_CONTEXT('2D SPACE',''
  ) );
#10869 = ORIENTED_EDGE('',*,*,#6702,.T.);
#10870 = ORIENTED_EDGE('',*,*,#10849,.F.);
#10871 = ORIENTED_EDGE('',*,*,#1974,.F.);
#10872 = ADVANCED_FACE('',(#10873),#2030,.F.);
#10873 = FACE_BOUND('',#10874,.F.);
#10874 = EDGE_LOOP('',(#10875,#10896,#10897,#10898));
#10875 = ORIENTED_EDGE('',*,*,#10876,.T.);
#10876 = EDGE_CURVE('',#2010,#6733,#10877,.T.);
#10877 = SEAM_CURVE('',#10878,(#10882,#10889),.PCURVE_S1.);
#10878 = LINE('',#10879,#10880);
#10879 = CARTESIAN_POINT('',(32.2767,-85.1669,9.E-03));
#10880 = VECTOR('',#10881,1.);
#10881 = DIRECTION('',(0.,0.,1.));
#10882 = PCURVE('',#2030,#10883);
#10883 = DEFINITIONAL_REPRESENTATION('',(#10884),#10888);
#10884 = LINE('',#10885,#10886);
#10885 = CARTESIAN_POINT('',(0.,0.));
#10886 = VECTOR('',#10887,1.);
#10887 = DIRECTION('',(0.,-1.));
#10888 = ( GEOMETRIC_REPRESENTATION_CONTEXT(2) 
PARAMETRIC_REPRESENTATION_CONTEXT() REPRESENTATION_CONTEXT('2D SPACE',''
  ) );
#10889 = PCURVE('',#2030,#10890);
#10890 = DEFINITIONAL_REPRESENTATION('',(#10891),#10895);
#10891 = LINE('',#10892,#10893);
#10892 = CARTESIAN_POINT('',(6.28318530718,0.));
#10893 = VECTOR('',#10894,1.);
#10894 = DIRECTION('',(0.,-1.));
#10895 = ( GEOMETRIC_REPRESENTATION_CONTEXT(2) 
PARAMETRIC_REPRESENTATION_CONTEXT() REPRESENTATION_CONTEXT('2D SPACE',''
  ) );
#10896 = ORIENTED_EDGE('',*,*,#6732,.T.);
#10897 = ORIENTED_EDGE('',*,*,#10876,.F.);
#10898 = ORIENTED_EDGE('',*,*,#2009,.F.);
#10899 = ADVANCED_FACE('',(#10900),#2065,.F.);
#10900 = FACE_BOUND('',#10901,.F.);
#10901 = EDGE_LOOP('',(#10902,#10923,#10924,#10925));
#10902 = ORIENTED_EDGE('',*,*,#10903,.T.);
#10903 = EDGE_CURVE('',#2045,#6763,#10904,.T.);
#10904 = SEAM_CURVE('',#10905,(#10909,#10916),.PCURVE_S1.);
#10905 = LINE('',#10906,#10907);
#10906 = CARTESIAN_POINT('',(33.4566,-84.0518,9.E-03));
#10907 = VECTOR('',#10908,1.);
#10908 = DIRECTION('',(0.,0.,1.));
#10909 = PCURVE('',#2065,#10910);
#10910 = DEFINITIONAL_REPRESENTATION('',(#10911),#10915);
#10911 = LINE('',#10912,#10913);
#10912 = CARTESIAN_POINT('',(0.,0.));
#10913 = VECTOR('',#10914,1.);
#10914 = DIRECTION('',(0.,-1.));
#10915 = ( GEOMETRIC_REPRESENTATION_CONTEXT(2) 
PARAMETRIC_REPRESENTATION_CONTEXT() REPRESENTATION_CONTEXT('2D SPACE',''
  ) );
#10916 = PCURVE('',#2065,#10917);
#10917 = DEFINITIONAL_REPRESENTATION('',(#10918),#10922);
#10918 = LINE('',#10919,#10920);
#10919 = CARTESIAN_POINT('',(6.28318530718,0.));
#10920 = VECTOR('',#10921,1.);
#10921 = DIRECTION('',(0.,-1.));
#10922 = ( GEOMETRIC_REPRESENTATION_CONTEXT(2) 
PARAMETRIC_REPRESENTATION_CONTEXT() REPRESENTATION_CONTEXT('2D SPACE',''
  ) );
#10923 = ORIENTED_EDGE('',*,*,#6762,.T.);
#10924 = ORIENTED_EDGE('',*,*,#10903,.F.);
#10925 = ORIENTED_EDGE('',*,*,#2044,.F.);
#10926 = ADVANCED_FACE('',(#10927),#2100,.F.);
#10927 = FACE_BOUND('',#10928,.F.);
#10928 = EDGE_LOOP('',(#10929,#10950,#10951,#10952));
#10929 = ORIENTED_EDGE('',*,*,#10930,.T.);
#10930 = EDGE_CURVE('',#2080,#6793,#10931,.T.);
#10931 = SEAM_CURVE('',#10932,(#10936,#10943),.PCURVE_S1.);
#10932 = LINE('',#10933,#10934);
#10933 = CARTESIAN_POINT('',(35.6199,-84.0218,9.E-03));
#10934 = VECTOR('',#10935,1.);
#10935 = DIRECTION('',(0.,0.,1.));
#10936 = PCURVE('',#2100,#10937);
#10937 = DEFINITIONAL_REPRESENTATION('',(#10938),#10942);
#10938 = LINE('',#10939,#10940);
#10939 = CARTESIAN_POINT('',(0.,0.));
#10940 = VECTOR('',#10941,1.);
#10941 = DIRECTION('',(0.,-1.));
#10942 = ( GEOMETRIC_REPRESENTATION_CONTEXT(2) 
PARAMETRIC_REPRESENTATION_CONTEXT() REPRESENTATION_CONTEXT('2D SPACE',''
  ) );
#10943 = PCURVE('',#2100,#10944);
#10944 = DEFINITIONAL_REPRESENTATION('',(#10945),#10949);
#10945 = LINE('',#10946,#10947);
#10946 = CARTESIAN_POINT('',(6.28318530718,0.));
#10947 = VECTOR('',#10948,1.);
#10948 = DIRECTION('',(0.,-1.));
#10949 = ( GEOMETRIC_REPRESENTATION_CONTEXT(2) 
PARAMETRIC_REPRESENTATION_CONTEXT() REPRESENTATION_CONTEXT('2D SPACE',''
  ) );
#10950 = ORIENTED_EDGE('',*,*,#6792,.T.);
#10951 = ORIENTED_EDGE('',*,*,#10930,.F.);
#10952 = ORIENTED_EDGE('',*,*,#2079,.F.);
#10953 = ADVANCED_FACE('',(#10954),#2135,.F.);
#10954 = FACE_BOUND('',#10955,.F.);
#10955 = EDGE_LOOP('',(#10956,#10977,#10978,#10979));
#10956 = ORIENTED_EDGE('',*,*,#10957,.T.);
#10957 = EDGE_CURVE('',#2115,#6823,#10958,.T.);
#10958 = SEAM_CURVE('',#10959,(#10963,#10970),.PCURVE_S1.);
#10959 = LINE('',#10960,#10961);
#10960 = CARTESIAN_POINT('',(31.7292,-80.8174,9.E-03));
#10961 = VECTOR('',#10962,1.);
#10962 = DIRECTION('',(0.,0.,1.));
#10963 = PCURVE('',#2135,#10964);
#10964 = DEFINITIONAL_REPRESENTATION('',(#10965),#10969);
#10965 = LINE('',#10966,#10967);
#10966 = CARTESIAN_POINT('',(0.,0.));
#10967 = VECTOR('',#10968,1.);
#10968 = DIRECTION('',(0.,-1.));
#10969 = ( GEOMETRIC_REPRESENTATION_CONTEXT(2) 
PARAMETRIC_REPRESENTATION_CONTEXT() REPRESENTATION_CONTEXT('2D SPACE',''
  ) );
#10970 = PCURVE('',#2135,#10971);
#10971 = DEFINITIONAL_REPRESENTATION('',(#10972),#10976);
#10972 = LINE('',#10973,#10974);
#10973 = CARTESIAN_POINT('',(6.28318530718,0.));
#10974 = VECTOR('',#10975,1.);
#10975 = DIRECTION('',(0.,-1.));
#10976 = ( GEOMETRIC_REPRESENTATION_CONTEXT(2) 
PARAMETRIC_REPRESENTATION_CONTEXT() REPRESENTATION_CONTEXT('2D SPACE',''
  ) );
#10977 = ORIENTED_EDGE('',*,*,#6822,.T.);
#10978 = ORIENTED_EDGE('',*,*,#10957,.F.);
#10979 = ORIENTED_EDGE('',*,*,#2114,.F.);
#10980 = ADVANCED_FACE('',(#10981),#2170,.F.);
#10981 = FACE_BOUND('',#10982,.F.);
#10982 = EDGE_LOOP('',(#10983,#11004,#11005,#11006));
#10983 = ORIENTED_EDGE('',*,*,#10984,.T.);
#10984 = EDGE_CURVE('',#2150,#6853,#10985,.T.);
#10985 = SEAM_CURVE('',#10986,(#10990,#10997),.PCURVE_S1.);
#10986 = LINE('',#10987,#10988);
#10987 = CARTESIAN_POINT('',(32.6031,-80.7352,9.E-03));
#10988 = VECTOR('',#10989,1.);
#10989 = DIRECTION('',(0.,0.,1.));
#10990 = PCURVE('',#2170,#10991);
#10991 = DEFINITIONAL_REPRESENTATION('',(#10992),#10996);
#10992 = LINE('',#10993,#10994);
#10993 = CARTESIAN_POINT('',(0.,0.));
#10994 = VECTOR('',#10995,1.);
#10995 = DIRECTION('',(0.,-1.));
#10996 = ( GEOMETRIC_REPRESENTATION_CONTEXT(2) 
PARAMETRIC_REPRESENTATION_CONTEXT() REPRESENTATION_CONTEXT('2D SPACE',''
  ) );
#10997 = PCURVE('',#2170,#10998);
#10998 = DEFINITIONAL_REPRESENTATION('',(#10999),#11003);
#10999 = LINE('',#11000,#11001);
#11000 = CARTESIAN_POINT('',(6.28318530718,0.));
#11001 = VECTOR('',#11002,1.);
#11002 = DIRECTION('',(0.,-1.));
#11003 = ( GEOMETRIC_REPRESENTATION_CONTEXT(2) 
PARAMETRIC_REPRESENTATION_CONTEXT() REPRESENTATION_CONTEXT('2D SPACE',''
  ) );
#11004 = ORIENTED_EDGE('',*,*,#6852,.T.);
#11005 = ORIENTED_EDGE('',*,*,#10984,.F.);
#11006 = ORIENTED_EDGE('',*,*,#2149,.F.);
#11007 = ADVANCED_FACE('',(#11008),#2205,.F.);
#11008 = FACE_BOUND('',#11009,.F.);
#11009 = EDGE_LOOP('',(#11010,#11031,#11032,#11033));
#11010 = ORIENTED_EDGE('',*,*,#11011,.T.);
#11011 = EDGE_CURVE('',#2185,#6883,#11012,.T.);
#11012 = SEAM_CURVE('',#11013,(#11017,#11024),.PCURVE_S1.);
#11013 = LINE('',#11014,#11015);
#11014 = CARTESIAN_POINT('',(31.6686,-80.061,9.E-03));
#11015 = VECTOR('',#11016,1.);
#11016 = DIRECTION('',(0.,0.,1.));
#11017 = PCURVE('',#2205,#11018);
#11018 = DEFINITIONAL_REPRESENTATION('',(#11019),#11023);
#11019 = LINE('',#11020,#11021);
#11020 = CARTESIAN_POINT('',(0.,0.));
#11021 = VECTOR('',#11022,1.);
#11022 = DIRECTION('',(0.,-1.));
#11023 = ( GEOMETRIC_REPRESENTATION_CONTEXT(2) 
PARAMETRIC_REPRESENTATION_CONTEXT() REPRESENTATION_CONTEXT('2D SPACE',''
  ) );
#11024 = PCURVE('',#2205,#11025);
#11025 = DEFINITIONAL_REPRESENTATION('',(#11026),#11030);
#11026 = LINE('',#11027,#11028);
#11027 = CARTESIAN_POINT('',(6.28318530718,0.));
#11028 = VECTOR('',#11029,1.);
#11029 = DIRECTION('',(0.,-1.));
#11030 = ( GEOMETRIC_REPRESENTATION_CONTEXT(2) 
PARAMETRIC_REPRESENTATION_CONTEXT() REPRESENTATION_CONTEXT('2D SPACE',''
  ) );
#11031 = ORIENTED_EDGE('',*,*,#6882,.T.);
#11032 = ORIENTED_EDGE('',*,*,#11011,.F.);
#11033 = ORIENTED_EDGE('',*,*,#2184,.F.);
#11034 = ADVANCED_FACE('',(#11035),#2240,.F.);
#11035 = FACE_BOUND('',#11036,.F.);
#11036 = EDGE_LOOP('',(#11037,#11058,#11059,#11060));
#11037 = ORIENTED_EDGE('',*,*,#11038,.T.);
#11038 = EDGE_CURVE('',#2220,#6913,#11039,.T.);
#11039 = SEAM_CURVE('',#11040,(#11044,#11051),.PCURVE_S1.);
#11040 = LINE('',#11041,#11042);
#11041 = CARTESIAN_POINT('',(34.5363,-82.2433,9.E-03));
#11042 = VECTOR('',#11043,1.);
#11043 = DIRECTION('',(0.,0.,1.));
#11044 = PCURVE('',#2240,#11045);
#11045 = DEFINITIONAL_REPRESENTATION('',(#11046),#11050);
#11046 = LINE('',#11047,#11048);
#11047 = CARTESIAN_POINT('',(0.,0.));
#11048 = VECTOR('',#11049,1.);
#11049 = DIRECTION('',(0.,-1.));
#11050 = ( GEOMETRIC_REPRESENTATION_CONTEXT(2) 
PARAMETRIC_REPRESENTATION_CONTEXT() REPRESENTATION_CONTEXT('2D SPACE',''
  ) );
#11051 = PCURVE('',#2240,#11052);
#11052 = DEFINITIONAL_REPRESENTATION('',(#11053),#11057);
#11053 = LINE('',#11054,#11055);
#11054 = CARTESIAN_POINT('',(6.28318530718,0.));
#11055 = VECTOR('',#11056,1.);
#11056 = DIRECTION('',(0.,-1.));
#11057 = ( GEOMETRIC_REPRESENTATION_CONTEXT(2) 
PARAMETRIC_REPRESENTATION_CONTEXT() REPRESENTATION_CONTEXT('2D SPACE',''
  ) );
#11058 = ORIENTED_EDGE('',*,*,#6912,.T.);
#11059 = ORIENTED_EDGE('',*,*,#11038,.F.);
#11060 = ORIENTED_EDGE('',*,*,#2219,.F.);
#11061 = ADVANCED_FACE('',(#11062),#2275,.F.);
#11062 = FACE_BOUND('',#11063,.F.);
#11063 = EDGE_LOOP('',(#11064,#11085,#11086,#11087));
#11064 = ORIENTED_EDGE('',*,*,#11065,.T.);
#11065 = EDGE_CURVE('',#2255,#6943,#11066,.T.);
#11066 = SEAM_CURVE('',#11067,(#11071,#11078),.PCURVE_S1.);
#11067 = LINE('',#11068,#11069);
#11068 = CARTESIAN_POINT('',(35.3652,-82.2425,9.E-03));
#11069 = VECTOR('',#11070,1.);
#11070 = DIRECTION('',(0.,0.,1.));
#11071 = PCURVE('',#2275,#11072);
#11072 = DEFINITIONAL_REPRESENTATION('',(#11073),#11077);
#11073 = LINE('',#11074,#11075);
#11074 = CARTESIAN_POINT('',(0.,0.));
#11075 = VECTOR('',#11076,1.);
#11076 = DIRECTION('',(0.,-1.));
#11077 = ( GEOMETRIC_REPRESENTATION_CONTEXT(2) 
PARAMETRIC_REPRESENTATION_CONTEXT() REPRESENTATION_CONTEXT('2D SPACE',''
  ) );
#11078 = PCURVE('',#2275,#11079);
#11079 = DEFINITIONAL_REPRESENTATION('',(#11080),#11084);
#11080 = LINE('',#11081,#11082);
#11081 = CARTESIAN_POINT('',(6.28318530718,0.));
#11082 = VECTOR('',#11083,1.);
#11083 = DIRECTION('',(0.,-1.));
#11084 = ( GEOMETRIC_REPRESENTATION_CONTEXT(2) 
PARAMETRIC_REPRESENTATION_CONTEXT() REPRESENTATION_CONTEXT('2D SPACE',''
  ) );
#11085 = ORIENTED_EDGE('',*,*,#6942,.T.);
#11086 = ORIENTED_EDGE('',*,*,#11065,.F.);
#11087 = ORIENTED_EDGE('',*,*,#2254,.F.);
#11088 = ADVANCED_FACE('',(#11089),#2310,.F.);
#11089 = FACE_BOUND('',#11090,.F.);
#11090 = EDGE_LOOP('',(#11091,#11112,#11113,#11114));
#11091 = ORIENTED_EDGE('',*,*,#11092,.T.);
#11092 = EDGE_CURVE('',#2290,#6973,#11093,.T.);
#11093 = SEAM_CURVE('',#11094,(#11098,#11105),.PCURVE_S1.);
#11094 = LINE('',#11095,#11096);
#11095 = CARTESIAN_POINT('',(35.0566,-80.2817,9.E-03));
#11096 = VECTOR('',#11097,1.);
#11097 = DIRECTION('',(0.,0.,1.));
#11098 = PCURVE('',#2310,#11099);
#11099 = DEFINITIONAL_REPRESENTATION('',(#11100),#11104);
#11100 = LINE('',#11101,#11102);
#11101 = CARTESIAN_POINT('',(0.,0.));
#11102 = VECTOR('',#11103,1.);
#11103 = DIRECTION('',(0.,-1.));
#11104 = ( GEOMETRIC_REPRESENTATION_CONTEXT(2) 
PARAMETRIC_REPRESENTATION_CONTEXT() REPRESENTATION_CONTEXT('2D SPACE',''
  ) );
#11105 = PCURVE('',#2310,#11106);
#11106 = DEFINITIONAL_REPRESENTATION('',(#11107),#11111);
#11107 = LINE('',#11108,#11109);
#11108 = CARTESIAN_POINT('',(6.28318530718,0.));
#11109 = VECTOR('',#11110,1.);
#11110 = DIRECTION('',(0.,-1.));
#11111 = ( GEOMETRIC_REPRESENTATION_CONTEXT(2) 
PARAMETRIC_REPRESENTATION_CONTEXT() REPRESENTATION_CONTEXT('2D SPACE',''
  ) );
#11112 = ORIENTED_EDGE('',*,*,#6972,.T.);
#11113 = ORIENTED_EDGE('',*,*,#11092,.F.);
#11114 = ORIENTED_EDGE('',*,*,#2289,.F.);
#11115 = ADVANCED_FACE('',(#11116),#2345,.F.);
#11116 = FACE_BOUND('',#11117,.F.);
#11117 = EDGE_LOOP('',(#11118,#11139,#11140,#11141));
#11118 = ORIENTED_EDGE('',*,*,#11119,.T.);
#11119 = EDGE_CURVE('',#2325,#7003,#11120,.T.);
#11120 = SEAM_CURVE('',#11121,(#11125,#11132),.PCURVE_S1.);
#11121 = LINE('',#11122,#11123);
#11122 = CARTESIAN_POINT('',(34.55,-77.15,9.E-03));
#11123 = VECTOR('',#11124,1.);
#11124 = DIRECTION('',(0.,0.,1.));
#11125 = PCURVE('',#2345,#11126);
#11126 = DEFINITIONAL_REPRESENTATION('',(#11127),#11131);
#11127 = LINE('',#11128,#11129);
#11128 = CARTESIAN_POINT('',(0.,0.));
#11129 = VECTOR('',#11130,1.);
#11130 = DIRECTION('',(0.,-1.));
#11131 = ( GEOMETRIC_REPRESENTATION_CONTEXT(2) 
PARAMETRIC_REPRESENTATION_CONTEXT() REPRESENTATION_CONTEXT('2D SPACE',''
  ) );
#11132 = PCURVE('',#2345,#11133);
#11133 = DEFINITIONAL_REPRESENTATION('',(#11134),#11138);
#11134 = LINE('',#11135,#11136);
#11135 = CARTESIAN_POINT('',(6.28318530718,0.));
#11136 = VECTOR('',#11137,1.);
#11137 = DIRECTION('',(0.,-1.));
#11138 = ( GEOMETRIC_REPRESENTATION_CONTEXT(2) 
PARAMETRIC_REPRESENTATION_CONTEXT() REPRESENTATION_CONTEXT('2D SPACE',''
  ) );
#11139 = ORIENTED_EDGE('',*,*,#7002,.T.);
#11140 = ORIENTED_EDGE('',*,*,#11119,.F.);
#11141 = ORIENTED_EDGE('',*,*,#2324,.F.);
#11142 = ADVANCED_FACE('',(#11143),#2380,.F.);
#11143 = FACE_BOUND('',#11144,.F.);
#11144 = EDGE_LOOP('',(#11145,#11166,#11167,#11168));
#11145 = ORIENTED_EDGE('',*,*,#11146,.T.);
#11146 = EDGE_CURVE('',#2360,#7033,#11147,.T.);
#11147 = SEAM_CURVE('',#11148,(#11152,#11159),.PCURVE_S1.);
#11148 = LINE('',#11149,#11150);
#11149 = CARTESIAN_POINT('',(34.85,-74.5,9.E-03));
#11150 = VECTOR('',#11151,1.);
#11151 = DIRECTION('',(0.,0.,1.));
#11152 = PCURVE('',#2380,#11153);
#11153 = DEFINITIONAL_REPRESENTATION('',(#11154),#11158);
#11154 = LINE('',#11155,#11156);
#11155 = CARTESIAN_POINT('',(0.,0.));
#11156 = VECTOR('',#11157,1.);
#11157 = DIRECTION('',(0.,-1.));
#11158 = ( GEOMETRIC_REPRESENTATION_CONTEXT(2) 
PARAMETRIC_REPRESENTATION_CONTEXT() REPRESENTATION_CONTEXT('2D SPACE',''
  ) );
#11159 = PCURVE('',#2380,#11160);
#11160 = DEFINITIONAL_REPRESENTATION('',(#11161),#11165);
#11161 = LINE('',#11162,#11163);
#11162 = CARTESIAN_POINT('',(6.28318530718,0.));
#11163 = VECTOR('',#11164,1.);
#11164 = DIRECTION('',(0.,-1.));
#11165 = ( GEOMETRIC_REPRESENTATION_CONTEXT(2) 
PARAMETRIC_REPRESENTATION_CONTEXT() REPRESENTATION_CONTEXT('2D SPACE',''
  ) );
#11166 = ORIENTED_EDGE('',*,*,#7032,.T.);
#11167 = ORIENTED_EDGE('',*,*,#11146,.F.);
#11168 = ORIENTED_EDGE('',*,*,#2359,.F.);
#11169 = ADVANCED_FACE('',(#11170),#2415,.F.);
#11170 = FACE_BOUND('',#11171,.F.);
#11171 = EDGE_LOOP('',(#11172,#11193,#11194,#11195));
#11172 = ORIENTED_EDGE('',*,*,#11173,.T.);
#11173 = EDGE_CURVE('',#2395,#7063,#11174,.T.);
#11174 = SEAM_CURVE('',#11175,(#11179,#11186),.PCURVE_S1.);
#11175 = LINE('',#11176,#11177);
#11176 = CARTESIAN_POINT('',(35.5095,-75.5256,9.E-03));
#11177 = VECTOR('',#11178,1.);
#11178 = DIRECTION('',(0.,0.,1.));
#11179 = PCURVE('',#2415,#11180);
#11180 = DEFINITIONAL_REPRESENTATION('',(#11181),#11185);
#11181 = LINE('',#11182,#11183);
#11182 = CARTESIAN_POINT('',(0.,0.));
#11183 = VECTOR('',#11184,1.);
#11184 = DIRECTION('',(0.,-1.));
#11185 = ( GEOMETRIC_REPRESENTATION_CONTEXT(2) 
PARAMETRIC_REPRESENTATION_CONTEXT() REPRESENTATION_CONTEXT('2D SPACE',''
  ) );
#11186 = PCURVE('',#2415,#11187);
#11187 = DEFINITIONAL_REPRESENTATION('',(#11188),#11192);
#11188 = LINE('',#11189,#11190);
#11189 = CARTESIAN_POINT('',(6.28318530718,0.));
#11190 = VECTOR('',#11191,1.);
#11191 = DIRECTION('',(0.,-1.));
#11192 = ( GEOMETRIC_REPRESENTATION_CONTEXT(2) 
PARAMETRIC_REPRESENTATION_CONTEXT() REPRESENTATION_CONTEXT('2D SPACE',''
  ) );
#11193 = ORIENTED_EDGE('',*,*,#7062,.T.);
#11194 = ORIENTED_EDGE('',*,*,#11173,.F.);
#11195 = ORIENTED_EDGE('',*,*,#2394,.F.);
#11196 = ADVANCED_FACE('',(#11197),#2450,.F.);
#11197 = FACE_BOUND('',#11198,.F.);
#11198 = EDGE_LOOP('',(#11199,#11220,#11221,#11222));
#11199 = ORIENTED_EDGE('',*,*,#11200,.T.);
#11200 = EDGE_CURVE('',#2430,#7093,#11201,.T.);
#11201 = SEAM_CURVE('',#11202,(#11206,#11213),.PCURVE_S1.);
#11202 = LINE('',#11203,#11204);
#11203 = CARTESIAN_POINT('',(37.708,-82.2827,9.E-03));
#11204 = VECTOR('',#11205,1.);
#11205 = DIRECTION('',(0.,0.,1.));
#11206 = PCURVE('',#2450,#11207);
#11207 = DEFINITIONAL_REPRESENTATION('',(#11208),#11212);
#11208 = LINE('',#11209,#11210);
#11209 = CARTESIAN_POINT('',(0.,0.));
#11210 = VECTOR('',#11211,1.);
#11211 = DIRECTION('',(0.,-1.));
#11212 = ( GEOMETRIC_REPRESENTATION_CONTEXT(2) 
PARAMETRIC_REPRESENTATION_CONTEXT() REPRESENTATION_CONTEXT('2D SPACE',''
  ) );
#11213 = PCURVE('',#2450,#11214);
#11214 = DEFINITIONAL_REPRESENTATION('',(#11215),#11219);
#11215 = LINE('',#11216,#11217);
#11216 = CARTESIAN_POINT('',(6.28318530718,0.));
#11217 = VECTOR('',#11218,1.);
#11218 = DIRECTION('',(0.,-1.));
#11219 = ( GEOMETRIC_REPRESENTATION_CONTEXT(2) 
PARAMETRIC_REPRESENTATION_CONTEXT() REPRESENTATION_CONTEXT('2D SPACE',''
  ) );
#11220 = ORIENTED_EDGE('',*,*,#7092,.T.);
#11221 = ORIENTED_EDGE('',*,*,#11200,.F.);
#11222 = ORIENTED_EDGE('',*,*,#2429,.F.);
#11223 = ADVANCED_FACE('',(#11224),#2485,.F.);
#11224 = FACE_BOUND('',#11225,.F.);
#11225 = EDGE_LOOP('',(#11226,#11247,#11248,#11249));
#11226 = ORIENTED_EDGE('',*,*,#11227,.T.);
#11227 = EDGE_CURVE('',#2465,#7123,#11228,.T.);
#11228 = SEAM_CURVE('',#11229,(#11233,#11240),.PCURVE_S1.);
#11229 = LINE('',#11230,#11231);
#11230 = CARTESIAN_POINT('',(38.2545,-81.7659,9.E-03));
#11231 = VECTOR('',#11232,1.);
#11232 = DIRECTION('',(0.,0.,1.));
#11233 = PCURVE('',#2485,#11234);
#11234 = DEFINITIONAL_REPRESENTATION('',(#11235),#11239);
#11235 = LINE('',#11236,#11237);
#11236 = CARTESIAN_POINT('',(0.,0.));
#11237 = VECTOR('',#11238,1.);
#11238 = DIRECTION('',(0.,-1.));
#11239 = ( GEOMETRIC_REPRESENTATION_CONTEXT(2) 
PARAMETRIC_REPRESENTATION_CONTEXT() REPRESENTATION_CONTEXT('2D SPACE',''
  ) );
#11240 = PCURVE('',#2485,#11241);
#11241 = DEFINITIONAL_REPRESENTATION('',(#11242),#11246);
#11242 = LINE('',#11243,#11244);
#11243 = CARTESIAN_POINT('',(6.28318530718,0.));
#11244 = VECTOR('',#11245,1.);
#11245 = DIRECTION('',(0.,-1.));
#11246 = ( GEOMETRIC_REPRESENTATION_CONTEXT(2) 
PARAMETRIC_REPRESENTATION_CONTEXT() REPRESENTATION_CONTEXT('2D SPACE',''
  ) );
#11247 = ORIENTED_EDGE('',*,*,#7122,.T.);
#11248 = ORIENTED_EDGE('',*,*,#11227,.F.);
#11249 = ORIENTED_EDGE('',*,*,#2464,.F.);
#11250 = ADVANCED_FACE('',(#11251),#2520,.F.);
#11251 = FACE_BOUND('',#11252,.F.);
#11252 = EDGE_LOOP('',(#11253,#11274,#11275,#11276));
#11253 = ORIENTED_EDGE('',*,*,#11254,.T.);
#11254 = EDGE_CURVE('',#2500,#7153,#11255,.T.);
#11255 = SEAM_CURVE('',#11256,(#11260,#11267),.PCURVE_S1.);
#11256 = LINE('',#11257,#11258);
#11257 = CARTESIAN_POINT('',(38.1791,-80.6471,9.E-03));
#11258 = VECTOR('',#11259,1.);
#11259 = DIRECTION('',(0.,0.,1.));
#11260 = PCURVE('',#2520,#11261);
#11261 = DEFINITIONAL_REPRESENTATION('',(#11262),#11266);
#11262 = LINE('',#11263,#11264);
#11263 = CARTESIAN_POINT('',(0.,0.));
#11264 = VECTOR('',#11265,1.);
#11265 = DIRECTION('',(0.,-1.));
#11266 = ( GEOMETRIC_REPRESENTATION_CONTEXT(2) 
PARAMETRIC_REPRESENTATION_CONTEXT() REPRESENTATION_CONTEXT('2D SPACE',''
  ) );
#11267 = PCURVE('',#2520,#11268);
#11268 = DEFINITIONAL_REPRESENTATION('',(#11269),#11273);
#11269 = LINE('',#11270,#11271);
#11270 = CARTESIAN_POINT('',(6.28318530718,0.));
#11271 = VECTOR('',#11272,1.);
#11272 = DIRECTION('',(0.,-1.));
#11273 = ( GEOMETRIC_REPRESENTATION_CONTEXT(2) 
PARAMETRIC_REPRESENTATION_CONTEXT() REPRESENTATION_CONTEXT('2D SPACE',''
  ) );
#11274 = ORIENTED_EDGE('',*,*,#7152,.T.);
#11275 = ORIENTED_EDGE('',*,*,#11254,.F.);
#11276 = ORIENTED_EDGE('',*,*,#2499,.F.);
#11277 = ADVANCED_FACE('',(#11278),#2555,.F.);
#11278 = FACE_BOUND('',#11279,.F.);
#11279 = EDGE_LOOP('',(#11280,#11301,#11302,#11303));
#11280 = ORIENTED_EDGE('',*,*,#11281,.T.);
#11281 = EDGE_CURVE('',#2535,#7183,#11282,.T.);
#11282 = SEAM_CURVE('',#11283,(#11287,#11294),.PCURVE_S1.);
#11283 = LINE('',#11284,#11285);
#11284 = CARTESIAN_POINT('',(39.2138,-80.6077,9.E-03));
#11285 = VECTOR('',#11286,1.);
#11286 = DIRECTION('',(0.,0.,1.));
#11287 = PCURVE('',#2555,#11288);
#11288 = DEFINITIONAL_REPRESENTATION('',(#11289),#11293);
#11289 = LINE('',#11290,#11291);
#11290 = CARTESIAN_POINT('',(0.,0.));
#11291 = VECTOR('',#11292,1.);
#11292 = DIRECTION('',(0.,-1.));
#11293 = ( GEOMETRIC_REPRESENTATION_CONTEXT(2) 
PARAMETRIC_REPRESENTATION_CONTEXT() REPRESENTATION_CONTEXT('2D SPACE',''
  ) );
#11294 = PCURVE('',#2555,#11295);
#11295 = DEFINITIONAL_REPRESENTATION('',(#11296),#11300);
#11296 = LINE('',#11297,#11298);
#11297 = CARTESIAN_POINT('',(6.28318530718,0.));
#11298 = VECTOR('',#11299,1.);
#11299 = DIRECTION('',(0.,-1.));
#11300 = ( GEOMETRIC_REPRESENTATION_CONTEXT(2) 
PARAMETRIC_REPRESENTATION_CONTEXT() REPRESENTATION_CONTEXT('2D SPACE',''
  ) );
#11301 = ORIENTED_EDGE('',*,*,#7182,.T.);
#11302 = ORIENTED_EDGE('',*,*,#11281,.F.);
#11303 = ORIENTED_EDGE('',*,*,#2534,.F.);
#11304 = ADVANCED_FACE('',(#11305),#2590,.F.);
#11305 = FACE_BOUND('',#11306,.F.);
#11306 = EDGE_LOOP('',(#11307,#11328,#11329,#11330));
#11307 = ORIENTED_EDGE('',*,*,#11308,.T.);
#11308 = EDGE_CURVE('',#2570,#7213,#11309,.T.);
#11309 = SEAM_CURVE('',#11310,(#11314,#11321),.PCURVE_S1.);
#11310 = LINE('',#11311,#11312);
#11311 = CARTESIAN_POINT('',(41.5509,-81.0733,9.E-03));
#11312 = VECTOR('',#11313,1.);
#11313 = DIRECTION('',(0.,0.,1.));
#11314 = PCURVE('',#2590,#11315);
#11315 = DEFINITIONAL_REPRESENTATION('',(#11316),#11320);
#11316 = LINE('',#11317,#11318);
#11317 = CARTESIAN_POINT('',(0.,0.));
#11318 = VECTOR('',#11319,1.);
#11319 = DIRECTION('',(0.,-1.));
#11320 = ( GEOMETRIC_REPRESENTATION_CONTEXT(2) 
PARAMETRIC_REPRESENTATION_CONTEXT() REPRESENTATION_CONTEXT('2D SPACE',''
  ) );
#11321 = PCURVE('',#2590,#11322);
#11322 = DEFINITIONAL_REPRESENTATION('',(#11323),#11327);
#11323 = LINE('',#11324,#11325);
#11324 = CARTESIAN_POINT('',(6.28318530718,0.));
#11325 = VECTOR('',#11326,1.);
#11326 = DIRECTION('',(0.,-1.));
#11327 = ( GEOMETRIC_REPRESENTATION_CONTEXT(2) 
PARAMETRIC_REPRESENTATION_CONTEXT() REPRESENTATION_CONTEXT('2D SPACE',''
  ) );
#11328 = ORIENTED_EDGE('',*,*,#7212,.T.);
#11329 = ORIENTED_EDGE('',*,*,#11308,.F.);
#11330 = ORIENTED_EDGE('',*,*,#2569,.F.);
#11331 = ADVANCED_FACE('',(#11332),#2625,.F.);
#11332 = FACE_BOUND('',#11333,.F.);
#11333 = EDGE_LOOP('',(#11334,#11355,#11356,#11357));
#11334 = ORIENTED_EDGE('',*,*,#11335,.T.);
#11335 = EDGE_CURVE('',#2605,#7243,#11336,.T.);
#11336 = SEAM_CURVE('',#11337,(#11341,#11348),.PCURVE_S1.);
#11337 = LINE('',#11338,#11339);
#11338 = CARTESIAN_POINT('',(37.2684,-76.6714,9.E-03));
#11339 = VECTOR('',#11340,1.);
#11340 = DIRECTION('',(0.,0.,1.));
#11341 = PCURVE('',#2625,#11342);
#11342 = DEFINITIONAL_REPRESENTATION('',(#11343),#11347);
#11343 = LINE('',#11344,#11345);
#11344 = CARTESIAN_POINT('',(0.,0.));
#11345 = VECTOR('',#11346,1.);
#11346 = DIRECTION('',(0.,-1.));
#11347 = ( GEOMETRIC_REPRESENTATION_CONTEXT(2) 
PARAMETRIC_REPRESENTATION_CONTEXT() REPRESENTATION_CONTEXT('2D SPACE',''
  ) );
#11348 = PCURVE('',#2625,#11349);
#11349 = DEFINITIONAL_REPRESENTATION('',(#11350),#11354);
#11350 = LINE('',#11351,#11352);
#11351 = CARTESIAN_POINT('',(6.28318530718,0.));
#11352 = VECTOR('',#11353,1.);
#11353 = DIRECTION('',(0.,-1.));
#11354 = ( GEOMETRIC_REPRESENTATION_CONTEXT(2) 
PARAMETRIC_REPRESENTATION_CONTEXT() REPRESENTATION_CONTEXT('2D SPACE',''
  ) );
#11355 = ORIENTED_EDGE('',*,*,#7242,.T.);
#11356 = ORIENTED_EDGE('',*,*,#11335,.F.);
#11357 = ORIENTED_EDGE('',*,*,#2604,.F.);
#11358 = ADVANCED_FACE('',(#11359),#2660,.F.);
#11359 = FACE_BOUND('',#11360,.F.);
#11360 = EDGE_LOOP('',(#11361,#11382,#11383,#11384));
#11361 = ORIENTED_EDGE('',*,*,#11362,.T.);
#11362 = EDGE_CURVE('',#2640,#7273,#11363,.T.);
#11363 = SEAM_CURVE('',#11364,(#11368,#11375),.PCURVE_S1.);
#11364 = LINE('',#11365,#11366);
#11365 = CARTESIAN_POINT('',(42.5161,-76.418,9.E-03));
#11366 = VECTOR('',#11367,1.);
#11367 = DIRECTION('',(0.,0.,1.));
#11368 = PCURVE('',#2660,#11369);
#11369 = DEFINITIONAL_REPRESENTATION('',(#11370),#11374);
#11370 = LINE('',#11371,#11372);
#11371 = CARTESIAN_POINT('',(0.,0.));
#11372 = VECTOR('',#11373,1.);
#11373 = DIRECTION('',(0.,-1.));
#11374 = ( GEOMETRIC_REPRESENTATION_CONTEXT(2) 
PARAMETRIC_REPRESENTATION_CONTEXT() REPRESENTATION_CONTEXT('2D SPACE',''
  ) );
#11375 = PCURVE('',#2660,#11376);
#11376 = DEFINITIONAL_REPRESENTATION('',(#11377),#11381);
#11377 = LINE('',#11378,#11379);
#11378 = CARTESIAN_POINT('',(6.28318530718,0.));
#11379 = VECTOR('',#11380,1.);
#11380 = DIRECTION('',(0.,-1.));
#11381 = ( GEOMETRIC_REPRESENTATION_CONTEXT(2) 
PARAMETRIC_REPRESENTATION_CONTEXT() REPRESENTATION_CONTEXT('2D SPACE',''
  ) );
#11382 = ORIENTED_EDGE('',*,*,#7272,.T.);
#11383 = ORIENTED_EDGE('',*,*,#11362,.F.);
#11384 = ORIENTED_EDGE('',*,*,#2639,.F.);
#11385 = ADVANCED_FACE('',(#11386),#2697,.F.);
#11386 = FACE_BOUND('',#11387,.F.);
#11387 = EDGE_LOOP('',(#11388,#11409,#11410,#11431));
#11388 = ORIENTED_EDGE('',*,*,#11389,.T.);
#11389 = EDGE_CURVE('',#2675,#7303,#11390,.T.);
#11390 = SURFACE_CURVE('',#11391,(#11395,#11402),.PCURVE_S1.);
#11391 = LINE('',#11392,#11393);
#11392 = CARTESIAN_POINT('',(44.17,-90.365,-1.E-03));
#11393 = VECTOR('',#11394,1.);
#11394 = DIRECTION('',(0.,0.,1.));
#11395 = PCURVE('',#2697,#11396);
#11396 = DEFINITIONAL_REPRESENTATION('',(#11397),#11401);
#11397 = LINE('',#11398,#11399);
#11398 = CARTESIAN_POINT('',(3.14159265359,0.));
#11399 = VECTOR('',#11400,1.);
#11400 = DIRECTION('',(0.,-1.));
#11401 = ( GEOMETRIC_REPRESENTATION_CONTEXT(2) 
PARAMETRIC_REPRESENTATION_CONTEXT() REPRESENTATION_CONTEXT('2D SPACE',''
  ) );
#11402 = PCURVE('',#2784,#11403);
#11403 = DEFINITIONAL_REPRESENTATION('',(#11404),#11408);
#11404 = LINE('',#11405,#11406);
#11405 = CARTESIAN_POINT('',(0.,0.));
#11406 = VECTOR('',#11407,1.);
#11407 = DIRECTION('',(0.,-1.));
#11408 = ( GEOMETRIC_REPRESENTATION_CONTEXT(2) 
PARAMETRIC_REPRESENTATION_CONTEXT() REPRESENTATION_CONTEXT('2D SPACE',''
  ) );
#11409 = ORIENTED_EDGE('',*,*,#7302,.T.);
#11410 = ORIENTED_EDGE('',*,*,#11411,.F.);
#11411 = EDGE_CURVE('',#2677,#7305,#11412,.T.);
#11412 = SURFACE_CURVE('',#11413,(#11417,#11424),.PCURVE_S1.);
#11413 = LINE('',#11414,#11415);
#11414 = CARTESIAN_POINT('',(44.67,-90.365,-1.E-03));
#11415 = VECTOR('',#11416,1.);
#11416 = DIRECTION('',(0.,0.,1.));
#11417 = PCURVE('',#2697,#11418);
#11418 = DEFINITIONAL_REPRESENTATION('',(#11419),#11423);
#11419 = LINE('',#11420,#11421);
#11420 = CARTESIAN_POINT('',(6.28318530718,0.));
#11421 = VECTOR('',#11422,1.);
#11422 = DIRECTION('',(0.,-1.));
#11423 = ( GEOMETRIC_REPRESENTATION_CONTEXT(2) 
PARAMETRIC_REPRESENTATION_CONTEXT() REPRESENTATION_CONTEXT('2D SPACE',''
  ) );
#11424 = PCURVE('',#2725,#11425);
#11425 = DEFINITIONAL_REPRESENTATION('',(#11426),#11430);
#11426 = LINE('',#11427,#11428);
#11427 = CARTESIAN_POINT('',(1.15,0.));
#11428 = VECTOR('',#11429,1.);
#11429 = DIRECTION('',(0.,-1.));
#11430 = ( GEOMETRIC_REPRESENTATION_CONTEXT(2) 
PARAMETRIC_REPRESENTATION_CONTEXT() REPRESENTATION_CONTEXT('2D SPACE',''
  ) );
#11431 = ORIENTED_EDGE('',*,*,#2674,.F.);
#11432 = ADVANCED_FACE('',(#11433),#2784,.T.);
#11433 = FACE_BOUND('',#11434,.T.);
#11434 = EDGE_LOOP('',(#11435,#11436,#11437,#11438));
#11435 = ORIENTED_EDGE('',*,*,#2770,.T.);
#11436 = ORIENTED_EDGE('',*,*,#11389,.T.);
#11437 = ORIENTED_EDGE('',*,*,#7383,.F.);
#11438 = ORIENTED_EDGE('',*,*,#11439,.F.);
#11439 = EDGE_CURVE('',#2738,#7356,#11440,.T.);
#11440 = SURFACE_CURVE('',#11441,(#11445,#11452),.PCURVE_S1.);
#11441 = LINE('',#11442,#11443);
#11442 = CARTESIAN_POINT('',(44.17,-91.515,-1.E-03));
#11443 = VECTOR('',#11444,1.);
#11444 = DIRECTION('',(0.,0.,1.));
#11445 = PCURVE('',#2784,#11446);
#11446 = DEFINITIONAL_REPRESENTATION('',(#11447),#11451);
#11447 = LINE('',#11448,#11449);
#11448 = CARTESIAN_POINT('',(1.15,0.));
#11449 = VECTOR('',#11450,1.);
#11450 = DIRECTION('',(0.,-1.));
#11451 = ( GEOMETRIC_REPRESENTATION_CONTEXT(2) 
PARAMETRIC_REPRESENTATION_CONTEXT() REPRESENTATION_CONTEXT('2D SPACE',''
  ) );
#11452 = PCURVE('',#2758,#11453);
#11453 = DEFINITIONAL_REPRESENTATION('',(#11454),#11458);
#11454 = LINE('',#11455,#11456);
#11455 = CARTESIAN_POINT('',(6.28318530718,0.));
#11456 = VECTOR('',#11457,1.);
#11457 = DIRECTION('',(0.,-1.));
#11458 = ( GEOMETRIC_REPRESENTATION_CONTEXT(2) 
PARAMETRIC_REPRESENTATION_CONTEXT() REPRESENTATION_CONTEXT('2D SPACE',''
  ) );
#11459 = ADVANCED_FACE('',(#11460),#2758,.F.);
#11460 = FACE_BOUND('',#11461,.F.);
#11461 = EDGE_LOOP('',(#11462,#11483,#11484,#11485));
#11462 = ORIENTED_EDGE('',*,*,#11463,.T.);
#11463 = EDGE_CURVE('',#2710,#7333,#11464,.T.);
#11464 = SURFACE_CURVE('',#11465,(#11469,#11476),.PCURVE_S1.);
#11465 = LINE('',#11466,#11467);
#11466 = CARTESIAN_POINT('',(44.67,-91.515,-1.E-03));
#11467 = VECTOR('',#11468,1.);
#11468 = DIRECTION('',(0.,0.,1.));
#11469 = PCURVE('',#2758,#11470);
#11470 = DEFINITIONAL_REPRESENTATION('',(#11471),#11475);
#11471 = LINE('',#11472,#11473);
#11472 = CARTESIAN_POINT('',(3.14159265359,0.));
#11473 = VECTOR('',#11474,1.);
#11474 = DIRECTION('',(0.,-1.));
#11475 = ( GEOMETRIC_REPRESENTATION_CONTEXT(2) 
PARAMETRIC_REPRESENTATION_CONTEXT() REPRESENTATION_CONTEXT('2D SPACE',''
  ) );
#11476 = PCURVE('',#2725,#11477);
#11477 = DEFINITIONAL_REPRESENTATION('',(#11478),#11482);
#11478 = LINE('',#11479,#11480);
#11479 = CARTESIAN_POINT('',(0.,0.));
#11480 = VECTOR('',#11481,1.);
#11481 = DIRECTION('',(0.,-1.));
#11482 = ( GEOMETRIC_REPRESENTATION_CONTEXT(2) 
PARAMETRIC_REPRESENTATION_CONTEXT() REPRESENTATION_CONTEXT('2D SPACE',''
  ) );
#11483 = ORIENTED_EDGE('',*,*,#7355,.T.);
#11484 = ORIENTED_EDGE('',*,*,#11439,.F.);
#11485 = ORIENTED_EDGE('',*,*,#2737,.F.);
#11486 = ADVANCED_FACE('',(#11487),#2725,.T.);
#11487 = FACE_BOUND('',#11488,.T.);
#11488 = EDGE_LOOP('',(#11489,#11490,#11491,#11492));
#11489 = ORIENTED_EDGE('',*,*,#2709,.T.);
#11490 = ORIENTED_EDGE('',*,*,#11463,.T.);
#11491 = ORIENTED_EDGE('',*,*,#7332,.F.);
#11492 = ORIENTED_EDGE('',*,*,#11411,.F.);
#11493 = ADVANCED_FACE('',(#11494),#2821,.F.);
#11494 = FACE_BOUND('',#11495,.F.);
#11495 = EDGE_LOOP('',(#11496,#11517,#11518,#11539));
#11496 = ORIENTED_EDGE('',*,*,#11497,.T.);
#11497 = EDGE_CURVE('',#2799,#7407,#11498,.T.);
#11498 = SURFACE_CURVE('',#11499,(#11503,#11510),.PCURVE_S1.);
#11499 = LINE('',#11500,#11501);
#11500 = CARTESIAN_POINT('',(44.17,-85.725,-1.E-03));
#11501 = VECTOR('',#11502,1.);
#11502 = DIRECTION('',(0.,0.,1.));
#11503 = PCURVE('',#2821,#11504);
#11504 = DEFINITIONAL_REPRESENTATION('',(#11505),#11509);
#11505 = LINE('',#11506,#11507);
#11506 = CARTESIAN_POINT('',(3.14159265359,0.));
#11507 = VECTOR('',#11508,1.);
#11508 = DIRECTION('',(0.,-1.));
#11509 = ( GEOMETRIC_REPRESENTATION_CONTEXT(2) 
PARAMETRIC_REPRESENTATION_CONTEXT() REPRESENTATION_CONTEXT('2D SPACE',''
  ) );
#11510 = PCURVE('',#2908,#11511);
#11511 = DEFINITIONAL_REPRESENTATION('',(#11512),#11516);
#11512 = LINE('',#11513,#11514);
#11513 = CARTESIAN_POINT('',(0.,0.));
#11514 = VECTOR('',#11515,1.);
#11515 = DIRECTION('',(0.,-1.));
#11516 = ( GEOMETRIC_REPRESENTATION_CONTEXT(2) 
PARAMETRIC_REPRESENTATION_CONTEXT() REPRESENTATION_CONTEXT('2D SPACE',''
  ) );
#11517 = ORIENTED_EDGE('',*,*,#7406,.T.);
#11518 = ORIENTED_EDGE('',*,*,#11519,.F.);
#11519 = EDGE_CURVE('',#2801,#7409,#11520,.T.);
#11520 = SURFACE_CURVE('',#11521,(#11525,#11532),.PCURVE_S1.);
#11521 = LINE('',#11522,#11523);
#11522 = CARTESIAN_POINT('',(44.67,-85.725,-1.E-03));
#11523 = VECTOR('',#11524,1.);
#11524 = DIRECTION('',(0.,0.,1.));
#11525 = PCURVE('',#2821,#11526);
#11526 = DEFINITIONAL_REPRESENTATION('',(#11527),#11531);
#11527 = LINE('',#11528,#11529);
#11528 = CARTESIAN_POINT('',(6.28318530718,0.));
#11529 = VECTOR('',#11530,1.);
#11530 = DIRECTION('',(0.,-1.));
#11531 = ( GEOMETRIC_REPRESENTATION_CONTEXT(2) 
PARAMETRIC_REPRESENTATION_CONTEXT() REPRESENTATION_CONTEXT('2D SPACE',''
  ) );
#11532 = PCURVE('',#2849,#11533);
#11533 = DEFINITIONAL_REPRESENTATION('',(#11534),#11538);
#11534 = LINE('',#11535,#11536);
#11535 = CARTESIAN_POINT('',(1.15,0.));
#11536 = VECTOR('',#11537,1.);
#11537 = DIRECTION('',(0.,-1.));
#11538 = ( GEOMETRIC_REPRESENTATION_CONTEXT(2) 
PARAMETRIC_REPRESENTATION_CONTEXT() REPRESENTATION_CONTEXT('2D SPACE',''
  ) );
#11539 = ORIENTED_EDGE('',*,*,#2798,.F.);
#11540 = ADVANCED_FACE('',(#11541),#2908,.T.);
#11541 = FACE_BOUND('',#11542,.T.);
#11542 = EDGE_LOOP('',(#11543,#11544,#11545,#11546));
#11543 = ORIENTED_EDGE('',*,*,#2894,.T.);
#11544 = ORIENTED_EDGE('',*,*,#11497,.T.);
#11545 = ORIENTED_EDGE('',*,*,#7487,.F.);
#11546 = ORIENTED_EDGE('',*,*,#11547,.F.);
#11547 = EDGE_CURVE('',#2862,#7460,#11548,.T.);
#11548 = SURFACE_CURVE('',#11549,(#11553,#11560),.PCURVE_S1.);
#11549 = LINE('',#11550,#11551);
#11550 = CARTESIAN_POINT('',(44.17,-86.875,-1.E-03));
#11551 = VECTOR('',#11552,1.);
#11552 = DIRECTION('',(0.,0.,1.));
#11553 = PCURVE('',#2908,#11554);
#11554 = DEFINITIONAL_REPRESENTATION('',(#11555),#11559);
#11555 = LINE('',#11556,#11557);
#11556 = CARTESIAN_POINT('',(1.15,0.));
#11557 = VECTOR('',#11558,1.);
#11558 = DIRECTION('',(0.,-1.));
#11559 = ( GEOMETRIC_REPRESENTATION_CONTEXT(2) 
PARAMETRIC_REPRESENTATION_CONTEXT() REPRESENTATION_CONTEXT('2D SPACE',''
  ) );
#11560 = PCURVE('',#2882,#11561);
#11561 = DEFINITIONAL_REPRESENTATION('',(#11562),#11566);
#11562 = LINE('',#11563,#11564);
#11563 = CARTESIAN_POINT('',(6.28318530718,0.));
#11564 = VECTOR('',#11565,1.);
#11565 = DIRECTION('',(0.,-1.));
#11566 = ( GEOMETRIC_REPRESENTATION_CONTEXT(2) 
PARAMETRIC_REPRESENTATION_CONTEXT() REPRESENTATION_CONTEXT('2D SPACE',''
  ) );
#11567 = ADVANCED_FACE('',(#11568),#2882,.F.);
#11568 = FACE_BOUND('',#11569,.F.);
#11569 = EDGE_LOOP('',(#11570,#11591,#11592,#11593));
#11570 = ORIENTED_EDGE('',*,*,#11571,.T.);
#11571 = EDGE_CURVE('',#2834,#7437,#11572,.T.);
#11572 = SURFACE_CURVE('',#11573,(#11577,#11584),.PCURVE_S1.);
#11573 = LINE('',#11574,#11575);
#11574 = CARTESIAN_POINT('',(44.67,-86.875,-1.E-03));
#11575 = VECTOR('',#11576,1.);
#11576 = DIRECTION('',(0.,0.,1.));
#11577 = PCURVE('',#2882,#11578);
#11578 = DEFINITIONAL_REPRESENTATION('',(#11579),#11583);
#11579 = LINE('',#11580,#11581);
#11580 = CARTESIAN_POINT('',(3.14159265359,0.));
#11581 = VECTOR('',#11582,1.);
#11582 = DIRECTION('',(0.,-1.));
#11583 = ( GEOMETRIC_REPRESENTATION_CONTEXT(2) 
PARAMETRIC_REPRESENTATION_CONTEXT() REPRESENTATION_CONTEXT('2D SPACE',''
  ) );
#11584 = PCURVE('',#2849,#11585);
#11585 = DEFINITIONAL_REPRESENTATION('',(#11586),#11590);
#11586 = LINE('',#11587,#11588);
#11587 = CARTESIAN_POINT('',(0.,0.));
#11588 = VECTOR('',#11589,1.);
#11589 = DIRECTION('',(0.,-1.));
#11590 = ( GEOMETRIC_REPRESENTATION_CONTEXT(2) 
PARAMETRIC_REPRESENTATION_CONTEXT() REPRESENTATION_CONTEXT('2D SPACE',''
  ) );
#11591 = ORIENTED_EDGE('',*,*,#7459,.T.);
#11592 = ORIENTED_EDGE('',*,*,#11547,.F.);
#11593 = ORIENTED_EDGE('',*,*,#2861,.F.);
#11594 = ADVANCED_FACE('',(#11595),#2849,.T.);
#11595 = FACE_BOUND('',#11596,.T.);
#11596 = EDGE_LOOP('',(#11597,#11598,#11599,#11600));
#11597 = ORIENTED_EDGE('',*,*,#2833,.T.);
#11598 = ORIENTED_EDGE('',*,*,#11571,.T.);
#11599 = ORIENTED_EDGE('',*,*,#7436,.F.);
#11600 = ORIENTED_EDGE('',*,*,#11519,.F.);
#11601 = ADVANCED_FACE('',(#11602),#2943,.F.);
#11602 = FACE_BOUND('',#11603,.F.);
#11603 = EDGE_LOOP('',(#11604,#11625,#11626,#11627));
#11604 = ORIENTED_EDGE('',*,*,#11605,.T.);
#11605 = EDGE_CURVE('',#2923,#7511,#11606,.T.);
#11606 = SEAM_CURVE('',#11607,(#11611,#11618),.PCURVE_S1.);
#11607 = LINE('',#11608,#11609);
#11608 = CARTESIAN_POINT('',(46.25,-86.54,-1.E-03));
#11609 = VECTOR('',#11610,1.);
#11610 = DIRECTION('',(0.,0.,1.));
#11611 = PCURVE('',#2943,#11612);
#11612 = DEFINITIONAL_REPRESENTATION('',(#11613),#11617);
#11613 = LINE('',#11614,#11615);
#11614 = CARTESIAN_POINT('',(0.,0.));
#11615 = VECTOR('',#11616,1.);
#11616 = DIRECTION('',(0.,-1.));
#11617 = ( GEOMETRIC_REPRESENTATION_CONTEXT(2) 
PARAMETRIC_REPRESENTATION_CONTEXT() REPRESENTATION_CONTEXT('2D SPACE',''
  ) );
#11618 = PCURVE('',#2943,#11619);
#11619 = DEFINITIONAL_REPRESENTATION('',(#11620),#11624);
#11620 = LINE('',#11621,#11622);
#11621 = CARTESIAN_POINT('',(6.28318530718,0.));
#11622 = VECTOR('',#11623,1.);
#11623 = DIRECTION('',(0.,-1.));
#11624 = ( GEOMETRIC_REPRESENTATION_CONTEXT(2) 
PARAMETRIC_REPRESENTATION_CONTEXT() REPRESENTATION_CONTEXT('2D SPACE',''
  ) );
#11625 = ORIENTED_EDGE('',*,*,#7510,.T.);
#11626 = ORIENTED_EDGE('',*,*,#11605,.F.);
#11627 = ORIENTED_EDGE('',*,*,#2922,.F.);
#11628 = ADVANCED_FACE('',(#11629),#2978,.F.);
#11629 = FACE_BOUND('',#11630,.F.);
#11630 = EDGE_LOOP('',(#11631,#11652,#11653,#11654));
#11631 = ORIENTED_EDGE('',*,*,#11632,.T.);
#11632 = EDGE_CURVE('',#2958,#7541,#11633,.T.);
#11633 = SEAM_CURVE('',#11634,(#11638,#11645),.PCURVE_S1.);
#11634 = LINE('',#11635,#11636);
#11635 = CARTESIAN_POINT('',(43.3344,-84.1633,9.E-03));
#11636 = VECTOR('',#11637,1.);
#11637 = DIRECTION('',(0.,0.,1.));
#11638 = PCURVE('',#2978,#11639);
#11639 = DEFINITIONAL_REPRESENTATION('',(#11640),#11644);
#11640 = LINE('',#11641,#11642);
#11641 = CARTESIAN_POINT('',(0.,0.));
#11642 = VECTOR('',#11643,1.);
#11643 = DIRECTION('',(0.,-1.));
#11644 = ( GEOMETRIC_REPRESENTATION_CONTEXT(2) 
PARAMETRIC_REPRESENTATION_CONTEXT() REPRESENTATION_CONTEXT('2D SPACE',''
  ) );
#11645 = PCURVE('',#2978,#11646);
#11646 = DEFINITIONAL_REPRESENTATION('',(#11647),#11651);
#11647 = LINE('',#11648,#11649);
#11648 = CARTESIAN_POINT('',(6.28318530718,0.));
#11649 = VECTOR('',#11650,1.);
#11650 = DIRECTION('',(0.,-1.));
#11651 = ( GEOMETRIC_REPRESENTATION_CONTEXT(2) 
PARAMETRIC_REPRESENTATION_CONTEXT() REPRESENTATION_CONTEXT('2D SPACE',''
  ) );
#11652 = ORIENTED_EDGE('',*,*,#7540,.T.);
#11653 = ORIENTED_EDGE('',*,*,#11632,.F.);
#11654 = ORIENTED_EDGE('',*,*,#2957,.F.);
#11655 = ADVANCED_FACE('',(#11656),#3013,.F.);
#11656 = FACE_BOUND('',#11657,.F.);
#11657 = EDGE_LOOP('',(#11658,#11679,#11680,#11681));
#11658 = ORIENTED_EDGE('',*,*,#11659,.T.);
#11659 = EDGE_CURVE('',#2993,#7571,#11660,.T.);
#11660 = SEAM_CURVE('',#11661,(#11665,#11672),.PCURVE_S1.);
#11661 = LINE('',#11662,#11663);
#11662 = CARTESIAN_POINT('',(48.6702,-83.9181,9.E-03));
#11663 = VECTOR('',#11664,1.);
#11664 = DIRECTION('',(0.,0.,1.));
#11665 = PCURVE('',#3013,#11666);
#11666 = DEFINITIONAL_REPRESENTATION('',(#11667),#11671);
#11667 = LINE('',#11668,#11669);
#11668 = CARTESIAN_POINT('',(0.,0.));
#11669 = VECTOR('',#11670,1.);
#11670 = DIRECTION('',(0.,-1.));
#11671 = ( GEOMETRIC_REPRESENTATION_CONTEXT(2) 
PARAMETRIC_REPRESENTATION_CONTEXT() REPRESENTATION_CONTEXT('2D SPACE',''
  ) );
#11672 = PCURVE('',#3013,#11673);
#11673 = DEFINITIONAL_REPRESENTATION('',(#11674),#11678);
#11674 = LINE('',#11675,#11676);
#11675 = CARTESIAN_POINT('',(6.28318530718,0.));
#11676 = VECTOR('',#11677,1.);
#11677 = DIRECTION('',(0.,-1.));
#11678 = ( GEOMETRIC_REPRESENTATION_CONTEXT(2) 
PARAMETRIC_REPRESENTATION_CONTEXT() REPRESENTATION_CONTEXT('2D SPACE',''
  ) );
#11679 = ORIENTED_EDGE('',*,*,#7570,.T.);
#11680 = ORIENTED_EDGE('',*,*,#11659,.F.);
#11681 = ORIENTED_EDGE('',*,*,#2992,.F.);
#11682 = ADVANCED_FACE('',(#11683),#3050,.F.);
#11683 = FACE_BOUND('',#11684,.F.);
#11684 = EDGE_LOOP('',(#11685,#11706,#11707,#11728));
#11685 = ORIENTED_EDGE('',*,*,#11686,.T.);
#11686 = EDGE_CURVE('',#3028,#7601,#11687,.T.);
#11687 = SURFACE_CURVE('',#11688,(#11692,#11699),.PCURVE_S1.);
#11688 = LINE('',#11689,#11690);
#11689 = CARTESIAN_POINT('',(55.33,-90.365,-1.E-03));
#11690 = VECTOR('',#11691,1.);
#11691 = DIRECTION('',(0.,0.,1.));
#11692 = PCURVE('',#3050,#11693);
#11693 = DEFINITIONAL_REPRESENTATION('',(#11694),#11698);
#11694 = LINE('',#11695,#11696);
#11695 = CARTESIAN_POINT('',(3.14159265359,0.));
#11696 = VECTOR('',#11697,1.);
#11697 = DIRECTION('',(0.,-1.));
#11698 = ( GEOMETRIC_REPRESENTATION_CONTEXT(2) 
PARAMETRIC_REPRESENTATION_CONTEXT() REPRESENTATION_CONTEXT('2D SPACE',''
  ) );
#11699 = PCURVE('',#3137,#11700);
#11700 = DEFINITIONAL_REPRESENTATION('',(#11701),#11705);
#11701 = LINE('',#11702,#11703);
#11702 = CARTESIAN_POINT('',(0.,0.));
#11703 = VECTOR('',#11704,1.);
#11704 = DIRECTION('',(0.,-1.));
#11705 = ( GEOMETRIC_REPRESENTATION_CONTEXT(2) 
PARAMETRIC_REPRESENTATION_CONTEXT() REPRESENTATION_CONTEXT('2D SPACE',''
  ) );
#11706 = ORIENTED_EDGE('',*,*,#7600,.T.);
#11707 = ORIENTED_EDGE('',*,*,#11708,.F.);
#11708 = EDGE_CURVE('',#3030,#7603,#11709,.T.);
#11709 = SURFACE_CURVE('',#11710,(#11714,#11721),.PCURVE_S1.);
#11710 = LINE('',#11711,#11712);
#11711 = CARTESIAN_POINT('',(55.83,-90.365,-1.E-03));
#11712 = VECTOR('',#11713,1.);
#11713 = DIRECTION('',(0.,0.,1.));
#11714 = PCURVE('',#3050,#11715);
#11715 = DEFINITIONAL_REPRESENTATION('',(#11716),#11720);
#11716 = LINE('',#11717,#11718);
#11717 = CARTESIAN_POINT('',(6.28318530718,0.));
#11718 = VECTOR('',#11719,1.);
#11719 = DIRECTION('',(0.,-1.));
#11720 = ( GEOMETRIC_REPRESENTATION_CONTEXT(2) 
PARAMETRIC_REPRESENTATION_CONTEXT() REPRESENTATION_CONTEXT('2D SPACE',''
  ) );
#11721 = PCURVE('',#3078,#11722);
#11722 = DEFINITIONAL_REPRESENTATION('',(#11723),#11727);
#11723 = LINE('',#11724,#11725);
#11724 = CARTESIAN_POINT('',(1.15,0.));
#11725 = VECTOR('',#11726,1.);
#11726 = DIRECTION('',(0.,-1.));
#11727 = ( GEOMETRIC_REPRESENTATION_CONTEXT(2) 
PARAMETRIC_REPRESENTATION_CONTEXT() REPRESENTATION_CONTEXT('2D SPACE',''
  ) );
#11728 = ORIENTED_EDGE('',*,*,#3027,.F.);
#11729 = ADVANCED_FACE('',(#11730),#3137,.T.);
#11730 = FACE_BOUND('',#11731,.T.);
#11731 = EDGE_LOOP('',(#11732,#11733,#11734,#11735));
#11732 = ORIENTED_EDGE('',*,*,#3123,.T.);
#11733 = ORIENTED_EDGE('',*,*,#11686,.T.);
#11734 = ORIENTED_EDGE('',*,*,#7681,.F.);
#11735 = ORIENTED_EDGE('',*,*,#11736,.F.);
#11736 = EDGE_CURVE('',#3091,#7654,#11737,.T.);
#11737 = SURFACE_CURVE('',#11738,(#11742,#11749),.PCURVE_S1.);
#11738 = LINE('',#11739,#11740);
#11739 = CARTESIAN_POINT('',(55.33,-91.515,-1.E-03));
#11740 = VECTOR('',#11741,1.);
#11741 = DIRECTION('',(0.,0.,1.));
#11742 = PCURVE('',#3137,#11743);
#11743 = DEFINITIONAL_REPRESENTATION('',(#11744),#11748);
#11744 = LINE('',#11745,#11746);
#11745 = CARTESIAN_POINT('',(1.15,0.));
#11746 = VECTOR('',#11747,1.);
#11747 = DIRECTION('',(0.,-1.));
#11748 = ( GEOMETRIC_REPRESENTATION_CONTEXT(2) 
PARAMETRIC_REPRESENTATION_CONTEXT() REPRESENTATION_CONTEXT('2D SPACE',''
  ) );
#11749 = PCURVE('',#3111,#11750);
#11750 = DEFINITIONAL_REPRESENTATION('',(#11751),#11755);
#11751 = LINE('',#11752,#11753);
#11752 = CARTESIAN_POINT('',(6.28318530718,0.));
#11753 = VECTOR('',#11754,1.);
#11754 = DIRECTION('',(0.,-1.));
#11755 = ( GEOMETRIC_REPRESENTATION_CONTEXT(2) 
PARAMETRIC_REPRESENTATION_CONTEXT() REPRESENTATION_CONTEXT('2D SPACE',''
  ) );
#11756 = ADVANCED_FACE('',(#11757),#3111,.F.);
#11757 = FACE_BOUND('',#11758,.F.);
#11758 = EDGE_LOOP('',(#11759,#11780,#11781,#11782));
#11759 = ORIENTED_EDGE('',*,*,#11760,.T.);
#11760 = EDGE_CURVE('',#3063,#7631,#11761,.T.);
#11761 = SURFACE_CURVE('',#11762,(#11766,#11773),.PCURVE_S1.);
#11762 = LINE('',#11763,#11764);
#11763 = CARTESIAN_POINT('',(55.83,-91.515,-1.E-03));
#11764 = VECTOR('',#11765,1.);
#11765 = DIRECTION('',(0.,0.,1.));
#11766 = PCURVE('',#3111,#11767);
#11767 = DEFINITIONAL_REPRESENTATION('',(#11768),#11772);
#11768 = LINE('',#11769,#11770);
#11769 = CARTESIAN_POINT('',(3.14159265359,0.));
#11770 = VECTOR('',#11771,1.);
#11771 = DIRECTION('',(0.,-1.));
#11772 = ( GEOMETRIC_REPRESENTATION_CONTEXT(2) 
PARAMETRIC_REPRESENTATION_CONTEXT() REPRESENTATION_CONTEXT('2D SPACE',''
  ) );
#11773 = PCURVE('',#3078,#11774);
#11774 = DEFINITIONAL_REPRESENTATION('',(#11775),#11779);
#11775 = LINE('',#11776,#11777);
#11776 = CARTESIAN_POINT('',(0.,0.));
#11777 = VECTOR('',#11778,1.);
#11778 = DIRECTION('',(0.,-1.));
#11779 = ( GEOMETRIC_REPRESENTATION_CONTEXT(2) 
PARAMETRIC_REPRESENTATION_CONTEXT() REPRESENTATION_CONTEXT('2D SPACE',''
  ) );
#11780 = ORIENTED_EDGE('',*,*,#7653,.T.);
#11781 = ORIENTED_EDGE('',*,*,#11736,.F.);
#11782 = ORIENTED_EDGE('',*,*,#3090,.F.);
#11783 = ADVANCED_FACE('',(#11784),#3078,.T.);
#11784 = FACE_BOUND('',#11785,.T.);
#11785 = EDGE_LOOP('',(#11786,#11787,#11788,#11789));
#11786 = ORIENTED_EDGE('',*,*,#3062,.T.);
#11787 = ORIENTED_EDGE('',*,*,#11760,.T.);
#11788 = ORIENTED_EDGE('',*,*,#7630,.F.);
#11789 = ORIENTED_EDGE('',*,*,#11708,.F.);
#11790 = ADVANCED_FACE('',(#11791),#3172,.F.);
#11791 = FACE_BOUND('',#11792,.F.);
#11792 = EDGE_LOOP('',(#11793,#11814,#11815,#11816));
#11793 = ORIENTED_EDGE('',*,*,#11794,.T.);
#11794 = EDGE_CURVE('',#3152,#7705,#11795,.T.);
#11795 = SEAM_CURVE('',#11796,(#11800,#11807),.PCURVE_S1.);
#11796 = LINE('',#11797,#11798);
#11797 = CARTESIAN_POINT('',(51.0567,-84.1181,9.E-03));
#11798 = VECTOR('',#11799,1.);
#11799 = DIRECTION('',(0.,0.,1.));
#11800 = PCURVE('',#3172,#11801);
#11801 = DEFINITIONAL_REPRESENTATION('',(#11802),#11806);
#11802 = LINE('',#11803,#11804);
#11803 = CARTESIAN_POINT('',(0.,0.));
#11804 = VECTOR('',#11805,1.);
#11805 = DIRECTION('',(0.,-1.));
#11806 = ( GEOMETRIC_REPRESENTATION_CONTEXT(2) 
PARAMETRIC_REPRESENTATION_CONTEXT() REPRESENTATION_CONTEXT('2D SPACE',''
  ) );
#11807 = PCURVE('',#3172,#11808);
#11808 = DEFINITIONAL_REPRESENTATION('',(#11809),#11813);
#11809 = LINE('',#11810,#11811);
#11810 = CARTESIAN_POINT('',(6.28318530718,0.));
#11811 = VECTOR('',#11812,1.);
#11812 = DIRECTION('',(0.,-1.));
#11813 = ( GEOMETRIC_REPRESENTATION_CONTEXT(2) 
PARAMETRIC_REPRESENTATION_CONTEXT() REPRESENTATION_CONTEXT('2D SPACE',''
  ) );
#11814 = ORIENTED_EDGE('',*,*,#7704,.T.);
#11815 = ORIENTED_EDGE('',*,*,#11794,.F.);
#11816 = ORIENTED_EDGE('',*,*,#3151,.F.);
#11817 = ADVANCED_FACE('',(#11818),#3207,.F.);
#11818 = FACE_BOUND('',#11819,.F.);
#11819 = EDGE_LOOP('',(#11820,#11841,#11842,#11843));
#11820 = ORIENTED_EDGE('',*,*,#11821,.T.);
#11821 = EDGE_CURVE('',#3187,#7735,#11822,.T.);
#11822 = SEAM_CURVE('',#11823,(#11827,#11834),.PCURVE_S1.);
#11823 = LINE('',#11824,#11825);
#11824 = CARTESIAN_POINT('',(52.1125,-83.4338,9.E-03));
#11825 = VECTOR('',#11826,1.);
#11826 = DIRECTION('',(0.,0.,1.));
#11827 = PCURVE('',#3207,#11828);
#11828 = DEFINITIONAL_REPRESENTATION('',(#11829),#11833);
#11829 = LINE('',#11830,#11831);
#11830 = CARTESIAN_POINT('',(0.,0.));
#11831 = VECTOR('',#11832,1.);
#11832 = DIRECTION('',(0.,-1.));
#11833 = ( GEOMETRIC_REPRESENTATION_CONTEXT(2) 
PARAMETRIC_REPRESENTATION_CONTEXT() REPRESENTATION_CONTEXT('2D SPACE',''
  ) );
#11834 = PCURVE('',#3207,#11835);
#11835 = DEFINITIONAL_REPRESENTATION('',(#11836),#11840);
#11836 = LINE('',#11837,#11838);
#11837 = CARTESIAN_POINT('',(6.28318530718,0.));
#11838 = VECTOR('',#11839,1.);
#11839 = DIRECTION('',(0.,-1.));
#11840 = ( GEOMETRIC_REPRESENTATION_CONTEXT(2) 
PARAMETRIC_REPRESENTATION_CONTEXT() REPRESENTATION_CONTEXT('2D SPACE',''
  ) );
#11841 = ORIENTED_EDGE('',*,*,#7734,.T.);
#11842 = ORIENTED_EDGE('',*,*,#11821,.F.);
#11843 = ORIENTED_EDGE('',*,*,#3186,.F.);
#11844 = ADVANCED_FACE('',(#11845),#3242,.F.);
#11845 = FACE_BOUND('',#11846,.F.);
#11846 = EDGE_LOOP('',(#11847,#11868,#11869,#11870));
#11847 = ORIENTED_EDGE('',*,*,#11848,.T.);
#11848 = EDGE_CURVE('',#3222,#7765,#11849,.T.);
#11849 = SEAM_CURVE('',#11850,(#11854,#11861),.PCURVE_S1.);
#11850 = LINE('',#11851,#11852);
#11851 = CARTESIAN_POINT('',(53.75,-86.54,-1.E-03));
#11852 = VECTOR('',#11853,1.);
#11853 = DIRECTION('',(0.,0.,1.));
#11854 = PCURVE('',#3242,#11855);
#11855 = DEFINITIONAL_REPRESENTATION('',(#11856),#11860);
#11856 = LINE('',#11857,#11858);
#11857 = CARTESIAN_POINT('',(0.,0.));
#11858 = VECTOR('',#11859,1.);
#11859 = DIRECTION('',(0.,-1.));
#11860 = ( GEOMETRIC_REPRESENTATION_CONTEXT(2) 
PARAMETRIC_REPRESENTATION_CONTEXT() REPRESENTATION_CONTEXT('2D SPACE',''
  ) );
#11861 = PCURVE('',#3242,#11862);
#11862 = DEFINITIONAL_REPRESENTATION('',(#11863),#11867);
#11863 = LINE('',#11864,#11865);
#11864 = CARTESIAN_POINT('',(6.28318530718,0.));
#11865 = VECTOR('',#11866,1.);
#11866 = DIRECTION('',(0.,-1.));
#11867 = ( GEOMETRIC_REPRESENTATION_CONTEXT(2) 
PARAMETRIC_REPRESENTATION_CONTEXT() REPRESENTATION_CONTEXT('2D SPACE',''
  ) );
#11868 = ORIENTED_EDGE('',*,*,#7764,.T.);
#11869 = ORIENTED_EDGE('',*,*,#11848,.F.);
#11870 = ORIENTED_EDGE('',*,*,#3221,.F.);
#11871 = ADVANCED_FACE('',(#11872),#3279,.F.);
#11872 = FACE_BOUND('',#11873,.F.);
#11873 = EDGE_LOOP('',(#11874,#11895,#11896,#11917));
#11874 = ORIENTED_EDGE('',*,*,#11875,.T.);
#11875 = EDGE_CURVE('',#3257,#7795,#11876,.T.);
#11876 = SURFACE_CURVE('',#11877,(#11881,#11888),.PCURVE_S1.);
#11877 = LINE('',#11878,#11879);
#11878 = CARTESIAN_POINT('',(55.33,-85.725,-1.E-03));
#11879 = VECTOR('',#11880,1.);
#11880 = DIRECTION('',(0.,0.,1.));
#11881 = PCURVE('',#3279,#11882);
#11882 = DEFINITIONAL_REPRESENTATION('',(#11883),#11887);
#11883 = LINE('',#11884,#11885);
#11884 = CARTESIAN_POINT('',(3.14159265359,0.));
#11885 = VECTOR('',#11886,1.);
#11886 = DIRECTION('',(0.,-1.));
#11887 = ( GEOMETRIC_REPRESENTATION_CONTEXT(2) 
PARAMETRIC_REPRESENTATION_CONTEXT() REPRESENTATION_CONTEXT('2D SPACE',''
  ) );
#11888 = PCURVE('',#3366,#11889);
#11889 = DEFINITIONAL_REPRESENTATION('',(#11890),#11894);
#11890 = LINE('',#11891,#11892);
#11891 = CARTESIAN_POINT('',(0.,0.));
#11892 = VECTOR('',#11893,1.);
#11893 = DIRECTION('',(0.,-1.));
#11894 = ( GEOMETRIC_REPRESENTATION_CONTEXT(2) 
PARAMETRIC_REPRESENTATION_CONTEXT() REPRESENTATION_CONTEXT('2D SPACE',''
  ) );
#11895 = ORIENTED_EDGE('',*,*,#7794,.T.);
#11896 = ORIENTED_EDGE('',*,*,#11897,.F.);
#11897 = EDGE_CURVE('',#3259,#7797,#11898,.T.);
#11898 = SURFACE_CURVE('',#11899,(#11903,#11910),.PCURVE_S1.);
#11899 = LINE('',#11900,#11901);
#11900 = CARTESIAN_POINT('',(55.83,-85.725,-1.E-03));
#11901 = VECTOR('',#11902,1.);
#11902 = DIRECTION('',(0.,0.,1.));
#11903 = PCURVE('',#3279,#11904);
#11904 = DEFINITIONAL_REPRESENTATION('',(#11905),#11909);
#11905 = LINE('',#11906,#11907);
#11906 = CARTESIAN_POINT('',(6.28318530718,0.));
#11907 = VECTOR('',#11908,1.);
#11908 = DIRECTION('',(0.,-1.));
#11909 = ( GEOMETRIC_REPRESENTATION_CONTEXT(2) 
PARAMETRIC_REPRESENTATION_CONTEXT() REPRESENTATION_CONTEXT('2D SPACE',''
  ) );
#11910 = PCURVE('',#3307,#11911);
#11911 = DEFINITIONAL_REPRESENTATION('',(#11912),#11916);
#11912 = LINE('',#11913,#11914);
#11913 = CARTESIAN_POINT('',(1.15,0.));
#11914 = VECTOR('',#11915,1.);
#11915 = DIRECTION('',(0.,-1.));
#11916 = ( GEOMETRIC_REPRESENTATION_CONTEXT(2) 
PARAMETRIC_REPRESENTATION_CONTEXT() REPRESENTATION_CONTEXT('2D SPACE',''
  ) );
#11917 = ORIENTED_EDGE('',*,*,#3256,.F.);
#11918 = ADVANCED_FACE('',(#11919),#3366,.T.);
#11919 = FACE_BOUND('',#11920,.T.);
#11920 = EDGE_LOOP('',(#11921,#11922,#11923,#11924));
#11921 = ORIENTED_EDGE('',*,*,#3352,.T.);
#11922 = ORIENTED_EDGE('',*,*,#11875,.T.);
#11923 = ORIENTED_EDGE('',*,*,#7875,.F.);
#11924 = ORIENTED_EDGE('',*,*,#11925,.F.);
#11925 = EDGE_CURVE('',#3320,#7848,#11926,.T.);
#11926 = SURFACE_CURVE('',#11927,(#11931,#11938),.PCURVE_S1.);
#11927 = LINE('',#11928,#11929);
#11928 = CARTESIAN_POINT('',(55.33,-86.875,-1.E-03));
#11929 = VECTOR('',#11930,1.);
#11930 = DIRECTION('',(0.,0.,1.));
#11931 = PCURVE('',#3366,#11932);
#11932 = DEFINITIONAL_REPRESENTATION('',(#11933),#11937);
#11933 = LINE('',#11934,#11935);
#11934 = CARTESIAN_POINT('',(1.15,0.));
#11935 = VECTOR('',#11936,1.);
#11936 = DIRECTION('',(0.,-1.));
#11937 = ( GEOMETRIC_REPRESENTATION_CONTEXT(2) 
PARAMETRIC_REPRESENTATION_CONTEXT() REPRESENTATION_CONTEXT('2D SPACE',''
  ) );
#11938 = PCURVE('',#3340,#11939);
#11939 = DEFINITIONAL_REPRESENTATION('',(#11940),#11944);
#11940 = LINE('',#11941,#11942);
#11941 = CARTESIAN_POINT('',(6.28318530718,0.));
#11942 = VECTOR('',#11943,1.);
#11943 = DIRECTION('',(0.,-1.));
#11944 = ( GEOMETRIC_REPRESENTATION_CONTEXT(2) 
PARAMETRIC_REPRESENTATION_CONTEXT() REPRESENTATION_CONTEXT('2D SPACE',''
  ) );
#11945 = ADVANCED_FACE('',(#11946),#3340,.F.);
#11946 = FACE_BOUND('',#11947,.F.);
#11947 = EDGE_LOOP('',(#11948,#11969,#11970,#11971));
#11948 = ORIENTED_EDGE('',*,*,#11949,.T.);
#11949 = EDGE_CURVE('',#3292,#7825,#11950,.T.);
#11950 = SURFACE_CURVE('',#11951,(#11955,#11962),.PCURVE_S1.);
#11951 = LINE('',#11952,#11953);
#11952 = CARTESIAN_POINT('',(55.83,-86.875,-1.E-03));
#11953 = VECTOR('',#11954,1.);
#11954 = DIRECTION('',(0.,0.,1.));
#11955 = PCURVE('',#3340,#11956);
#11956 = DEFINITIONAL_REPRESENTATION('',(#11957),#11961);
#11957 = LINE('',#11958,#11959);
#11958 = CARTESIAN_POINT('',(3.14159265359,0.));
#11959 = VECTOR('',#11960,1.);
#11960 = DIRECTION('',(0.,-1.));
#11961 = ( GEOMETRIC_REPRESENTATION_CONTEXT(2) 
PARAMETRIC_REPRESENTATION_CONTEXT() REPRESENTATION_CONTEXT('2D SPACE',''
  ) );
#11962 = PCURVE('',#3307,#11963);
#11963 = DEFINITIONAL_REPRESENTATION('',(#11964),#11968);
#11964 = LINE('',#11965,#11966);
#11965 = CARTESIAN_POINT('',(0.,0.));
#11966 = VECTOR('',#11967,1.);
#11967 = DIRECTION('',(0.,-1.));
#11968 = ( GEOMETRIC_REPRESENTATION_CONTEXT(2) 
PARAMETRIC_REPRESENTATION_CONTEXT() REPRESENTATION_CONTEXT('2D SPACE',''
  ) );
#11969 = ORIENTED_EDGE('',*,*,#7847,.T.);
#11970 = ORIENTED_EDGE('',*,*,#11925,.F.);
#11971 = ORIENTED_EDGE('',*,*,#3319,.F.);
#11972 = ADVANCED_FACE('',(#11973),#3307,.T.);
#11973 = FACE_BOUND('',#11974,.T.);
#11974 = EDGE_LOOP('',(#11975,#11976,#11977,#11978));
#11975 = ORIENTED_EDGE('',*,*,#3291,.T.);
#11976 = ORIENTED_EDGE('',*,*,#11949,.T.);
#11977 = ORIENTED_EDGE('',*,*,#7824,.F.);
#11978 = ORIENTED_EDGE('',*,*,#11897,.F.);
#11979 = ADVANCED_FACE('',(#11980),#3401,.F.);
#11980 = FACE_BOUND('',#11981,.F.);
#11981 = EDGE_LOOP('',(#11982,#12003,#12004,#12005));
#11982 = ORIENTED_EDGE('',*,*,#11983,.T.);
#11983 = EDGE_CURVE('',#3381,#7899,#11984,.T.);
#11984 = SEAM_CURVE('',#11985,(#11989,#11996),.PCURVE_S1.);
#11985 = LINE('',#11986,#11987);
#11986 = CARTESIAN_POINT('',(53.926,-83.7612,9.E-03));
#11987 = VECTOR('',#11988,1.);
#11988 = DIRECTION('',(0.,0.,1.));
#11989 = PCURVE('',#3401,#11990);
#11990 = DEFINITIONAL_REPRESENTATION('',(#11991),#11995);
#11991 = LINE('',#11992,#11993);
#11992 = CARTESIAN_POINT('',(0.,0.));
#11993 = VECTOR('',#11994,1.);
#11994 = DIRECTION('',(0.,-1.));
#11995 = ( GEOMETRIC_REPRESENTATION_CONTEXT(2) 
PARAMETRIC_REPRESENTATION_CONTEXT() REPRESENTATION_CONTEXT('2D SPACE',''
  ) );
#11996 = PCURVE('',#3401,#11997);
#11997 = DEFINITIONAL_REPRESENTATION('',(#11998),#12002);
#11998 = LINE('',#11999,#12000);
#11999 = CARTESIAN_POINT('',(6.28318530718,0.));
#12000 = VECTOR('',#12001,1.);
#12001 = DIRECTION('',(0.,-1.));
#12002 = ( GEOMETRIC_REPRESENTATION_CONTEXT(2) 
PARAMETRIC_REPRESENTATION_CONTEXT() REPRESENTATION_CONTEXT('2D SPACE',''
  ) );
#12003 = ORIENTED_EDGE('',*,*,#7898,.T.);
#12004 = ORIENTED_EDGE('',*,*,#11983,.F.);
#12005 = ORIENTED_EDGE('',*,*,#3380,.F.);
#12006 = ADVANCED_FACE('',(#12007),#3436,.F.);
#12007 = FACE_BOUND('',#12008,.F.);
#12008 = EDGE_LOOP('',(#12009,#12030,#12031,#12032));
#12009 = ORIENTED_EDGE('',*,*,#12010,.T.);
#12010 = EDGE_CURVE('',#3416,#7929,#12011,.T.);
#12011 = SEAM_CURVE('',#12012,(#12016,#12023),.PCURVE_S1.);
#12012 = LINE('',#12013,#12014);
#12013 = CARTESIAN_POINT('',(44.4327,-81.8572,9.E-03));
#12014 = VECTOR('',#12015,1.);
#12015 = DIRECTION('',(0.,0.,1.));
#12016 = PCURVE('',#3436,#12017);
#12017 = DEFINITIONAL_REPRESENTATION('',(#12018),#12022);
#12018 = LINE('',#12019,#12020);
#12019 = CARTESIAN_POINT('',(0.,0.));
#12020 = VECTOR('',#12021,1.);
#12021 = DIRECTION('',(0.,-1.));
#12022 = ( GEOMETRIC_REPRESENTATION_CONTEXT(2) 
PARAMETRIC_REPRESENTATION_CONTEXT() REPRESENTATION_CONTEXT('2D SPACE',''
  ) );
#12023 = PCURVE('',#3436,#12024);
#12024 = DEFINITIONAL_REPRESENTATION('',(#12025),#12029);
#12025 = LINE('',#12026,#12027);
#12026 = CARTESIAN_POINT('',(6.28318530718,0.));
#12027 = VECTOR('',#12028,1.);
#12028 = DIRECTION('',(0.,-1.));
#12029 = ( GEOMETRIC_REPRESENTATION_CONTEXT(2) 
PARAMETRIC_REPRESENTATION_CONTEXT() REPRESENTATION_CONTEXT('2D SPACE',''
  ) );
#12030 = ORIENTED_EDGE('',*,*,#7928,.T.);
#12031 = ORIENTED_EDGE('',*,*,#12010,.F.);
#12032 = ORIENTED_EDGE('',*,*,#3415,.F.);
#12033 = ADVANCED_FACE('',(#12034),#3471,.F.);
#12034 = FACE_BOUND('',#12035,.F.);
#12035 = EDGE_LOOP('',(#12036,#12057,#12058,#12059));
#12036 = ORIENTED_EDGE('',*,*,#12037,.T.);
#12037 = EDGE_CURVE('',#3451,#7959,#12038,.T.);
#12038 = SEAM_CURVE('',#12039,(#12043,#12050),.PCURVE_S1.);
#12039 = LINE('',#12040,#12041);
#12040 = CARTESIAN_POINT('',(47.9278,-81.8524,9.E-03));
#12041 = VECTOR('',#12042,1.);
#12042 = DIRECTION('',(0.,0.,1.));
#12043 = PCURVE('',#3471,#12044);
#12044 = DEFINITIONAL_REPRESENTATION('',(#12045),#12049);
#12045 = LINE('',#12046,#12047);
#12046 = CARTESIAN_POINT('',(0.,0.));
#12047 = VECTOR('',#12048,1.);
#12048 = DIRECTION('',(0.,-1.));
#12049 = ( GEOMETRIC_REPRESENTATION_CONTEXT(2) 
PARAMETRIC_REPRESENTATION_CONTEXT() REPRESENTATION_CONTEXT('2D SPACE',''
  ) );
#12050 = PCURVE('',#3471,#12051);
#12051 = DEFINITIONAL_REPRESENTATION('',(#12052),#12056);
#12052 = LINE('',#12053,#12054);
#12053 = CARTESIAN_POINT('',(6.28318530718,0.));
#12054 = VECTOR('',#12055,1.);
#12055 = DIRECTION('',(0.,-1.));
#12056 = ( GEOMETRIC_REPRESENTATION_CONTEXT(2) 
PARAMETRIC_REPRESENTATION_CONTEXT() REPRESENTATION_CONTEXT('2D SPACE',''
  ) );
#12057 = ORIENTED_EDGE('',*,*,#7958,.T.);
#12058 = ORIENTED_EDGE('',*,*,#12037,.F.);
#12059 = ORIENTED_EDGE('',*,*,#3450,.F.);
#12060 = ADVANCED_FACE('',(#12061),#3506,.F.);
#12061 = FACE_BOUND('',#12062,.F.);
#12062 = EDGE_LOOP('',(#12063,#12084,#12085,#12086));
#12063 = ORIENTED_EDGE('',*,*,#12064,.T.);
#12064 = EDGE_CURVE('',#3486,#7989,#12065,.T.);
#12065 = SEAM_CURVE('',#12066,(#12070,#12077),.PCURVE_S1.);
#12066 = LINE('',#12067,#12068);
#12067 = CARTESIAN_POINT('',(48.9853,-81.3092,9.E-03));
#12068 = VECTOR('',#12069,1.);
#12069 = DIRECTION('',(0.,0.,1.));
#12070 = PCURVE('',#3506,#12071);
#12071 = DEFINITIONAL_REPRESENTATION('',(#12072),#12076);
#12072 = LINE('',#12073,#12074);
#12073 = CARTESIAN_POINT('',(0.,0.));
#12074 = VECTOR('',#12075,1.);
#12075 = DIRECTION('',(0.,-1.));
#12076 = ( GEOMETRIC_REPRESENTATION_CONTEXT(2) 
PARAMETRIC_REPRESENTATION_CONTEXT() REPRESENTATION_CONTEXT('2D SPACE',''
  ) );
#12077 = PCURVE('',#3506,#12078);
#12078 = DEFINITIONAL_REPRESENTATION('',(#12079),#12083);
#12079 = LINE('',#12080,#12081);
#12080 = CARTESIAN_POINT('',(6.28318530718,0.));
#12081 = VECTOR('',#12082,1.);
#12082 = DIRECTION('',(0.,-1.));
#12083 = ( GEOMETRIC_REPRESENTATION_CONTEXT(2) 
PARAMETRIC_REPRESENTATION_CONTEXT() REPRESENTATION_CONTEXT('2D SPACE',''
  ) );
#12084 = ORIENTED_EDGE('',*,*,#7988,.T.);
#12085 = ORIENTED_EDGE('',*,*,#12064,.F.);
#12086 = ORIENTED_EDGE('',*,*,#3485,.F.);
#12087 = ADVANCED_FACE('',(#12088),#3541,.F.);
#12088 = FACE_BOUND('',#12089,.F.);
#12089 = EDGE_LOOP('',(#12090,#12111,#12112,#12113));
#12090 = ORIENTED_EDGE('',*,*,#12091,.T.);
#12091 = EDGE_CURVE('',#3521,#8019,#12092,.T.);
#12092 = SEAM_CURVE('',#12093,(#12097,#12104),.PCURVE_S1.);
#12093 = LINE('',#12094,#12095);
#12094 = CARTESIAN_POINT('',(48.9853,-78.8093,9.E-03));
#12095 = VECTOR('',#12096,1.);
#12096 = DIRECTION('',(0.,0.,1.));
#12097 = PCURVE('',#3541,#12098);
#12098 = DEFINITIONAL_REPRESENTATION('',(#12099),#12103);
#12099 = LINE('',#12100,#12101);
#12100 = CARTESIAN_POINT('',(0.,0.));
#12101 = VECTOR('',#12102,1.);
#12102 = DIRECTION('',(0.,-1.));
#12103 = ( GEOMETRIC_REPRESENTATION_CONTEXT(2) 
PARAMETRIC_REPRESENTATION_CONTEXT() REPRESENTATION_CONTEXT('2D SPACE',''
  ) );
#12104 = PCURVE('',#3541,#12105);
#12105 = DEFINITIONAL_REPRESENTATION('',(#12106),#12110);
#12106 = LINE('',#12107,#12108);
#12107 = CARTESIAN_POINT('',(6.28318530718,0.));
#12108 = VECTOR('',#12109,1.);
#12109 = DIRECTION('',(0.,-1.));
#12110 = ( GEOMETRIC_REPRESENTATION_CONTEXT(2) 
PARAMETRIC_REPRESENTATION_CONTEXT() REPRESENTATION_CONTEXT('2D SPACE',''
  ) );
#12111 = ORIENTED_EDGE('',*,*,#8018,.T.);
#12112 = ORIENTED_EDGE('',*,*,#12091,.F.);
#12113 = ORIENTED_EDGE('',*,*,#3520,.F.);
#12114 = ADVANCED_FACE('',(#12115),#3576,.F.);
#12115 = FACE_BOUND('',#12116,.F.);
#12116 = EDGE_LOOP('',(#12117,#12138,#12139,#12140));
#12117 = ORIENTED_EDGE('',*,*,#12118,.T.);
#12118 = EDGE_CURVE('',#3556,#8049,#12119,.T.);
#12119 = SEAM_CURVE('',#12120,(#12124,#12131),.PCURVE_S1.);
#12120 = LINE('',#12121,#12122);
#12121 = CARTESIAN_POINT('',(51.,-82.15,9.E-03));
#12122 = VECTOR('',#12123,1.);
#12123 = DIRECTION('',(0.,0.,1.));
#12124 = PCURVE('',#3576,#12125);
#12125 = DEFINITIONAL_REPRESENTATION('',(#12126),#12130);
#12126 = LINE('',#12127,#12128);
#12127 = CARTESIAN_POINT('',(0.,0.));
#12128 = VECTOR('',#12129,1.);
#12129 = DIRECTION('',(0.,-1.));
#12130 = ( GEOMETRIC_REPRESENTATION_CONTEXT(2) 
PARAMETRIC_REPRESENTATION_CONTEXT() REPRESENTATION_CONTEXT('2D SPACE',''
  ) );
#12131 = PCURVE('',#3576,#12132);
#12132 = DEFINITIONAL_REPRESENTATION('',(#12133),#12137);
#12133 = LINE('',#12134,#12135);
#12134 = CARTESIAN_POINT('',(6.28318530718,0.));
#12135 = VECTOR('',#12136,1.);
#12136 = DIRECTION('',(0.,-1.));
#12137 = ( GEOMETRIC_REPRESENTATION_CONTEXT(2) 
PARAMETRIC_REPRESENTATION_CONTEXT() REPRESENTATION_CONTEXT('2D SPACE',''
  ) );
#12138 = ORIENTED_EDGE('',*,*,#8048,.T.);
#12139 = ORIENTED_EDGE('',*,*,#12118,.F.);
#12140 = ORIENTED_EDGE('',*,*,#3555,.F.);
#12141 = ADVANCED_FACE('',(#12142),#3611,.F.);
#12142 = FACE_BOUND('',#12143,.F.);
#12143 = EDGE_LOOP('',(#12144,#12165,#12166,#12167));
#12144 = ORIENTED_EDGE('',*,*,#12145,.T.);
#12145 = EDGE_CURVE('',#3591,#8079,#12146,.T.);
#12146 = SEAM_CURVE('',#12147,(#12151,#12158),.PCURVE_S1.);
#12147 = LINE('',#12148,#12149);
#12148 = CARTESIAN_POINT('',(36.9395,-63.2231,9.E-03));
#12149 = VECTOR('',#12150,1.);
#12150 = DIRECTION('',(0.,0.,1.));
#12151 = PCURVE('',#3611,#12152);
#12152 = DEFINITIONAL_REPRESENTATION('',(#12153),#12157);
#12153 = LINE('',#12154,#12155);
#12154 = CARTESIAN_POINT('',(0.,0.));
#12155 = VECTOR('',#12156,1.);
#12156 = DIRECTION('',(0.,-1.));
#12157 = ( GEOMETRIC_REPRESENTATION_CONTEXT(2) 
PARAMETRIC_REPRESENTATION_CONTEXT() REPRESENTATION_CONTEXT('2D SPACE',''
  ) );
#12158 = PCURVE('',#3611,#12159);
#12159 = DEFINITIONAL_REPRESENTATION('',(#12160),#12164);
#12160 = LINE('',#12161,#12162);
#12161 = CARTESIAN_POINT('',(6.28318530718,0.));
#12162 = VECTOR('',#12163,1.);
#12163 = DIRECTION('',(0.,-1.));
#12164 = ( GEOMETRIC_REPRESENTATION_CONTEXT(2) 
PARAMETRIC_REPRESENTATION_CONTEXT() REPRESENTATION_CONTEXT('2D SPACE',''
  ) );
#12165 = ORIENTED_EDGE('',*,*,#8078,.T.);
#12166 = ORIENTED_EDGE('',*,*,#12145,.F.);
#12167 = ORIENTED_EDGE('',*,*,#3590,.F.);
#12168 = ADVANCED_FACE('',(#12169),#3646,.F.);
#12169 = FACE_BOUND('',#12170,.F.);
#12170 = EDGE_LOOP('',(#12171,#12192,#12193,#12194));
#12171 = ORIENTED_EDGE('',*,*,#12172,.T.);
#12172 = EDGE_CURVE('',#3626,#8109,#12173,.T.);
#12173 = SEAM_CURVE('',#12174,(#12178,#12185),.PCURVE_S1.);
#12174 = LINE('',#12175,#12176);
#12175 = CARTESIAN_POINT('',(39.3455,-64.15,9.E-03));
#12176 = VECTOR('',#12177,1.);
#12177 = DIRECTION('',(0.,0.,1.));
#12178 = PCURVE('',#3646,#12179);
#12179 = DEFINITIONAL_REPRESENTATION('',(#12180),#12184);
#12180 = LINE('',#12181,#12182);
#12181 = CARTESIAN_POINT('',(0.,0.));
#12182 = VECTOR('',#12183,1.);
#12183 = DIRECTION('',(0.,-1.));
#12184 = ( GEOMETRIC_REPRESENTATION_CONTEXT(2) 
PARAMETRIC_REPRESENTATION_CONTEXT() REPRESENTATION_CONTEXT('2D SPACE',''
  ) );
#12185 = PCURVE('',#3646,#12186);
#12186 = DEFINITIONAL_REPRESENTATION('',(#12187),#12191);
#12187 = LINE('',#12188,#12189);
#12188 = CARTESIAN_POINT('',(6.28318530718,0.));
#12189 = VECTOR('',#12190,1.);
#12190 = DIRECTION('',(0.,-1.));
#12191 = ( GEOMETRIC_REPRESENTATION_CONTEXT(2) 
PARAMETRIC_REPRESENTATION_CONTEXT() REPRESENTATION_CONTEXT('2D SPACE',''
  ) );
#12192 = ORIENTED_EDGE('',*,*,#8108,.T.);
#12193 = ORIENTED_EDGE('',*,*,#12172,.F.);
#12194 = ORIENTED_EDGE('',*,*,#3625,.F.);
#12195 = ADVANCED_FACE('',(#12196),#3681,.F.);
#12196 = FACE_BOUND('',#12197,.F.);
#12197 = EDGE_LOOP('',(#12198,#12219,#12220,#12221));
#12198 = ORIENTED_EDGE('',*,*,#12199,.T.);
#12199 = EDGE_CURVE('',#3661,#8139,#12200,.T.);
#12200 = SEAM_CURVE('',#12201,(#12205,#12212),.PCURVE_S1.);
#12201 = LINE('',#12202,#12203);
#12202 = CARTESIAN_POINT('',(48.8377,-71.694,9.E-03));
#12203 = VECTOR('',#12204,1.);
#12204 = DIRECTION('',(0.,0.,1.));
#12205 = PCURVE('',#3681,#12206);
#12206 = DEFINITIONAL_REPRESENTATION('',(#12207),#12211);
#12207 = LINE('',#12208,#12209);
#12208 = CARTESIAN_POINT('',(0.,0.));
#12209 = VECTOR('',#12210,1.);
#12210 = DIRECTION('',(0.,-1.));
#12211 = ( GEOMETRIC_REPRESENTATION_CONTEXT(2) 
PARAMETRIC_REPRESENTATION_CONTEXT() REPRESENTATION_CONTEXT('2D SPACE',''
  ) );
#12212 = PCURVE('',#3681,#12213);
#12213 = DEFINITIONAL_REPRESENTATION('',(#12214),#12218);
#12214 = LINE('',#12215,#12216);
#12215 = CARTESIAN_POINT('',(6.28318530718,0.));
#12216 = VECTOR('',#12217,1.);
#12217 = DIRECTION('',(0.,-1.));
#12218 = ( GEOMETRIC_REPRESENTATION_CONTEXT(2) 
PARAMETRIC_REPRESENTATION_CONTEXT() REPRESENTATION_CONTEXT('2D SPACE',''
  ) );
#12219 = ORIENTED_EDGE('',*,*,#8138,.T.);
#12220 = ORIENTED_EDGE('',*,*,#12199,.F.);
#12221 = ORIENTED_EDGE('',*,*,#3660,.F.);
#12222 = ADVANCED_FACE('',(#12223),#3716,.F.);
#12223 = FACE_BOUND('',#12224,.F.);
#12224 = EDGE_LOOP('',(#12225,#12246,#12247,#12248));
#12225 = ORIENTED_EDGE('',*,*,#12226,.T.);
#12226 = EDGE_CURVE('',#3696,#8169,#12227,.T.);
#12227 = SEAM_CURVE('',#12228,(#12232,#12239),.PCURVE_S1.);
#12228 = LINE('',#12229,#12230);
#12229 = CARTESIAN_POINT('',(48.1359,-67.9869,9.E-03));
#12230 = VECTOR('',#12231,1.);
#12231 = DIRECTION('',(0.,0.,1.));
#12232 = PCURVE('',#3716,#12233);
#12233 = DEFINITIONAL_REPRESENTATION('',(#12234),#12238);
#12234 = LINE('',#12235,#12236);
#12235 = CARTESIAN_POINT('',(0.,0.));
#12236 = VECTOR('',#12237,1.);
#12237 = DIRECTION('',(0.,-1.));
#12238 = ( GEOMETRIC_REPRESENTATION_CONTEXT(2) 
PARAMETRIC_REPRESENTATION_CONTEXT() REPRESENTATION_CONTEXT('2D SPACE',''
  ) );
#12239 = PCURVE('',#3716,#12240);
#12240 = DEFINITIONAL_REPRESENTATION('',(#12241),#12245);
#12241 = LINE('',#12242,#12243);
#12242 = CARTESIAN_POINT('',(6.28318530718,0.));
#12243 = VECTOR('',#12244,1.);
#12244 = DIRECTION('',(0.,-1.));
#12245 = ( GEOMETRIC_REPRESENTATION_CONTEXT(2) 
PARAMETRIC_REPRESENTATION_CONTEXT() REPRESENTATION_CONTEXT('2D SPACE',''
  ) );
#12246 = ORIENTED_EDGE('',*,*,#8168,.T.);
#12247 = ORIENTED_EDGE('',*,*,#12226,.F.);
#12248 = ORIENTED_EDGE('',*,*,#3695,.F.);
#12249 = ADVANCED_FACE('',(#12250),#3751,.F.);
#12250 = FACE_BOUND('',#12251,.F.);
#12251 = EDGE_LOOP('',(#12252,#12273,#12274,#12275));
#12252 = ORIENTED_EDGE('',*,*,#12253,.T.);
#12253 = EDGE_CURVE('',#3731,#8199,#12254,.T.);
#12254 = SEAM_CURVE('',#12255,(#12259,#12266),.PCURVE_S1.);
#12255 = LINE('',#12256,#12257);
#12256 = CARTESIAN_POINT('',(48.1359,-64.4474,9.E-03));
#12257 = VECTOR('',#12258,1.);
#12258 = DIRECTION('',(0.,0.,1.));
#12259 = PCURVE('',#3751,#12260);
#12260 = DEFINITIONAL_REPRESENTATION('',(#12261),#12265);
#12261 = LINE('',#12262,#12263);
#12262 = CARTESIAN_POINT('',(0.,0.));
#12263 = VECTOR('',#12264,1.);
#12264 = DIRECTION('',(0.,-1.));
#12265 = ( GEOMETRIC_REPRESENTATION_CONTEXT(2) 
PARAMETRIC_REPRESENTATION_CONTEXT() REPRESENTATION_CONTEXT('2D SPACE',''
  ) );
#12266 = PCURVE('',#3751,#12267);
#12267 = DEFINITIONAL_REPRESENTATION('',(#12268),#12272);
#12268 = LINE('',#12269,#12270);
#12269 = CARTESIAN_POINT('',(6.28318530718,0.));
#12270 = VECTOR('',#12271,1.);
#12271 = DIRECTION('',(0.,-1.));
#12272 = ( GEOMETRIC_REPRESENTATION_CONTEXT(2) 
PARAMETRIC_REPRESENTATION_CONTEXT() REPRESENTATION_CONTEXT('2D SPACE',''
  ) );
#12273 = ORIENTED_EDGE('',*,*,#8198,.T.);
#12274 = ORIENTED_EDGE('',*,*,#12253,.F.);
#12275 = ORIENTED_EDGE('',*,*,#3730,.F.);
#12276 = ADVANCED_FACE('',(#12277),#3786,.F.);
#12277 = FACE_BOUND('',#12278,.F.);
#12278 = EDGE_LOOP('',(#12279,#12300,#12301,#12302));
#12279 = ORIENTED_EDGE('',*,*,#12280,.T.);
#12280 = EDGE_CURVE('',#3766,#8229,#12281,.T.);
#12281 = SEAM_CURVE('',#12282,(#12286,#12293),.PCURVE_S1.);
#12282 = LINE('',#12283,#12284);
#12283 = CARTESIAN_POINT('',(48.3884,-61.51,9.E-03));
#12284 = VECTOR('',#12285,1.);
#12285 = DIRECTION('',(0.,0.,1.));
#12286 = PCURVE('',#3786,#12287);
#12287 = DEFINITIONAL_REPRESENTATION('',(#12288),#12292);
#12288 = LINE('',#12289,#12290);
#12289 = CARTESIAN_POINT('',(0.,0.));
#12290 = VECTOR('',#12291,1.);
#12291 = DIRECTION('',(0.,-1.));
#12292 = ( GEOMETRIC_REPRESENTATION_CONTEXT(2) 
PARAMETRIC_REPRESENTATION_CONTEXT() REPRESENTATION_CONTEXT('2D SPACE',''
  ) );
#12293 = PCURVE('',#3786,#12294);
#12294 = DEFINITIONAL_REPRESENTATION('',(#12295),#12299);
#12295 = LINE('',#12296,#12297);
#12296 = CARTESIAN_POINT('',(6.28318530718,0.));
#12297 = VECTOR('',#12298,1.);
#12298 = DIRECTION('',(0.,-1.));
#12299 = ( GEOMETRIC_REPRESENTATION_CONTEXT(2) 
PARAMETRIC_REPRESENTATION_CONTEXT() REPRESENTATION_CONTEXT('2D SPACE',''
  ) );
#12300 = ORIENTED_EDGE('',*,*,#8228,.T.);
#12301 = ORIENTED_EDGE('',*,*,#12280,.F.);
#12302 = ORIENTED_EDGE('',*,*,#3765,.F.);
#12303 = ADVANCED_FACE('',(#12304),#3821,.F.);
#12304 = FACE_BOUND('',#12305,.F.);
#12305 = EDGE_LOOP('',(#12306,#12327,#12328,#12329));
#12306 = ORIENTED_EDGE('',*,*,#12307,.T.);
#12307 = EDGE_CURVE('',#3801,#8259,#12308,.T.);
#12308 = SEAM_CURVE('',#12309,(#12313,#12320),.PCURVE_S1.);
#12309 = LINE('',#12310,#12311);
#12310 = CARTESIAN_POINT('',(14.0495,-53.8229,9.E-03));
#12311 = VECTOR('',#12312,1.);
#12312 = DIRECTION('',(0.,0.,1.));
#12313 = PCURVE('',#3821,#12314);
#12314 = DEFINITIONAL_REPRESENTATION('',(#12315),#12319);
#12315 = LINE('',#12316,#12317);
#12316 = CARTESIAN_POINT('',(0.,0.));
#12317 = VECTOR('',#12318,1.);
#12318 = DIRECTION('',(0.,-1.));
#12319 = ( GEOMETRIC_REPRESENTATION_CONTEXT(2) 
PARAMETRIC_REPRESENTATION_CONTEXT() REPRESENTATION_CONTEXT('2D SPACE',''
  ) );
#12320 = PCURVE('',#3821,#12321);
#12321 = DEFINITIONAL_REPRESENTATION('',(#12322),#12326);
#12322 = LINE('',#12323,#12324);
#12323 = CARTESIAN_POINT('',(6.28318530718,0.));
#12324 = VECTOR('',#12325,1.);
#12325 = DIRECTION('',(0.,-1.));
#12326 = ( GEOMETRIC_REPRESENTATION_CONTEXT(2) 
PARAMETRIC_REPRESENTATION_CONTEXT() REPRESENTATION_CONTEXT('2D SPACE',''
  ) );
#12327 = ORIENTED_EDGE('',*,*,#8258,.T.);
#12328 = ORIENTED_EDGE('',*,*,#12307,.F.);
#12329 = ORIENTED_EDGE('',*,*,#3800,.F.);
#12330 = ADVANCED_FACE('',(#12331),#3856,.F.);
#12331 = FACE_BOUND('',#12332,.F.);
#12332 = EDGE_LOOP('',(#12333,#12354,#12355,#12356));
#12333 = ORIENTED_EDGE('',*,*,#12334,.T.);
#12334 = EDGE_CURVE('',#3836,#8289,#12335,.T.);
#12335 = SEAM_CURVE('',#12336,(#12340,#12347),.PCURVE_S1.);
#12336 = LINE('',#12337,#12338);
#12337 = CARTESIAN_POINT('',(16.4318,-51.7874,9.E-03));
#12338 = VECTOR('',#12339,1.);
#12339 = DIRECTION('',(0.,0.,1.));
#12340 = PCURVE('',#3856,#12341);
#12341 = DEFINITIONAL_REPRESENTATION('',(#12342),#12346);
#12342 = LINE('',#12343,#12344);
#12343 = CARTESIAN_POINT('',(0.,0.));
#12344 = VECTOR('',#12345,1.);
#12345 = DIRECTION('',(0.,-1.));
#12346 = ( GEOMETRIC_REPRESENTATION_CONTEXT(2) 
PARAMETRIC_REPRESENTATION_CONTEXT() REPRESENTATION_CONTEXT('2D SPACE',''
  ) );
#12347 = PCURVE('',#3856,#12348);
#12348 = DEFINITIONAL_REPRESENTATION('',(#12349),#12353);
#12349 = LINE('',#12350,#12351);
#12350 = CARTESIAN_POINT('',(6.28318530718,0.));
#12351 = VECTOR('',#12352,1.);
#12352 = DIRECTION('',(0.,-1.));
#12353 = ( GEOMETRIC_REPRESENTATION_CONTEXT(2) 
PARAMETRIC_REPRESENTATION_CONTEXT() REPRESENTATION_CONTEXT('2D SPACE',''
  ) );
#12354 = ORIENTED_EDGE('',*,*,#8288,.T.);
#12355 = ORIENTED_EDGE('',*,*,#12334,.F.);
#12356 = ORIENTED_EDGE('',*,*,#3835,.F.);
#12357 = ADVANCED_FACE('',(#12358),#3891,.F.);
#12358 = FACE_BOUND('',#12359,.F.);
#12359 = EDGE_LOOP('',(#12360,#12381,#12382,#12383));
#12360 = ORIENTED_EDGE('',*,*,#12361,.T.);
#12361 = EDGE_CURVE('',#3871,#8319,#12362,.T.);
#12362 = SEAM_CURVE('',#12363,(#12367,#12374),.PCURVE_S1.);
#12363 = LINE('',#12364,#12365);
#12364 = CARTESIAN_POINT('',(10.8348,-46.0223,9.E-03));
#12365 = VECTOR('',#12366,1.);
#12366 = DIRECTION('',(0.,0.,1.));
#12367 = PCURVE('',#3891,#12368);
#12368 = DEFINITIONAL_REPRESENTATION('',(#12369),#12373);
#12369 = LINE('',#12370,#12371);
#12370 = CARTESIAN_POINT('',(0.,0.));
#12371 = VECTOR('',#12372,1.);
#12372 = DIRECTION('',(0.,-1.));
#12373 = ( GEOMETRIC_REPRESENTATION_CONTEXT(2) 
PARAMETRIC_REPRESENTATION_CONTEXT() REPRESENTATION_CONTEXT('2D SPACE',''
  ) );
#12374 = PCURVE('',#3891,#12375);
#12375 = DEFINITIONAL_REPRESENTATION('',(#12376),#12380);
#12376 = LINE('',#12377,#12378);
#12377 = CARTESIAN_POINT('',(6.28318530718,0.));
#12378 = VECTOR('',#12379,1.);
#12379 = DIRECTION('',(0.,-1.));
#12380 = ( GEOMETRIC_REPRESENTATION_CONTEXT(2) 
PARAMETRIC_REPRESENTATION_CONTEXT() REPRESENTATION_CONTEXT('2D SPACE',''
  ) );
#12381 = ORIENTED_EDGE('',*,*,#8318,.T.);
#12382 = ORIENTED_EDGE('',*,*,#12361,.F.);
#12383 = ORIENTED_EDGE('',*,*,#3870,.F.);
#12384 = ADVANCED_FACE('',(#12385),#3926,.F.);
#12385 = FACE_BOUND('',#12386,.F.);
#12386 = EDGE_LOOP('',(#12387,#12408,#12409,#12410));
#12387 = ORIENTED_EDGE('',*,*,#12388,.T.);
#12388 = EDGE_CURVE('',#3906,#8349,#12389,.T.);
#12389 = SEAM_CURVE('',#12390,(#12394,#12401),.PCURVE_S1.);
#12390 = LINE('',#12391,#12392);
#12391 = CARTESIAN_POINT('',(38.1893,-54.4156,9.E-03));
#12392 = VECTOR('',#12393,1.);
#12393 = DIRECTION('',(0.,0.,1.));
#12394 = PCURVE('',#3926,#12395);
#12395 = DEFINITIONAL_REPRESENTATION('',(#12396),#12400);
#12396 = LINE('',#12397,#12398);
#12397 = CARTESIAN_POINT('',(0.,0.));
#12398 = VECTOR('',#12399,1.);
#12399 = DIRECTION('',(0.,-1.));
#12400 = ( GEOMETRIC_REPRESENTATION_CONTEXT(2) 
PARAMETRIC_REPRESENTATION_CONTEXT() REPRESENTATION_CONTEXT('2D SPACE',''
  ) );
#12401 = PCURVE('',#3926,#12402);
#12402 = DEFINITIONAL_REPRESENTATION('',(#12403),#12407);
#12403 = LINE('',#12404,#12405);
#12404 = CARTESIAN_POINT('',(6.28318530718,0.));
#12405 = VECTOR('',#12406,1.);
#12406 = DIRECTION('',(0.,-1.));
#12407 = ( GEOMETRIC_REPRESENTATION_CONTEXT(2) 
PARAMETRIC_REPRESENTATION_CONTEXT() REPRESENTATION_CONTEXT('2D SPACE',''
  ) );
#12408 = ORIENTED_EDGE('',*,*,#8348,.T.);
#12409 = ORIENTED_EDGE('',*,*,#12388,.F.);
#12410 = ORIENTED_EDGE('',*,*,#3905,.F.);
#12411 = ADVANCED_FACE('',(#12412),#3961,.F.);
#12412 = FACE_BOUND('',#12413,.F.);
#12413 = EDGE_LOOP('',(#12414,#12435,#12436,#12437));
#12414 = ORIENTED_EDGE('',*,*,#12415,.T.);
#12415 = EDGE_CURVE('',#3941,#8379,#12416,.T.);
#12416 = SEAM_CURVE('',#12417,(#12421,#12428),.PCURVE_S1.);
#12417 = LINE('',#12418,#12419);
#12418 = CARTESIAN_POINT('',(34.3262,-45.3138,9.E-03));
#12419 = VECTOR('',#12420,1.);
#12420 = DIRECTION('',(0.,0.,1.));
#12421 = PCURVE('',#3961,#12422);
#12422 = DEFINITIONAL_REPRESENTATION('',(#12423),#12427);
#12423 = LINE('',#12424,#12425);
#12424 = CARTESIAN_POINT('',(0.,0.));
#12425 = VECTOR('',#12426,1.);
#12426 = DIRECTION('',(0.,-1.));
#12427 = ( GEOMETRIC_REPRESENTATION_CONTEXT(2) 
PARAMETRIC_REPRESENTATION_CONTEXT() REPRESENTATION_CONTEXT('2D SPACE',''
  ) );
#12428 = PCURVE('',#3961,#12429);
#12429 = DEFINITIONAL_REPRESENTATION('',(#12430),#12434);
#12430 = LINE('',#12431,#12432);
#12431 = CARTESIAN_POINT('',(6.28318530718,0.));
#12432 = VECTOR('',#12433,1.);
#12433 = DIRECTION('',(0.,-1.));
#12434 = ( GEOMETRIC_REPRESENTATION_CONTEXT(2) 
PARAMETRIC_REPRESENTATION_CONTEXT() REPRESENTATION_CONTEXT('2D SPACE',''
  ) );
#12435 = ORIENTED_EDGE('',*,*,#8378,.T.);
#12436 = ORIENTED_EDGE('',*,*,#12415,.F.);
#12437 = ORIENTED_EDGE('',*,*,#3940,.F.);
#12438 = ADVANCED_FACE('',(#12439),#3996,.F.);
#12439 = FACE_BOUND('',#12440,.F.);
#12440 = EDGE_LOOP('',(#12441,#12462,#12463,#12464));
#12441 = ORIENTED_EDGE('',*,*,#12442,.T.);
#12442 = EDGE_CURVE('',#3976,#8409,#12443,.T.);
#12443 = SEAM_CURVE('',#12444,(#12448,#12455),.PCURVE_S1.);
#12444 = LINE('',#12445,#12446);
#12445 = CARTESIAN_POINT('',(33.4854,-39.7146,9.E-03));
#12446 = VECTOR('',#12447,1.);
#12447 = DIRECTION('',(0.,0.,1.));
#12448 = PCURVE('',#3996,#12449);
#12449 = DEFINITIONAL_REPRESENTATION('',(#12450),#12454);
#12450 = LINE('',#12451,#12452);
#12451 = CARTESIAN_POINT('',(0.,0.));
#12452 = VECTOR('',#12453,1.);
#12453 = DIRECTION('',(0.,-1.));
#12454 = ( GEOMETRIC_REPRESENTATION_CONTEXT(2) 
PARAMETRIC_REPRESENTATION_CONTEXT() REPRESENTATION_CONTEXT('2D SPACE',''
  ) );
#12455 = PCURVE('',#3996,#12456);
#12456 = DEFINITIONAL_REPRESENTATION('',(#12457),#12461);
#12457 = LINE('',#12458,#12459);
#12458 = CARTESIAN_POINT('',(6.28318530718,0.));
#12459 = VECTOR('',#12460,1.);
#12460 = DIRECTION('',(0.,-1.));
#12461 = ( GEOMETRIC_REPRESENTATION_CONTEXT(2) 
PARAMETRIC_REPRESENTATION_CONTEXT() REPRESENTATION_CONTEXT('2D SPACE',''
  ) );
#12462 = ORIENTED_EDGE('',*,*,#8408,.T.);
#12463 = ORIENTED_EDGE('',*,*,#12442,.F.);
#12464 = ORIENTED_EDGE('',*,*,#3975,.F.);
#12465 = ADVANCED_FACE('',(#12466),#4031,.F.);
#12466 = FACE_BOUND('',#12467,.F.);
#12467 = EDGE_LOOP('',(#12468,#12489,#12490,#12491));
#12468 = ORIENTED_EDGE('',*,*,#12469,.T.);
#12469 = EDGE_CURVE('',#4011,#8439,#12470,.T.);
#12470 = SEAM_CURVE('',#12471,(#12475,#12482),.PCURVE_S1.);
#12471 = LINE('',#12472,#12473);
#12472 = CARTESIAN_POINT('',(40.2125,-42.1377,9.E-03));
#12473 = VECTOR('',#12474,1.);
#12474 = DIRECTION('',(0.,0.,1.));
#12475 = PCURVE('',#4031,#12476);
#12476 = DEFINITIONAL_REPRESENTATION('',(#12477),#12481);
#12477 = LINE('',#12478,#12479);
#12478 = CARTESIAN_POINT('',(0.,0.));
#12479 = VECTOR('',#12480,1.);
#12480 = DIRECTION('',(0.,-1.));
#12481 = ( GEOMETRIC_REPRESENTATION_CONTEXT(2) 
PARAMETRIC_REPRESENTATION_CONTEXT() REPRESENTATION_CONTEXT('2D SPACE',''
  ) );
#12482 = PCURVE('',#4031,#12483);
#12483 = DEFINITIONAL_REPRESENTATION('',(#12484),#12488);
#12484 = LINE('',#12485,#12486);
#12485 = CARTESIAN_POINT('',(6.28318530718,0.));
#12486 = VECTOR('',#12487,1.);
#12487 = DIRECTION('',(0.,-1.));
#12488 = ( GEOMETRIC_REPRESENTATION_CONTEXT(2) 
PARAMETRIC_REPRESENTATION_CONTEXT() REPRESENTATION_CONTEXT('2D SPACE',''
  ) );
#12489 = ORIENTED_EDGE('',*,*,#8438,.T.);
#12490 = ORIENTED_EDGE('',*,*,#12469,.F.);
#12491 = ORIENTED_EDGE('',*,*,#4010,.F.);
#12492 = ADVANCED_FACE('',(#12493),#4066,.F.);
#12493 = FACE_BOUND('',#12494,.F.);
#12494 = EDGE_LOOP('',(#12495,#12516,#12517,#12518));
#12495 = ORIENTED_EDGE('',*,*,#12496,.T.);
#12496 = EDGE_CURVE('',#4046,#8469,#12497,.T.);
#12497 = SEAM_CURVE('',#12498,(#12502,#12509),.PCURVE_S1.);
#12498 = LINE('',#12499,#12500);
#12499 = CARTESIAN_POINT('',(48.7837,-51.85,9.E-03));
#12500 = VECTOR('',#12501,1.);
#12501 = DIRECTION('',(0.,0.,1.));
#12502 = PCURVE('',#4066,#12503);
#12503 = DEFINITIONAL_REPRESENTATION('',(#12504),#12508);
#12504 = LINE('',#12505,#12506);
#12505 = CARTESIAN_POINT('',(0.,0.));
#12506 = VECTOR('',#12507,1.);
#12507 = DIRECTION('',(0.,-1.));
#12508 = ( GEOMETRIC_REPRESENTATION_CONTEXT(2) 
PARAMETRIC_REPRESENTATION_CONTEXT() REPRESENTATION_CONTEXT('2D SPACE',''
  ) );
#12509 = PCURVE('',#4066,#12510);
#12510 = DEFINITIONAL_REPRESENTATION('',(#12511),#12515);
#12511 = LINE('',#12512,#12513);
#12512 = CARTESIAN_POINT('',(6.28318530718,0.));
#12513 = VECTOR('',#12514,1.);
#12514 = DIRECTION('',(0.,-1.));
#12515 = ( GEOMETRIC_REPRESENTATION_CONTEXT(2) 
PARAMETRIC_REPRESENTATION_CONTEXT() REPRESENTATION_CONTEXT('2D SPACE',''
  ) );
#12516 = ORIENTED_EDGE('',*,*,#8468,.T.);
#12517 = ORIENTED_EDGE('',*,*,#12496,.F.);
#12518 = ORIENTED_EDGE('',*,*,#4045,.F.);
#12519 = ADVANCED_FACE('',(#12520),#4101,.F.);
#12520 = FACE_BOUND('',#12521,.F.);
#12521 = EDGE_LOOP('',(#12522,#12543,#12544,#12545));
#12522 = ORIENTED_EDGE('',*,*,#12523,.T.);
#12523 = EDGE_CURVE('',#4081,#8499,#12524,.T.);
#12524 = SEAM_CURVE('',#12525,(#12529,#12536),.PCURVE_S1.);
#12525 = LINE('',#12526,#12527);
#12526 = CARTESIAN_POINT('',(50.0967,-49.9408,9.E-03));
#12527 = VECTOR('',#12528,1.);
#12528 = DIRECTION('',(0.,0.,1.));
#12529 = PCURVE('',#4101,#12530);
#12530 = DEFINITIONAL_REPRESENTATION('',(#12531),#12535);
#12531 = LINE('',#12532,#12533);
#12532 = CARTESIAN_POINT('',(0.,0.));
#12533 = VECTOR('',#12534,1.);
#12534 = DIRECTION('',(0.,-1.));
#12535 = ( GEOMETRIC_REPRESENTATION_CONTEXT(2) 
PARAMETRIC_REPRESENTATION_CONTEXT() REPRESENTATION_CONTEXT('2D SPACE',''
  ) );
#12536 = PCURVE('',#4101,#12537);
#12537 = DEFINITIONAL_REPRESENTATION('',(#12538),#12542);
#12538 = LINE('',#12539,#12540);
#12539 = CARTESIAN_POINT('',(6.28318530718,0.));
#12540 = VECTOR('',#12541,1.);
#12541 = DIRECTION('',(0.,-1.));
#12542 = ( GEOMETRIC_REPRESENTATION_CONTEXT(2) 
PARAMETRIC_REPRESENTATION_CONTEXT() REPRESENTATION_CONTEXT('2D SPACE',''
  ) );
#12543 = ORIENTED_EDGE('',*,*,#8498,.T.);
#12544 = ORIENTED_EDGE('',*,*,#12523,.F.);
#12545 = ORIENTED_EDGE('',*,*,#4080,.F.);
#12546 = ADVANCED_FACE('',(#12547),#4136,.F.);
#12547 = FACE_BOUND('',#12548,.F.);
#12548 = EDGE_LOOP('',(#12549,#12570,#12571,#12572));
#12549 = ORIENTED_EDGE('',*,*,#12550,.T.);
#12550 = EDGE_CURVE('',#4116,#8529,#12551,.T.);
#12551 = SEAM_CURVE('',#12552,(#12556,#12563),.PCURVE_S1.);
#12552 = LINE('',#12553,#12554);
#12553 = CARTESIAN_POINT('',(51.3008,-47.9608,9.E-03));
#12554 = VECTOR('',#12555,1.);
#12555 = DIRECTION('',(0.,0.,1.));
#12556 = PCURVE('',#4136,#12557);
#12557 = DEFINITIONAL_REPRESENTATION('',(#12558),#12562);
#12558 = LINE('',#12559,#12560);
#12559 = CARTESIAN_POINT('',(0.,0.));
#12560 = VECTOR('',#12561,1.);
#12561 = DIRECTION('',(0.,-1.));
#12562 = ( GEOMETRIC_REPRESENTATION_CONTEXT(2) 
PARAMETRIC_REPRESENTATION_CONTEXT() REPRESENTATION_CONTEXT('2D SPACE',''
  ) );
#12563 = PCURVE('',#4136,#12564);
#12564 = DEFINITIONAL_REPRESENTATION('',(#12565),#12569);
#12565 = LINE('',#12566,#12567);
#12566 = CARTESIAN_POINT('',(6.28318530718,0.));
#12567 = VECTOR('',#12568,1.);
#12568 = DIRECTION('',(0.,-1.));
#12569 = ( GEOMETRIC_REPRESENTATION_CONTEXT(2) 
PARAMETRIC_REPRESENTATION_CONTEXT() REPRESENTATION_CONTEXT('2D SPACE',''
  ) );
#12570 = ORIENTED_EDGE('',*,*,#8528,.T.);
#12571 = ORIENTED_EDGE('',*,*,#12550,.F.);
#12572 = ORIENTED_EDGE('',*,*,#4115,.F.);
#12573 = ADVANCED_FACE('',(#12574),#4171,.F.);
#12574 = FACE_BOUND('',#12575,.F.);
#12575 = EDGE_LOOP('',(#12576,#12597,#12598,#12599));
#12576 = ORIENTED_EDGE('',*,*,#12577,.T.);
#12577 = EDGE_CURVE('',#4151,#8559,#12578,.T.);
#12578 = SEAM_CURVE('',#12579,(#12583,#12590),.PCURVE_S1.);
#12579 = LINE('',#12580,#12581);
#12580 = CARTESIAN_POINT('',(51.3328,-46.4406,9.E-03));
#12581 = VECTOR('',#12582,1.);
#12582 = DIRECTION('',(0.,0.,1.));
#12583 = PCURVE('',#4171,#12584);
#12584 = DEFINITIONAL_REPRESENTATION('',(#12585),#12589);
#12585 = LINE('',#12586,#12587);
#12586 = CARTESIAN_POINT('',(0.,0.));
#12587 = VECTOR('',#12588,1.);
#12588 = DIRECTION('',(0.,-1.));
#12589 = ( GEOMETRIC_REPRESENTATION_CONTEXT(2) 
PARAMETRIC_REPRESENTATION_CONTEXT() REPRESENTATION_CONTEXT('2D SPACE',''
  ) );
#12590 = PCURVE('',#4171,#12591);
#12591 = DEFINITIONAL_REPRESENTATION('',(#12592),#12596);
#12592 = LINE('',#12593,#12594);
#12593 = CARTESIAN_POINT('',(6.28318530718,0.));
#12594 = VECTOR('',#12595,1.);
#12595 = DIRECTION('',(0.,-1.));
#12596 = ( GEOMETRIC_REPRESENTATION_CONTEXT(2) 
PARAMETRIC_REPRESENTATION_CONTEXT() REPRESENTATION_CONTEXT('2D SPACE',''
  ) );
#12597 = ORIENTED_EDGE('',*,*,#8558,.T.);
#12598 = ORIENTED_EDGE('',*,*,#12577,.F.);
#12599 = ORIENTED_EDGE('',*,*,#4150,.F.);
#12600 = ADVANCED_FACE('',(#12601),#4206,.F.);
#12601 = FACE_BOUND('',#12602,.F.);
#12602 = EDGE_LOOP('',(#12603,#12624,#12625,#12626));
#12603 = ORIENTED_EDGE('',*,*,#12604,.T.);
#12604 = EDGE_CURVE('',#4186,#8589,#12605,.T.);
#12605 = SEAM_CURVE('',#12606,(#12610,#12617),.PCURVE_S1.);
#12606 = LINE('',#12607,#12608);
#12607 = CARTESIAN_POINT('',(54.8452,-49.9893,9.E-03));
#12608 = VECTOR('',#12609,1.);
#12609 = DIRECTION('',(0.,0.,1.));
#12610 = PCURVE('',#4206,#12611);
#12611 = DEFINITIONAL_REPRESENTATION('',(#12612),#12616);
#12612 = LINE('',#12613,#12614);
#12613 = CARTESIAN_POINT('',(0.,0.));
#12614 = VECTOR('',#12615,1.);
#12615 = DIRECTION('',(0.,-1.));
#12616 = ( GEOMETRIC_REPRESENTATION_CONTEXT(2) 
PARAMETRIC_REPRESENTATION_CONTEXT() REPRESENTATION_CONTEXT('2D SPACE',''
  ) );
#12617 = PCURVE('',#4206,#12618);
#12618 = DEFINITIONAL_REPRESENTATION('',(#12619),#12623);
#12619 = LINE('',#12620,#12621);
#12620 = CARTESIAN_POINT('',(6.28318530718,0.));
#12621 = VECTOR('',#12622,1.);
#12622 = DIRECTION('',(0.,-1.));
#12623 = ( GEOMETRIC_REPRESENTATION_CONTEXT(2) 
PARAMETRIC_REPRESENTATION_CONTEXT() REPRESENTATION_CONTEXT('2D SPACE',''
  ) );
#12624 = ORIENTED_EDGE('',*,*,#8588,.T.);
#12625 = ORIENTED_EDGE('',*,*,#12604,.F.);
#12626 = ORIENTED_EDGE('',*,*,#4185,.F.);
#12627 = ADVANCED_FACE('',(#12628),#4241,.F.);
#12628 = FACE_BOUND('',#12629,.F.);
#12629 = EDGE_LOOP('',(#12630,#12651,#12652,#12653));
#12630 = ORIENTED_EDGE('',*,*,#12631,.T.);
#12631 = EDGE_CURVE('',#4221,#8619,#12632,.T.);
#12632 = SEAM_CURVE('',#12633,(#12637,#12644),.PCURVE_S1.);
#12633 = LINE('',#12634,#12635);
#12634 = CARTESIAN_POINT('',(52.1372,-38.9893,9.E-03));
#12635 = VECTOR('',#12636,1.);
#12636 = DIRECTION('',(0.,0.,1.));
#12637 = PCURVE('',#4241,#12638);
#12638 = DEFINITIONAL_REPRESENTATION('',(#12639),#12643);
#12639 = LINE('',#12640,#12641);
#12640 = CARTESIAN_POINT('',(0.,0.));
#12641 = VECTOR('',#12642,1.);
#12642 = DIRECTION('',(0.,-1.));
#12643 = ( GEOMETRIC_REPRESENTATION_CONTEXT(2) 
PARAMETRIC_REPRESENTATION_CONTEXT() REPRESENTATION_CONTEXT('2D SPACE',''
  ) );
#12644 = PCURVE('',#4241,#12645);
#12645 = DEFINITIONAL_REPRESENTATION('',(#12646),#12650);
#12646 = LINE('',#12647,#12648);
#12647 = CARTESIAN_POINT('',(6.28318530718,0.));
#12648 = VECTOR('',#12649,1.);
#12649 = DIRECTION('',(0.,-1.));
#12650 = ( GEOMETRIC_REPRESENTATION_CONTEXT(2) 
PARAMETRIC_REPRESENTATION_CONTEXT() REPRESENTATION_CONTEXT('2D SPACE',''
  ) );
#12651 = ORIENTED_EDGE('',*,*,#8618,.T.);
#12652 = ORIENTED_EDGE('',*,*,#12631,.F.);
#12653 = ORIENTED_EDGE('',*,*,#4220,.F.);
#12654 = ADVANCED_FACE('',(#12655),#4276,.F.);
#12655 = FACE_BOUND('',#12656,.F.);
#12656 = EDGE_LOOP('',(#12657,#12678,#12679,#12680));
#12657 = ORIENTED_EDGE('',*,*,#12658,.T.);
#12658 = EDGE_CURVE('',#4256,#8649,#12659,.T.);
#12659 = SEAM_CURVE('',#12660,(#12664,#12671),.PCURVE_S1.);
#12660 = LINE('',#12661,#12662);
#12661 = CARTESIAN_POINT('',(54.1825,-41.193,9.E-03));
#12662 = VECTOR('',#12663,1.);
#12663 = DIRECTION('',(0.,0.,1.));
#12664 = PCURVE('',#4276,#12665);
#12665 = DEFINITIONAL_REPRESENTATION('',(#12666),#12670);
#12666 = LINE('',#12667,#12668);
#12667 = CARTESIAN_POINT('',(0.,0.));
#12668 = VECTOR('',#12669,1.);
#12669 = DIRECTION('',(0.,-1.));
#12670 = ( GEOMETRIC_REPRESENTATION_CONTEXT(2) 
PARAMETRIC_REPRESENTATION_CONTEXT() REPRESENTATION_CONTEXT('2D SPACE',''
  ) );
#12671 = PCURVE('',#4276,#12672);
#12672 = DEFINITIONAL_REPRESENTATION('',(#12673),#12677);
#12673 = LINE('',#12674,#12675);
#12674 = CARTESIAN_POINT('',(6.28318530718,0.));
#12675 = VECTOR('',#12676,1.);
#12676 = DIRECTION('',(0.,-1.));
#12677 = ( GEOMETRIC_REPRESENTATION_CONTEXT(2) 
PARAMETRIC_REPRESENTATION_CONTEXT() REPRESENTATION_CONTEXT('2D SPACE',''
  ) );
#12678 = ORIENTED_EDGE('',*,*,#8648,.T.);
#12679 = ORIENTED_EDGE('',*,*,#12658,.F.);
#12680 = ORIENTED_EDGE('',*,*,#4255,.F.);
#12681 = ADVANCED_FACE('',(#12682),#4311,.F.);
#12682 = FACE_BOUND('',#12683,.F.);
#12683 = EDGE_LOOP('',(#12684,#12705,#12706,#12707));
#12684 = ORIENTED_EDGE('',*,*,#12685,.T.);
#12685 = EDGE_CURVE('',#4291,#8679,#12686,.T.);
#12686 = SEAM_CURVE('',#12687,(#12691,#12698),.PCURVE_S1.);
#12687 = LINE('',#12688,#12689);
#12688 = CARTESIAN_POINT('',(32.662,-36.2577,9.E-03));
#12689 = VECTOR('',#12690,1.);
#12690 = DIRECTION('',(0.,0.,1.));
#12691 = PCURVE('',#4311,#12692);
#12692 = DEFINITIONAL_REPRESENTATION('',(#12693),#12697);
#12693 = LINE('',#12694,#12695);
#12694 = CARTESIAN_POINT('',(0.,0.));
#12695 = VECTOR('',#12696,1.);
#12696 = DIRECTION('',(0.,-1.));
#12697 = ( GEOMETRIC_REPRESENTATION_CONTEXT(2) 
PARAMETRIC_REPRESENTATION_CONTEXT() REPRESENTATION_CONTEXT('2D SPACE',''
  ) );
#12698 = PCURVE('',#4311,#12699);
#12699 = DEFINITIONAL_REPRESENTATION('',(#12700),#12704);
#12700 = LINE('',#12701,#12702);
#12701 = CARTESIAN_POINT('',(6.28318530718,0.));
#12702 = VECTOR('',#12703,1.);
#12703 = DIRECTION('',(0.,-1.));
#12704 = ( GEOMETRIC_REPRESENTATION_CONTEXT(2) 
PARAMETRIC_REPRESENTATION_CONTEXT() REPRESENTATION_CONTEXT('2D SPACE',''
  ) );
#12705 = ORIENTED_EDGE('',*,*,#8678,.T.);
#12706 = ORIENTED_EDGE('',*,*,#12685,.F.);
#12707 = ORIENTED_EDGE('',*,*,#4290,.F.);
#12708 = ADVANCED_FACE('',(#12709),#4346,.F.);
#12709 = FACE_BOUND('',#12710,.F.);
#12710 = EDGE_LOOP('',(#12711,#12732,#12733,#12734));
#12711 = ORIENTED_EDGE('',*,*,#12712,.T.);
#12712 = EDGE_CURVE('',#4326,#8709,#12713,.T.);
#12713 = SEAM_CURVE('',#12714,(#12718,#12725),.PCURVE_S1.);
#12714 = LINE('',#12715,#12716);
#12715 = CARTESIAN_POINT('',(32.67,-35.4652,9.E-03));
#12716 = VECTOR('',#12717,1.);
#12717 = DIRECTION('',(0.,0.,1.));
#12718 = PCURVE('',#4346,#12719);
#12719 = DEFINITIONAL_REPRESENTATION('',(#12720),#12724);
#12720 = LINE('',#12721,#12722);
#12721 = CARTESIAN_POINT('',(0.,0.));
#12722 = VECTOR('',#12723,1.);
#12723 = DIRECTION('',(0.,-1.));
#12724 = ( GEOMETRIC_REPRESENTATION_CONTEXT(2) 
PARAMETRIC_REPRESENTATION_CONTEXT() REPRESENTATION_CONTEXT('2D SPACE',''
  ) );
#12725 = PCURVE('',#4346,#12726);
#12726 = DEFINITIONAL_REPRESENTATION('',(#12727),#12731);
#12727 = LINE('',#12728,#12729);
#12728 = CARTESIAN_POINT('',(6.28318530718,0.));
#12729 = VECTOR('',#12730,1.);
#12730 = DIRECTION('',(0.,-1.));
#12731 = ( GEOMETRIC_REPRESENTATION_CONTEXT(2) 
PARAMETRIC_REPRESENTATION_CONTEXT() REPRESENTATION_CONTEXT('2D SPACE',''
  ) );
#12732 = ORIENTED_EDGE('',*,*,#8708,.T.);
#12733 = ORIENTED_EDGE('',*,*,#12712,.F.);
#12734 = ORIENTED_EDGE('',*,*,#4325,.F.);
#12735 = ADVANCED_FACE('',(#12736),#4381,.F.);
#12736 = FACE_BOUND('',#12737,.F.);
#12737 = EDGE_LOOP('',(#12738,#12759,#12760,#12761));
#12738 = ORIENTED_EDGE('',*,*,#12739,.T.);
#12739 = EDGE_CURVE('',#4361,#8739,#12740,.T.);
#12740 = SEAM_CURVE('',#12741,(#12745,#12752),.PCURVE_S1.);
#12741 = LINE('',#12742,#12743);
#12742 = CARTESIAN_POINT('',(32.6687,-32.3013,9.E-03));
#12743 = VECTOR('',#12744,1.);
#12744 = DIRECTION('',(0.,0.,1.));
#12745 = PCURVE('',#4381,#12746);
#12746 = DEFINITIONAL_REPRESENTATION('',(#12747),#12751);
#12747 = LINE('',#12748,#12749);
#12748 = CARTESIAN_POINT('',(0.,0.));
#12749 = VECTOR('',#12750,1.);
#12750 = DIRECTION('',(0.,-1.));
#12751 = ( GEOMETRIC_REPRESENTATION_CONTEXT(2) 
PARAMETRIC_REPRESENTATION_CONTEXT() REPRESENTATION_CONTEXT('2D SPACE',''
  ) );
#12752 = PCURVE('',#4381,#12753);
#12753 = DEFINITIONAL_REPRESENTATION('',(#12754),#12758);
#12754 = LINE('',#12755,#12756);
#12755 = CARTESIAN_POINT('',(6.28318530718,0.));
#12756 = VECTOR('',#12757,1.);
#12757 = DIRECTION('',(0.,-1.));
#12758 = ( GEOMETRIC_REPRESENTATION_CONTEXT(2) 
PARAMETRIC_REPRESENTATION_CONTEXT() REPRESENTATION_CONTEXT('2D SPACE',''
  ) );
#12759 = ORIENTED_EDGE('',*,*,#8738,.T.);
#12760 = ORIENTED_EDGE('',*,*,#12739,.F.);
#12761 = ORIENTED_EDGE('',*,*,#4360,.F.);
#12762 = ADVANCED_FACE('',(#12763),#4416,.F.);
#12763 = FACE_BOUND('',#12764,.F.);
#12764 = EDGE_LOOP('',(#12765,#12786,#12787,#12788));
#12765 = ORIENTED_EDGE('',*,*,#12766,.T.);
#12766 = EDGE_CURVE('',#4396,#8769,#12767,.T.);
#12767 = SEAM_CURVE('',#12768,(#12772,#12779),.PCURVE_S1.);
#12768 = LINE('',#12769,#12770);
#12769 = CARTESIAN_POINT('',(35.8586,-31.2325,9.E-03));
#12770 = VECTOR('',#12771,1.);
#12771 = DIRECTION('',(0.,0.,1.));
#12772 = PCURVE('',#4416,#12773);
#12773 = DEFINITIONAL_REPRESENTATION('',(#12774),#12778);
#12774 = LINE('',#12775,#12776);
#12775 = CARTESIAN_POINT('',(0.,0.));
#12776 = VECTOR('',#12777,1.);
#12777 = DIRECTION('',(0.,-1.));
#12778 = ( GEOMETRIC_REPRESENTATION_CONTEXT(2) 
PARAMETRIC_REPRESENTATION_CONTEXT() REPRESENTATION_CONTEXT('2D SPACE',''
  ) );
#12779 = PCURVE('',#4416,#12780);
#12780 = DEFINITIONAL_REPRESENTATION('',(#12781),#12785);
#12781 = LINE('',#12782,#12783);
#12782 = CARTESIAN_POINT('',(6.28318530718,0.));
#12783 = VECTOR('',#12784,1.);
#12784 = DIRECTION('',(0.,-1.));
#12785 = ( GEOMETRIC_REPRESENTATION_CONTEXT(2) 
PARAMETRIC_REPRESENTATION_CONTEXT() REPRESENTATION_CONTEXT('2D SPACE',''
  ) );
#12786 = ORIENTED_EDGE('',*,*,#8768,.T.);
#12787 = ORIENTED_EDGE('',*,*,#12766,.F.);
#12788 = ORIENTED_EDGE('',*,*,#4395,.F.);
#12789 = ADVANCED_FACE('',(#12790),#4451,.F.);
#12790 = FACE_BOUND('',#12791,.F.);
#12791 = EDGE_LOOP('',(#12792,#12813,#12814,#12815));
#12792 = ORIENTED_EDGE('',*,*,#12793,.T.);
#12793 = EDGE_CURVE('',#4431,#8799,#12794,.T.);
#12794 = SEAM_CURVE('',#12795,(#12799,#12806),.PCURVE_S1.);
#12795 = LINE('',#12796,#12797);
#12796 = CARTESIAN_POINT('',(41.4176,-36.6824,9.E-03));
#12797 = VECTOR('',#12798,1.);
#12798 = DIRECTION('',(0.,0.,1.));
#12799 = PCURVE('',#4451,#12800);
#12800 = DEFINITIONAL_REPRESENTATION('',(#12801),#12805);
#12801 = LINE('',#12802,#12803);
#12802 = CARTESIAN_POINT('',(0.,0.));
#12803 = VECTOR('',#12804,1.);
#12804 = DIRECTION('',(0.,-1.));
#12805 = ( GEOMETRIC_REPRESENTATION_CONTEXT(2) 
PARAMETRIC_REPRESENTATION_CONTEXT() REPRESENTATION_CONTEXT('2D SPACE',''
  ) );
#12806 = PCURVE('',#4451,#12807);
#12807 = DEFINITIONAL_REPRESENTATION('',(#12808),#12812);
#12808 = LINE('',#12809,#12810);
#12809 = CARTESIAN_POINT('',(6.28318530718,0.));
#12810 = VECTOR('',#12811,1.);
#12811 = DIRECTION('',(0.,-1.));
#12812 = ( GEOMETRIC_REPRESENTATION_CONTEXT(2) 
PARAMETRIC_REPRESENTATION_CONTEXT() REPRESENTATION_CONTEXT('2D SPACE',''
  ) );
#12813 = ORIENTED_EDGE('',*,*,#8798,.T.);
#12814 = ORIENTED_EDGE('',*,*,#12793,.F.);
#12815 = ORIENTED_EDGE('',*,*,#4430,.F.);
#12816 = ADVANCED_FACE('',(#12817),#4486,.F.);
#12817 = FACE_BOUND('',#12818,.F.);
#12818 = EDGE_LOOP('',(#12819,#12840,#12841,#12842));
#12819 = ORIENTED_EDGE('',*,*,#12820,.T.);
#12820 = EDGE_CURVE('',#4466,#8829,#12821,.T.);
#12821 = SEAM_CURVE('',#12822,(#12826,#12833),.PCURVE_S1.);
#12822 = LINE('',#12823,#12824);
#12823 = CARTESIAN_POINT('',(38.8167,-32.2,9.E-03));
#12824 = VECTOR('',#12825,1.);
#12825 = DIRECTION('',(0.,0.,1.));
#12826 = PCURVE('',#4486,#12827);
#12827 = DEFINITIONAL_REPRESENTATION('',(#12828),#12832);
#12828 = LINE('',#12829,#12830);
#12829 = CARTESIAN_POINT('',(0.,0.));
#12830 = VECTOR('',#12831,1.);
#12831 = DIRECTION('',(0.,-1.));
#12832 = ( GEOMETRIC_REPRESENTATION_CONTEXT(2) 
PARAMETRIC_REPRESENTATION_CONTEXT() REPRESENTATION_CONTEXT('2D SPACE',''
  ) );
#12833 = PCURVE('',#4486,#12834);
#12834 = DEFINITIONAL_REPRESENTATION('',(#12835),#12839);
#12835 = LINE('',#12836,#12837);
#12836 = CARTESIAN_POINT('',(6.28318530718,0.));
#12837 = VECTOR('',#12838,1.);
#12838 = DIRECTION('',(0.,-1.));
#12839 = ( GEOMETRIC_REPRESENTATION_CONTEXT(2) 
PARAMETRIC_REPRESENTATION_CONTEXT() REPRESENTATION_CONTEXT('2D SPACE',''
  ) );
#12840 = ORIENTED_EDGE('',*,*,#8828,.T.);
#12841 = ORIENTED_EDGE('',*,*,#12820,.F.);
#12842 = ORIENTED_EDGE('',*,*,#4465,.F.);
#12843 = ADVANCED_FACE('',(#12844),#4521,.F.);
#12844 = FACE_BOUND('',#12845,.F.);
#12845 = EDGE_LOOP('',(#12846,#12867,#12868,#12869));
#12846 = ORIENTED_EDGE('',*,*,#12847,.T.);
#12847 = EDGE_CURVE('',#4501,#8859,#12848,.T.);
#12848 = SEAM_CURVE('',#12849,(#12853,#12860),.PCURVE_S1.);
#12849 = LINE('',#12850,#12851);
#12850 = CARTESIAN_POINT('',(34.8679,-22.3312,9.E-03));
#12851 = VECTOR('',#12852,1.);
#12852 = DIRECTION('',(0.,0.,1.));
#12853 = PCURVE('',#4521,#12854);
#12854 = DEFINITIONAL_REPRESENTATION('',(#12855),#12859);
#12855 = LINE('',#12856,#12857);
#12856 = CARTESIAN_POINT('',(0.,0.));
#12857 = VECTOR('',#12858,1.);
#12858 = DIRECTION('',(0.,-1.));
#12859 = ( GEOMETRIC_REPRESENTATION_CONTEXT(2) 
PARAMETRIC_REPRESENTATION_CONTEXT() REPRESENTATION_CONTEXT('2D SPACE',''
  ) );
#12860 = PCURVE('',#4521,#12861);
#12861 = DEFINITIONAL_REPRESENTATION('',(#12862),#12866);
#12862 = LINE('',#12863,#12864);
#12863 = CARTESIAN_POINT('',(6.28318530718,0.));
#12864 = VECTOR('',#12865,1.);
#12865 = DIRECTION('',(0.,-1.));
#12866 = ( GEOMETRIC_REPRESENTATION_CONTEXT(2) 
PARAMETRIC_REPRESENTATION_CONTEXT() REPRESENTATION_CONTEXT('2D SPACE',''
  ) );
#12867 = ORIENTED_EDGE('',*,*,#8858,.T.);
#12868 = ORIENTED_EDGE('',*,*,#12847,.F.);
#12869 = ORIENTED_EDGE('',*,*,#4500,.F.);
#12870 = ADVANCED_FACE('',(#12871),#4556,.F.);
#12871 = FACE_BOUND('',#12872,.F.);
#12872 = EDGE_LOOP('',(#12873,#12894,#12895,#12896));
#12873 = ORIENTED_EDGE('',*,*,#12874,.T.);
#12874 = EDGE_CURVE('',#4536,#8889,#12875,.T.);
#12875 = SEAM_CURVE('',#12876,(#12880,#12887),.PCURVE_S1.);
#12876 = LINE('',#12877,#12878);
#12877 = CARTESIAN_POINT('',(36.7825,-21.5003,9.E-03));
#12878 = VECTOR('',#12879,1.);
#12879 = DIRECTION('',(0.,0.,1.));
#12880 = PCURVE('',#4556,#12881);
#12881 = DEFINITIONAL_REPRESENTATION('',(#12882),#12886);
#12882 = LINE('',#12883,#12884);
#12883 = CARTESIAN_POINT('',(0.,0.));
#12884 = VECTOR('',#12885,1.);
#12885 = DIRECTION('',(0.,-1.));
#12886 = ( GEOMETRIC_REPRESENTATION_CONTEXT(2) 
PARAMETRIC_REPRESENTATION_CONTEXT() REPRESENTATION_CONTEXT('2D SPACE',''
  ) );
#12887 = PCURVE('',#4556,#12888);
#12888 = DEFINITIONAL_REPRESENTATION('',(#12889),#12893);
#12889 = LINE('',#12890,#12891);
#12890 = CARTESIAN_POINT('',(6.28318530718,0.));
#12891 = VECTOR('',#12892,1.);
#12892 = DIRECTION('',(0.,-1.));
#12893 = ( GEOMETRIC_REPRESENTATION_CONTEXT(2) 
PARAMETRIC_REPRESENTATION_CONTEXT() REPRESENTATION_CONTEXT('2D SPACE',''
  ) );
#12894 = ORIENTED_EDGE('',*,*,#8888,.T.);
#12895 = ORIENTED_EDGE('',*,*,#12874,.F.);
#12896 = ORIENTED_EDGE('',*,*,#4535,.F.);
#12897 = ADVANCED_FACE('',(#12898),#4591,.F.);
#12898 = FACE_BOUND('',#12899,.F.);
#12899 = EDGE_LOOP('',(#12900,#12921,#12922,#12923));
#12900 = ORIENTED_EDGE('',*,*,#12901,.T.);
#12901 = EDGE_CURVE('',#4571,#8919,#12902,.T.);
#12902 = SEAM_CURVE('',#12903,(#12907,#12914),.PCURVE_S1.);
#12903 = LINE('',#12904,#12905);
#12904 = CARTESIAN_POINT('',(38.2328,-23.8095,9.E-03));
#12905 = VECTOR('',#12906,1.);
#12906 = DIRECTION('',(0.,0.,1.));
#12907 = PCURVE('',#4591,#12908);
#12908 = DEFINITIONAL_REPRESENTATION('',(#12909),#12913);
#12909 = LINE('',#12910,#12911);
#12910 = CARTESIAN_POINT('',(0.,0.));
#12911 = VECTOR('',#12912,1.);
#12912 = DIRECTION('',(0.,-1.));
#12913 = ( GEOMETRIC_REPRESENTATION_CONTEXT(2) 
PARAMETRIC_REPRESENTATION_CONTEXT() REPRESENTATION_CONTEXT('2D SPACE',''
  ) );
#12914 = PCURVE('',#4591,#12915);
#12915 = DEFINITIONAL_REPRESENTATION('',(#12916),#12920);
#12916 = LINE('',#12917,#12918);
#12917 = CARTESIAN_POINT('',(6.28318530718,0.));
#12918 = VECTOR('',#12919,1.);
#12919 = DIRECTION('',(0.,-1.));
#12920 = ( GEOMETRIC_REPRESENTATION_CONTEXT(2) 
PARAMETRIC_REPRESENTATION_CONTEXT() REPRESENTATION_CONTEXT('2D SPACE',''
  ) );
#12921 = ORIENTED_EDGE('',*,*,#8918,.T.);
#12922 = ORIENTED_EDGE('',*,*,#12901,.F.);
#12923 = ORIENTED_EDGE('',*,*,#4570,.F.);
#12924 = ADVANCED_FACE('',(#12925),#4626,.F.);
#12925 = FACE_BOUND('',#12926,.F.);
#12926 = EDGE_LOOP('',(#12927,#12948,#12949,#12950));
#12927 = ORIENTED_EDGE('',*,*,#12928,.T.);
#12928 = EDGE_CURVE('',#4606,#8949,#12929,.T.);
#12929 = SEAM_CURVE('',#12930,(#12934,#12941),.PCURVE_S1.);
#12930 = LINE('',#12931,#12932);
#12931 = CARTESIAN_POINT('',(40.2055,-26.6213,9.E-03));
#12932 = VECTOR('',#12933,1.);
#12933 = DIRECTION('',(0.,0.,1.));
#12934 = PCURVE('',#4626,#12935);
#12935 = DEFINITIONAL_REPRESENTATION('',(#12936),#12940);
#12936 = LINE('',#12937,#12938);
#12937 = CARTESIAN_POINT('',(0.,0.));
#12938 = VECTOR('',#12939,1.);
#12939 = DIRECTION('',(0.,-1.));
#12940 = ( GEOMETRIC_REPRESENTATION_CONTEXT(2) 
PARAMETRIC_REPRESENTATION_CONTEXT() REPRESENTATION_CONTEXT('2D SPACE',''
  ) );
#12941 = PCURVE('',#4626,#12942);
#12942 = DEFINITIONAL_REPRESENTATION('',(#12943),#12947);
#12943 = LINE('',#12944,#12945);
#12944 = CARTESIAN_POINT('',(6.28318530718,0.));
#12945 = VECTOR('',#12946,1.);
#12946 = DIRECTION('',(0.,-1.));
#12947 = ( GEOMETRIC_REPRESENTATION_CONTEXT(2) 
PARAMETRIC_REPRESENTATION_CONTEXT() REPRESENTATION_CONTEXT('2D SPACE',''
  ) );
#12948 = ORIENTED_EDGE('',*,*,#8948,.T.);
#12949 = ORIENTED_EDGE('',*,*,#12928,.F.);
#12950 = ORIENTED_EDGE('',*,*,#4605,.F.);
#12951 = ADVANCED_FACE('',(#12952),#4661,.F.);
#12952 = FACE_BOUND('',#12953,.F.);
#12953 = EDGE_LOOP('',(#12954,#12975,#12976,#12977));
#12954 = ORIENTED_EDGE('',*,*,#12955,.T.);
#12955 = EDGE_CURVE('',#4641,#8979,#12956,.T.);
#12956 = SEAM_CURVE('',#12957,(#12961,#12968),.PCURVE_S1.);
#12957 = LINE('',#12958,#12959);
#12958 = CARTESIAN_POINT('',(41.,-26.6176,9.E-03));
#12959 = VECTOR('',#12960,1.);
#12960 = DIRECTION('',(0.,0.,1.));
#12961 = PCURVE('',#4661,#12962);
#12962 = DEFINITIONAL_REPRESENTATION('',(#12963),#12967);
#12963 = LINE('',#12964,#12965);
#12964 = CARTESIAN_POINT('',(0.,0.));
#12965 = VECTOR('',#12966,1.);
#12966 = DIRECTION('',(0.,-1.));
#12967 = ( GEOMETRIC_REPRESENTATION_CONTEXT(2) 
PARAMETRIC_REPRESENTATION_CONTEXT() REPRESENTATION_CONTEXT('2D SPACE',''
  ) );
#12968 = PCURVE('',#4661,#12969);
#12969 = DEFINITIONAL_REPRESENTATION('',(#12970),#12974);
#12970 = LINE('',#12971,#12972);
#12971 = CARTESIAN_POINT('',(6.28318530718,0.));
#12972 = VECTOR('',#12973,1.);
#12973 = DIRECTION('',(0.,-1.));
#12974 = ( GEOMETRIC_REPRESENTATION_CONTEXT(2) 
PARAMETRIC_REPRESENTATION_CONTEXT() REPRESENTATION_CONTEXT('2D SPACE',''
  ) );
#12975 = ORIENTED_EDGE('',*,*,#8978,.T.);
#12976 = ORIENTED_EDGE('',*,*,#12955,.F.);
#12977 = ORIENTED_EDGE('',*,*,#4640,.F.);
#12978 = ADVANCED_FACE('',(#12979),#4696,.F.);
#12979 = FACE_BOUND('',#12980,.F.);
#12980 = EDGE_LOOP('',(#12981,#13002,#13003,#13004));
#12981 = ORIENTED_EDGE('',*,*,#12982,.T.);
#12982 = EDGE_CURVE('',#4676,#9009,#12983,.T.);
#12983 = SEAM_CURVE('',#12984,(#12988,#12995),.PCURVE_S1.);
#12984 = LINE('',#12985,#12986);
#12985 = CARTESIAN_POINT('',(42.3996,-26.6021,9.E-03));
#12986 = VECTOR('',#12987,1.);
#12987 = DIRECTION('',(0.,0.,1.));
#12988 = PCURVE('',#4696,#12989);
#12989 = DEFINITIONAL_REPRESENTATION('',(#12990),#12994);
#12990 = LINE('',#12991,#12992);
#12991 = CARTESIAN_POINT('',(0.,0.));
#12992 = VECTOR('',#12993,1.);
#12993 = DIRECTION('',(0.,-1.));
#12994 = ( GEOMETRIC_REPRESENTATION_CONTEXT(2) 
PARAMETRIC_REPRESENTATION_CONTEXT() REPRESENTATION_CONTEXT('2D SPACE',''
  ) );
#12995 = PCURVE('',#4696,#12996);
#12996 = DEFINITIONAL_REPRESENTATION('',(#12997),#13001);
#12997 = LINE('',#12998,#12999);
#12998 = CARTESIAN_POINT('',(6.28318530718,0.));
#12999 = VECTOR('',#13000,1.);
#13000 = DIRECTION('',(0.,-1.));
#13001 = ( GEOMETRIC_REPRESENTATION_CONTEXT(2) 
PARAMETRIC_REPRESENTATION_CONTEXT() REPRESENTATION_CONTEXT('2D SPACE',''
  ) );
#13002 = ORIENTED_EDGE('',*,*,#9008,.T.);
#13003 = ORIENTED_EDGE('',*,*,#12982,.F.);
#13004 = ORIENTED_EDGE('',*,*,#4675,.F.);
#13005 = ADVANCED_FACE('',(#13006),#4731,.F.);
#13006 = FACE_BOUND('',#13007,.F.);
#13007 = EDGE_LOOP('',(#13008,#13029,#13030,#13031));
#13008 = ORIENTED_EDGE('',*,*,#13009,.T.);
#13009 = EDGE_CURVE('',#4711,#9039,#13010,.T.);
#13010 = SEAM_CURVE('',#13011,(#13015,#13022),.PCURVE_S1.);
#13011 = LINE('',#13012,#13013);
#13012 = CARTESIAN_POINT('',(37.5606,-21.5336,9.E-03));
#13013 = VECTOR('',#13014,1.);
#13014 = DIRECTION('',(0.,0.,1.));
#13015 = PCURVE('',#4731,#13016);
#13016 = DEFINITIONAL_REPRESENTATION('',(#13017),#13021);
#13017 = LINE('',#13018,#13019);
#13018 = CARTESIAN_POINT('',(0.,0.));
#13019 = VECTOR('',#13020,1.);
#13020 = DIRECTION('',(0.,-1.));
#13021 = ( GEOMETRIC_REPRESENTATION_CONTEXT(2) 
PARAMETRIC_REPRESENTATION_CONTEXT() REPRESENTATION_CONTEXT('2D SPACE',''
  ) );
#13022 = PCURVE('',#4731,#13023);
#13023 = DEFINITIONAL_REPRESENTATION('',(#13024),#13028);
#13024 = LINE('',#13025,#13026);
#13025 = CARTESIAN_POINT('',(6.28318530718,0.));
#13026 = VECTOR('',#13027,1.);
#13027 = DIRECTION('',(0.,-1.));
#13028 = ( GEOMETRIC_REPRESENTATION_CONTEXT(2) 
PARAMETRIC_REPRESENTATION_CONTEXT() REPRESENTATION_CONTEXT('2D SPACE',''
  ) );
#13029 = ORIENTED_EDGE('',*,*,#9038,.T.);
#13030 = ORIENTED_EDGE('',*,*,#13009,.F.);
#13031 = ORIENTED_EDGE('',*,*,#4710,.F.);
#13032 = ADVANCED_FACE('',(#13033),#4766,.F.);
#13033 = FACE_BOUND('',#13034,.F.);
#13034 = EDGE_LOOP('',(#13035,#13056,#13057,#13058));
#13035 = ORIENTED_EDGE('',*,*,#13036,.T.);
#13036 = EDGE_CURVE('',#4746,#9069,#13037,.T.);
#13037 = SEAM_CURVE('',#13038,(#13042,#13049),.PCURVE_S1.);
#13038 = LINE('',#13039,#13040);
#13039 = CARTESIAN_POINT('',(41.8419,-21.6158,9.E-03));
#13040 = VECTOR('',#13041,1.);
#13041 = DIRECTION('',(0.,0.,1.));
#13042 = PCURVE('',#4766,#13043);
#13043 = DEFINITIONAL_REPRESENTATION('',(#13044),#13048);
#13044 = LINE('',#13045,#13046);
#13045 = CARTESIAN_POINT('',(0.,0.));
#13046 = VECTOR('',#13047,1.);
#13047 = DIRECTION('',(0.,-1.));
#13048 = ( GEOMETRIC_REPRESENTATION_CONTEXT(2) 
PARAMETRIC_REPRESENTATION_CONTEXT() REPRESENTATION_CONTEXT('2D SPACE',''
  ) );
#13049 = PCURVE('',#4766,#13050);
#13050 = DEFINITIONAL_REPRESENTATION('',(#13051),#13055);
#13051 = LINE('',#13052,#13053);
#13052 = CARTESIAN_POINT('',(6.28318530718,0.));
#13053 = VECTOR('',#13054,1.);
#13054 = DIRECTION('',(0.,-1.));
#13055 = ( GEOMETRIC_REPRESENTATION_CONTEXT(2) 
PARAMETRIC_REPRESENTATION_CONTEXT() REPRESENTATION_CONTEXT('2D SPACE',''
  ) );
#13056 = ORIENTED_EDGE('',*,*,#9068,.T.);
#13057 = ORIENTED_EDGE('',*,*,#13036,.F.);
#13058 = ORIENTED_EDGE('',*,*,#4745,.F.);
#13059 = ADVANCED_FACE('',(#13060),#4801,.F.);
#13060 = FACE_BOUND('',#13061,.F.);
#13061 = EDGE_LOOP('',(#13062,#13083,#13084,#13085));
#13062 = ORIENTED_EDGE('',*,*,#13063,.T.);
#13063 = EDGE_CURVE('',#4781,#9099,#13064,.T.);
#13064 = SEAM_CURVE('',#13065,(#13069,#13076),.PCURVE_S1.);
#13065 = LINE('',#13066,#13067);
#13066 = CARTESIAN_POINT('',(44.,-31.2378,9.E-03));
#13067 = VECTOR('',#13068,1.);
#13068 = DIRECTION('',(0.,0.,1.));
#13069 = PCURVE('',#4801,#13070);
#13070 = DEFINITIONAL_REPRESENTATION('',(#13071),#13075);
#13071 = LINE('',#13072,#13073);
#13072 = CARTESIAN_POINT('',(0.,0.));
#13073 = VECTOR('',#13074,1.);
#13074 = DIRECTION('',(0.,-1.));
#13075 = ( GEOMETRIC_REPRESENTATION_CONTEXT(2) 
PARAMETRIC_REPRESENTATION_CONTEXT() REPRESENTATION_CONTEXT('2D SPACE',''
  ) );
#13076 = PCURVE('',#4801,#13077);
#13077 = DEFINITIONAL_REPRESENTATION('',(#13078),#13082);
#13078 = LINE('',#13079,#13080);
#13079 = CARTESIAN_POINT('',(6.28318530718,0.));
#13080 = VECTOR('',#13081,1.);
#13081 = DIRECTION('',(0.,-1.));
#13082 = ( GEOMETRIC_REPRESENTATION_CONTEXT(2) 
PARAMETRIC_REPRESENTATION_CONTEXT() REPRESENTATION_CONTEXT('2D SPACE',''
  ) );
#13083 = ORIENTED_EDGE('',*,*,#9098,.T.);
#13084 = ORIENTED_EDGE('',*,*,#13063,.F.);
#13085 = ORIENTED_EDGE('',*,*,#4780,.F.);
#13086 = ADVANCED_FACE('',(#13087),#4836,.F.);
#13087 = FACE_BOUND('',#13088,.F.);
#13088 = EDGE_LOOP('',(#13089,#13110,#13111,#13112));
#13089 = ORIENTED_EDGE('',*,*,#13090,.T.);
#13090 = EDGE_CURVE('',#4816,#9129,#13091,.T.);
#13091 = SEAM_CURVE('',#13092,(#13096,#13103),.PCURVE_S1.);
#13092 = LINE('',#13093,#13094);
#13093 = CARTESIAN_POINT('',(46.6424,-31.828,9.E-03));
#13094 = VECTOR('',#13095,1.);
#13095 = DIRECTION('',(0.,0.,1.));
#13096 = PCURVE('',#4836,#13097);
#13097 = DEFINITIONAL_REPRESENTATION('',(#13098),#13102);
#13098 = LINE('',#13099,#13100);
#13099 = CARTESIAN_POINT('',(0.,0.));
#13100 = VECTOR('',#13101,1.);
#13101 = DIRECTION('',(0.,-1.));
#13102 = ( GEOMETRIC_REPRESENTATION_CONTEXT(2) 
PARAMETRIC_REPRESENTATION_CONTEXT() REPRESENTATION_CONTEXT('2D SPACE',''
  ) );
#13103 = PCURVE('',#4836,#13104);
#13104 = DEFINITIONAL_REPRESENTATION('',(#13105),#13109);
#13105 = LINE('',#13106,#13107);
#13106 = CARTESIAN_POINT('',(6.28318530718,0.));
#13107 = VECTOR('',#13108,1.);
#13108 = DIRECTION('',(0.,-1.));
#13109 = ( GEOMETRIC_REPRESENTATION_CONTEXT(2) 
PARAMETRIC_REPRESENTATION_CONTEXT() REPRESENTATION_CONTEXT('2D SPACE',''
  ) );
#13110 = ORIENTED_EDGE('',*,*,#9128,.T.);
#13111 = ORIENTED_EDGE('',*,*,#13090,.F.);
#13112 = ORIENTED_EDGE('',*,*,#4815,.F.);
#13113 = ADVANCED_FACE('',(#13114),#4871,.F.);
#13114 = FACE_BOUND('',#13115,.F.);
#13115 = EDGE_LOOP('',(#13116,#13137,#13138,#13139));
#13116 = ORIENTED_EDGE('',*,*,#13117,.T.);
#13117 = EDGE_CURVE('',#4851,#9159,#13118,.T.);
#13118 = SEAM_CURVE('',#13119,(#13123,#13130),.PCURVE_S1.);
#13119 = LINE('',#13120,#13121);
#13120 = CARTESIAN_POINT('',(52.1372,-30.7268,9.E-03));
#13121 = VECTOR('',#13122,1.);
#13122 = DIRECTION('',(0.,0.,1.));
#13123 = PCURVE('',#4871,#13124);
#13124 = DEFINITIONAL_REPRESENTATION('',(#13125),#13129);
#13125 = LINE('',#13126,#13127);
#13126 = CARTESIAN_POINT('',(0.,0.));
#13127 = VECTOR('',#13128,1.);
#13128 = DIRECTION('',(0.,-1.));
#13129 = ( GEOMETRIC_REPRESENTATION_CONTEXT(2) 
PARAMETRIC_REPRESENTATION_CONTEXT() REPRESENTATION_CONTEXT('2D SPACE',''
  ) );
#13130 = PCURVE('',#4871,#13131);
#13131 = DEFINITIONAL_REPRESENTATION('',(#13132),#13136);
#13132 = LINE('',#13133,#13134);
#13133 = CARTESIAN_POINT('',(6.28318530718,0.));
#13134 = VECTOR('',#13135,1.);
#13135 = DIRECTION('',(0.,-1.));
#13136 = ( GEOMETRIC_REPRESENTATION_CONTEXT(2) 
PARAMETRIC_REPRESENTATION_CONTEXT() REPRESENTATION_CONTEXT('2D SPACE',''
  ) );
#13137 = ORIENTED_EDGE('',*,*,#9158,.T.);
#13138 = ORIENTED_EDGE('',*,*,#13117,.F.);
#13139 = ORIENTED_EDGE('',*,*,#4850,.F.);
#13140 = ADVANCED_FACE('',(#13141),#4906,.F.);
#13141 = FACE_BOUND('',#13142,.F.);
#13142 = EDGE_LOOP('',(#13143,#13164,#13165,#13166));
#13143 = ORIENTED_EDGE('',*,*,#13144,.T.);
#13144 = EDGE_CURVE('',#4886,#9189,#13145,.T.);
#13145 = SEAM_CURVE('',#13146,(#13150,#13157),.PCURVE_S1.);
#13146 = LINE('',#13147,#13148);
#13147 = CARTESIAN_POINT('',(53.2557,-30.6153,9.E-03));
#13148 = VECTOR('',#13149,1.);
#13149 = DIRECTION('',(0.,0.,1.));
#13150 = PCURVE('',#4906,#13151);
#13151 = DEFINITIONAL_REPRESENTATION('',(#13152),#13156);
#13152 = LINE('',#13153,#13154);
#13153 = CARTESIAN_POINT('',(0.,0.));
#13154 = VECTOR('',#13155,1.);
#13155 = DIRECTION('',(0.,-1.));
#13156 = ( GEOMETRIC_REPRESENTATION_CONTEXT(2) 
PARAMETRIC_REPRESENTATION_CONTEXT() REPRESENTATION_CONTEXT('2D SPACE',''
  ) );
#13157 = PCURVE('',#4906,#13158);
#13158 = DEFINITIONAL_REPRESENTATION('',(#13159),#13163);
#13159 = LINE('',#13160,#13161);
#13160 = CARTESIAN_POINT('',(6.28318530718,0.));
#13161 = VECTOR('',#13162,1.);
#13162 = DIRECTION('',(0.,-1.));
#13163 = ( GEOMETRIC_REPRESENTATION_CONTEXT(2) 
PARAMETRIC_REPRESENTATION_CONTEXT() REPRESENTATION_CONTEXT('2D SPACE',''
  ) );
#13164 = ORIENTED_EDGE('',*,*,#9188,.T.);
#13165 = ORIENTED_EDGE('',*,*,#13144,.F.);
#13166 = ORIENTED_EDGE('',*,*,#4885,.F.);
#13167 = ADVANCED_FACE('',(#13168),#4941,.F.);
#13168 = FACE_BOUND('',#13169,.F.);
#13169 = EDGE_LOOP('',(#13170,#13191,#13192,#13193));
#13170 = ORIENTED_EDGE('',*,*,#13171,.T.);
#13171 = EDGE_CURVE('',#4921,#9219,#13172,.T.);
#13172 = SEAM_CURVE('',#13173,(#13177,#13184),.PCURVE_S1.);
#13173 = LINE('',#13174,#13175);
#13174 = CARTESIAN_POINT('',(43.4,-26.6084,9.E-03));
#13175 = VECTOR('',#13176,1.);
#13176 = DIRECTION('',(0.,0.,1.));
#13177 = PCURVE('',#4941,#13178);
#13178 = DEFINITIONAL_REPRESENTATION('',(#13179),#13183);
#13179 = LINE('',#13180,#13181);
#13180 = CARTESIAN_POINT('',(0.,0.));
#13181 = VECTOR('',#13182,1.);
#13182 = DIRECTION('',(0.,-1.));
#13183 = ( GEOMETRIC_REPRESENTATION_CONTEXT(2) 
PARAMETRIC_REPRESENTATION_CONTEXT() REPRESENTATION_CONTEXT('2D SPACE',''
  ) );
#13184 = PCURVE('',#4941,#13185);
#13185 = DEFINITIONAL_REPRESENTATION('',(#13186),#13190);
#13186 = LINE('',#13187,#13188);
#13187 = CARTESIAN_POINT('',(6.28318530718,0.));
#13188 = VECTOR('',#13189,1.);
#13189 = DIRECTION('',(0.,-1.));
#13190 = ( GEOMETRIC_REPRESENTATION_CONTEXT(2) 
PARAMETRIC_REPRESENTATION_CONTEXT() REPRESENTATION_CONTEXT('2D SPACE',''
  ) );
#13191 = ORIENTED_EDGE('',*,*,#9218,.T.);
#13192 = ORIENTED_EDGE('',*,*,#13171,.F.);
#13193 = ORIENTED_EDGE('',*,*,#4920,.F.);
#13194 = ADVANCED_FACE('',(#13195),#4976,.F.);
#13195 = FACE_BOUND('',#13196,.F.);
#13196 = EDGE_LOOP('',(#13197,#13218,#13219,#13220));
#13197 = ORIENTED_EDGE('',*,*,#13198,.T.);
#13198 = EDGE_CURVE('',#4956,#9249,#13199,.T.);
#13199 = SEAM_CURVE('',#13200,(#13204,#13211),.PCURVE_S1.);
#13200 = LINE('',#13201,#13202);
#13201 = CARTESIAN_POINT('',(45.0889,-27.5032,9.E-03));
#13202 = VECTOR('',#13203,1.);
#13203 = DIRECTION('',(0.,0.,1.));
#13204 = PCURVE('',#4976,#13205);
#13205 = DEFINITIONAL_REPRESENTATION('',(#13206),#13210);
#13206 = LINE('',#13207,#13208);
#13207 = CARTESIAN_POINT('',(0.,0.));
#13208 = VECTOR('',#13209,1.);
#13209 = DIRECTION('',(0.,-1.));
#13210 = ( GEOMETRIC_REPRESENTATION_CONTEXT(2) 
PARAMETRIC_REPRESENTATION_CONTEXT() REPRESENTATION_CONTEXT('2D SPACE',''
  ) );
#13211 = PCURVE('',#4976,#13212);
#13212 = DEFINITIONAL_REPRESENTATION('',(#13213),#13217);
#13213 = LINE('',#13214,#13215);
#13214 = CARTESIAN_POINT('',(6.28318530718,0.));
#13215 = VECTOR('',#13216,1.);
#13216 = DIRECTION('',(0.,-1.));
#13217 = ( GEOMETRIC_REPRESENTATION_CONTEXT(2) 
PARAMETRIC_REPRESENTATION_CONTEXT() REPRESENTATION_CONTEXT('2D SPACE',''
  ) );
#13218 = ORIENTED_EDGE('',*,*,#9248,.T.);
#13219 = ORIENTED_EDGE('',*,*,#13198,.F.);
#13220 = ORIENTED_EDGE('',*,*,#4955,.F.);
#13221 = ADVANCED_FACE('',(#13222),#5011,.F.);
#13222 = FACE_BOUND('',#13223,.F.);
#13223 = EDGE_LOOP('',(#13224,#13245,#13246,#13247));
#13224 = ORIENTED_EDGE('',*,*,#13225,.T.);
#13225 = EDGE_CURVE('',#4991,#9279,#13226,.T.);
#13226 = SEAM_CURVE('',#13227,(#13231,#13238),.PCURVE_S1.);
#13227 = LINE('',#13228,#13229);
#13228 = CARTESIAN_POINT('',(45.09,-26.7047,9.E-03));
#13229 = VECTOR('',#13230,1.);
#13230 = DIRECTION('',(0.,0.,1.));
#13231 = PCURVE('',#5011,#13232);
#13232 = DEFINITIONAL_REPRESENTATION('',(#13233),#13237);
#13233 = LINE('',#13234,#13235);
#13234 = CARTESIAN_POINT('',(0.,0.));
#13235 = VECTOR('',#13236,1.);
#13236 = DIRECTION('',(0.,-1.));
#13237 = ( GEOMETRIC_REPRESENTATION_CONTEXT(2) 
PARAMETRIC_REPRESENTATION_CONTEXT() REPRESENTATION_CONTEXT('2D SPACE',''
  ) );
#13238 = PCURVE('',#5011,#13239);
#13239 = DEFINITIONAL_REPRESENTATION('',(#13240),#13244);
#13240 = LINE('',#13241,#13242);
#13241 = CARTESIAN_POINT('',(6.28318530718,0.));
#13242 = VECTOR('',#13243,1.);
#13243 = DIRECTION('',(0.,-1.));
#13244 = ( GEOMETRIC_REPRESENTATION_CONTEXT(2) 
PARAMETRIC_REPRESENTATION_CONTEXT() REPRESENTATION_CONTEXT('2D SPACE',''
  ) );
#13245 = ORIENTED_EDGE('',*,*,#9278,.T.);
#13246 = ORIENTED_EDGE('',*,*,#13225,.F.);
#13247 = ORIENTED_EDGE('',*,*,#4990,.F.);
#13248 = ADVANCED_FACE('',(#13249),#5046,.F.);
#13249 = FACE_BOUND('',#13250,.F.);
#13250 = EDGE_LOOP('',(#13251,#13272,#13273,#13274));
#13251 = ORIENTED_EDGE('',*,*,#13252,.T.);
#13252 = EDGE_CURVE('',#5026,#9309,#13253,.T.);
#13253 = SEAM_CURVE('',#13254,(#13258,#13265),.PCURVE_S1.);
#13254 = LINE('',#13255,#13256);
#13255 = CARTESIAN_POINT('',(46.8734,-24.5599,9.E-03));
#13256 = VECTOR('',#13257,1.);
#13257 = DIRECTION('',(0.,0.,1.));
#13258 = PCURVE('',#5046,#13259);
#13259 = DEFINITIONAL_REPRESENTATION('',(#13260),#13264);
#13260 = LINE('',#13261,#13262);
#13261 = CARTESIAN_POINT('',(0.,0.));
#13262 = VECTOR('',#13263,1.);
#13263 = DIRECTION('',(0.,-1.));
#13264 = ( GEOMETRIC_REPRESENTATION_CONTEXT(2) 
PARAMETRIC_REPRESENTATION_CONTEXT() REPRESENTATION_CONTEXT('2D SPACE',''
  ) );
#13265 = PCURVE('',#5046,#13266);
#13266 = DEFINITIONAL_REPRESENTATION('',(#13267),#13271);
#13267 = LINE('',#13268,#13269);
#13268 = CARTESIAN_POINT('',(6.28318530718,0.));
#13269 = VECTOR('',#13270,1.);
#13270 = DIRECTION('',(0.,-1.));
#13271 = ( GEOMETRIC_REPRESENTATION_CONTEXT(2) 
PARAMETRIC_REPRESENTATION_CONTEXT() REPRESENTATION_CONTEXT('2D SPACE',''
  ) );
#13272 = ORIENTED_EDGE('',*,*,#9308,.T.);
#13273 = ORIENTED_EDGE('',*,*,#13252,.F.);
#13274 = ORIENTED_EDGE('',*,*,#5025,.F.);
#13275 = ADVANCED_FACE('',(#13276),#5081,.F.);
#13276 = FACE_BOUND('',#13277,.F.);
#13277 = EDGE_LOOP('',(#13278,#13299,#13300,#13301));
#13278 = ORIENTED_EDGE('',*,*,#13279,.T.);
#13279 = EDGE_CURVE('',#5061,#9339,#13280,.T.);
#13280 = SEAM_CURVE('',#13281,(#13285,#13292),.PCURVE_S1.);
#13281 = LINE('',#13282,#13283);
#13282 = CARTESIAN_POINT('',(48.1639,-22.2784,9.E-03));
#13283 = VECTOR('',#13284,1.);
#13284 = DIRECTION('',(0.,0.,1.));
#13285 = PCURVE('',#5081,#13286);
#13286 = DEFINITIONAL_REPRESENTATION('',(#13287),#13291);
#13287 = LINE('',#13288,#13289);
#13288 = CARTESIAN_POINT('',(0.,0.));
#13289 = VECTOR('',#13290,1.);
#13290 = DIRECTION('',(0.,-1.));
#13291 = ( GEOMETRIC_REPRESENTATION_CONTEXT(2) 
PARAMETRIC_REPRESENTATION_CONTEXT() REPRESENTATION_CONTEXT('2D SPACE',''
  ) );
#13292 = PCURVE('',#5081,#13293);
#13293 = DEFINITIONAL_REPRESENTATION('',(#13294),#13298);
#13294 = LINE('',#13295,#13296);
#13295 = CARTESIAN_POINT('',(6.28318530718,0.));
#13296 = VECTOR('',#13297,1.);
#13297 = DIRECTION('',(0.,-1.));
#13298 = ( GEOMETRIC_REPRESENTATION_CONTEXT(2) 
PARAMETRIC_REPRESENTATION_CONTEXT() REPRESENTATION_CONTEXT('2D SPACE',''
  ) );
#13299 = ORIENTED_EDGE('',*,*,#9338,.T.);
#13300 = ORIENTED_EDGE('',*,*,#13279,.F.);
#13301 = ORIENTED_EDGE('',*,*,#5060,.F.);
#13302 = ADVANCED_FACE('',(#13303),#5116,.F.);
#13303 = FACE_BOUND('',#13304,.F.);
#13304 = EDGE_LOOP('',(#13305,#13326,#13327,#13328));
#13305 = ORIENTED_EDGE('',*,*,#13306,.T.);
#13306 = EDGE_CURVE('',#5096,#9369,#13307,.T.);
#13307 = SEAM_CURVE('',#13308,(#13312,#13319),.PCURVE_S1.);
#13308 = LINE('',#13309,#13310);
#13309 = CARTESIAN_POINT('',(48.2298,-18.6498,9.E-03));
#13310 = VECTOR('',#13311,1.);
#13311 = DIRECTION('',(0.,0.,1.));
#13312 = PCURVE('',#5116,#13313);
#13313 = DEFINITIONAL_REPRESENTATION('',(#13314),#13318);
#13314 = LINE('',#13315,#13316);
#13315 = CARTESIAN_POINT('',(0.,0.));
#13316 = VECTOR('',#13317,1.);
#13317 = DIRECTION('',(0.,-1.));
#13318 = ( GEOMETRIC_REPRESENTATION_CONTEXT(2) 
PARAMETRIC_REPRESENTATION_CONTEXT() REPRESENTATION_CONTEXT('2D SPACE',''
  ) );
#13319 = PCURVE('',#5116,#13320);
#13320 = DEFINITIONAL_REPRESENTATION('',(#13321),#13325);
#13321 = LINE('',#13322,#13323);
#13322 = CARTESIAN_POINT('',(6.28318530718,0.));
#13323 = VECTOR('',#13324,1.);
#13324 = DIRECTION('',(0.,-1.));
#13325 = ( GEOMETRIC_REPRESENTATION_CONTEXT(2) 
PARAMETRIC_REPRESENTATION_CONTEXT() REPRESENTATION_CONTEXT('2D SPACE',''
  ) );
#13326 = ORIENTED_EDGE('',*,*,#9368,.T.);
#13327 = ORIENTED_EDGE('',*,*,#13306,.F.);
#13328 = ORIENTED_EDGE('',*,*,#5095,.F.);
#13329 = ADVANCED_FACE('',(#13330),#5151,.F.);
#13330 = FACE_BOUND('',#13331,.F.);
#13331 = EDGE_LOOP('',(#13332,#13353,#13354,#13355));
#13332 = ORIENTED_EDGE('',*,*,#13333,.T.);
#13333 = EDGE_CURVE('',#5131,#9399,#13334,.T.);
#13334 = SEAM_CURVE('',#13335,(#13339,#13346),.PCURVE_S1.);
#13335 = LINE('',#13336,#13337);
#13336 = CARTESIAN_POINT('',(49.8,-26.6146,9.E-03));
#13337 = VECTOR('',#13338,1.);
#13338 = DIRECTION('',(0.,0.,1.));
#13339 = PCURVE('',#5151,#13340);
#13340 = DEFINITIONAL_REPRESENTATION('',(#13341),#13345);
#13341 = LINE('',#13342,#13343);
#13342 = CARTESIAN_POINT('',(0.,0.));
#13343 = VECTOR('',#13344,1.);
#13344 = DIRECTION('',(0.,-1.));
#13345 = ( GEOMETRIC_REPRESENTATION_CONTEXT(2) 
PARAMETRIC_REPRESENTATION_CONTEXT() REPRESENTATION_CONTEXT('2D SPACE',''
  ) );
#13346 = PCURVE('',#5151,#13347);
#13347 = DEFINITIONAL_REPRESENTATION('',(#13348),#13352);
#13348 = LINE('',#13349,#13350);
#13349 = CARTESIAN_POINT('',(6.28318530718,0.));
#13350 = VECTOR('',#13351,1.);
#13351 = DIRECTION('',(0.,-1.));
#13352 = ( GEOMETRIC_REPRESENTATION_CONTEXT(2) 
PARAMETRIC_REPRESENTATION_CONTEXT() REPRESENTATION_CONTEXT('2D SPACE',''
  ) );
#13353 = ORIENTED_EDGE('',*,*,#9398,.T.);
#13354 = ORIENTED_EDGE('',*,*,#13333,.F.);
#13355 = ORIENTED_EDGE('',*,*,#5130,.F.);
#13356 = ADVANCED_FACE('',(#13357),#5186,.F.);
#13357 = FACE_BOUND('',#13358,.F.);
#13358 = EDGE_LOOP('',(#13359,#13380,#13381,#13382));
#13359 = ORIENTED_EDGE('',*,*,#13360,.T.);
#13360 = EDGE_CURVE('',#5166,#9429,#13361,.T.);
#13361 = SEAM_CURVE('',#13362,(#13366,#13373),.PCURVE_S1.);
#13362 = LINE('',#13363,#13364);
#13363 = CARTESIAN_POINT('',(53.1064,-27.039,9.E-03));
#13364 = VECTOR('',#13365,1.);
#13365 = DIRECTION('',(0.,0.,1.));
#13366 = PCURVE('',#5186,#13367);
#13367 = DEFINITIONAL_REPRESENTATION('',(#13368),#13372);
#13368 = LINE('',#13369,#13370);
#13369 = CARTESIAN_POINT('',(0.,0.));
#13370 = VECTOR('',#13371,1.);
#13371 = DIRECTION('',(0.,-1.));
#13372 = ( GEOMETRIC_REPRESENTATION_CONTEXT(2) 
PARAMETRIC_REPRESENTATION_CONTEXT() REPRESENTATION_CONTEXT('2D SPACE',''
  ) );
#13373 = PCURVE('',#5186,#13374);
#13374 = DEFINITIONAL_REPRESENTATION('',(#13375),#13379);
#13375 = LINE('',#13376,#13377);
#13376 = CARTESIAN_POINT('',(6.28318530718,0.));
#13377 = VECTOR('',#13378,1.);
#13378 = DIRECTION('',(0.,-1.));
#13379 = ( GEOMETRIC_REPRESENTATION_CONTEXT(2) 
PARAMETRIC_REPRESENTATION_CONTEXT() REPRESENTATION_CONTEXT('2D SPACE',''
  ) );
#13380 = ORIENTED_EDGE('',*,*,#9428,.T.);
#13381 = ORIENTED_EDGE('',*,*,#13360,.F.);
#13382 = ORIENTED_EDGE('',*,*,#5165,.F.);
#13383 = ADVANCED_FACE('',(#13384),#5221,.F.);
#13384 = FACE_BOUND('',#13385,.F.);
#13385 = EDGE_LOOP('',(#13386,#13407,#13408,#13409));
#13386 = ORIENTED_EDGE('',*,*,#13387,.T.);
#13387 = EDGE_CURVE('',#5201,#9459,#13388,.T.);
#13388 = SEAM_CURVE('',#13389,(#13393,#13400),.PCURVE_S1.);
#13389 = LINE('',#13390,#13391);
#13390 = CARTESIAN_POINT('',(51.996,-21.3522,9.E-03));
#13391 = VECTOR('',#13392,1.);
#13392 = DIRECTION('',(0.,0.,1.));
#13393 = PCURVE('',#5221,#13394);
#13394 = DEFINITIONAL_REPRESENTATION('',(#13395),#13399);
#13395 = LINE('',#13396,#13397);
#13396 = CARTESIAN_POINT('',(0.,0.));
#13397 = VECTOR('',#13398,1.);
#13398 = DIRECTION('',(0.,-1.));
#13399 = ( GEOMETRIC_REPRESENTATION_CONTEXT(2) 
PARAMETRIC_REPRESENTATION_CONTEXT() REPRESENTATION_CONTEXT('2D SPACE',''
  ) );
#13400 = PCURVE('',#5221,#13401);
#13401 = DEFINITIONAL_REPRESENTATION('',(#13402),#13406);
#13402 = LINE('',#13403,#13404);
#13403 = CARTESIAN_POINT('',(6.28318530718,0.));
#13404 = VECTOR('',#13405,1.);
#13405 = DIRECTION('',(0.,-1.));
#13406 = ( GEOMETRIC_REPRESENTATION_CONTEXT(2) 
PARAMETRIC_REPRESENTATION_CONTEXT() REPRESENTATION_CONTEXT('2D SPACE',''
  ) );
#13407 = ORIENTED_EDGE('',*,*,#9458,.T.);
#13408 = ORIENTED_EDGE('',*,*,#13387,.F.);
#13409 = ORIENTED_EDGE('',*,*,#5200,.F.);
#13410 = ADVANCED_FACE('',(#13411),#5256,.F.);
#13411 = FACE_BOUND('',#13412,.F.);
#13412 = EDGE_LOOP('',(#13413,#13434,#13435,#13436));
#13413 = ORIENTED_EDGE('',*,*,#13414,.T.);
#13414 = EDGE_CURVE('',#5236,#9489,#13415,.T.);
#13415 = SEAM_CURVE('',#13416,(#13420,#13427),.PCURVE_S1.);
#13416 = LINE('',#13417,#13418);
#13417 = CARTESIAN_POINT('',(50.0463,-20.7373,9.E-03));
#13418 = VECTOR('',#13419,1.);
#13419 = DIRECTION('',(0.,0.,1.));
#13420 = PCURVE('',#5256,#13421);
#13421 = DEFINITIONAL_REPRESENTATION('',(#13422),#13426);
#13422 = LINE('',#13423,#13424);
#13423 = CARTESIAN_POINT('',(0.,0.));
#13424 = VECTOR('',#13425,1.);
#13425 = DIRECTION('',(0.,-1.));
#13426 = ( GEOMETRIC_REPRESENTATION_CONTEXT(2) 
PARAMETRIC_REPRESENTATION_CONTEXT() REPRESENTATION_CONTEXT('2D SPACE',''
  ) );
#13427 = PCURVE('',#5256,#13428);
#13428 = DEFINITIONAL_REPRESENTATION('',(#13429),#13433);
#13429 = LINE('',#13430,#13431);
#13430 = CARTESIAN_POINT('',(6.28318530718,0.));
#13431 = VECTOR('',#13432,1.);
#13432 = DIRECTION('',(0.,-1.));
#13433 = ( GEOMETRIC_REPRESENTATION_CONTEXT(2) 
PARAMETRIC_REPRESENTATION_CONTEXT() REPRESENTATION_CONTEXT('2D SPACE',''
  ) );
#13434 = ORIENTED_EDGE('',*,*,#9488,.T.);
#13435 = ORIENTED_EDGE('',*,*,#13414,.F.);
#13436 = ORIENTED_EDGE('',*,*,#5235,.F.);
#13437 = ( GEOMETRIC_REPRESENTATION_CONTEXT(3) 
GLOBAL_UNCERTAINTY_ASSIGNED_CONTEXT((#13441)) 
GLOBAL_UNIT_ASSIGNED_CONTEXT((#13438,#13439,#13440)) 
REPRESENTATION_CONTEXT('Context #1',
  '3D Context with UNIT and UNCERTAINTY') );
#13438 = ( LENGTH_UNIT() NAMED_UNIT(*) SI_UNIT(.MILLI.,.METRE.) );
#13439 = ( NAMED_UNIT(*) PLANE_ANGLE_UNIT() SI_UNIT($,.RADIAN.) );
#13440 = ( NAMED_UNIT(*) SI_UNIT($,.STERADIAN.) SOLID_ANGLE_UNIT() );
#13441 = UNCERTAINTY_MEASURE_WITH_UNIT(LENGTH_MEASURE(1.E-07),#13438,
  'distance_accuracy_value','confusion accuracy');
#13442 = PRODUCT_RELATED_PRODUCT_CATEGORY('part',$,(#7));
ENDSEC;
END-ISO-10303-21;
